Descriptor,Model,Train_Fraction,Train_Percent,Repeat,Fold,Heldout_Substrate,R2(train),MAE(train),RMSE(train),R2(test),MAE(test),RMSE(test),n_train_full,n_train_used,n_test
dg_ch3,GPR[Matern_1.5 + White],0.01,1,1,1,C1,0.9999999999999535,2.4740997346695537e-07,3.505060476521908e-07,0.8867050681978731,0.28321522789284764,0.3521000036078429,6048,61,841
dg_ch3,GPR[Matern_1.5 + White],0.01,1,1,2,C12,0.9994495824801968,0.018088110968888464,0.023879852130210048,0.917410156743782,0.3442162125566379,0.42051099769348105,6210,63,679
dg_ch3,GPR[Matern_1.5 + White],0.01,1,1,3,C13,0.9979465413008971,0.04190260521528136,0.05398189382846051,0.9260891829565092,0.30283321959079806,0.37799531127818403,6483,65,406
dg_ch3,GPR[Matern_1.5 + White],0.01,1,1,4,C14,0.997074084762244,0.05226909391132604,0.07163087966261718,0.80319079287561,0.3964589056151907,0.4824506377424532,6471,65,418
dg_ch3,GPR[Matern_1.5 + White],0.01,1,1,5,C17,0.9953328403656957,0.07347610741907479,0.08980249307087106,0.8632526447589345,0.27347253514673425,0.3745110986797207,6082,61,807
dg_ch3,GPR[Matern_1.5 + White],0.01,1,1,6,C18,0.9941968795579118,0.056818180489357197,0.07956732586747599,0.9083055253785156,0.3622146725405728,0.4643765575541781,6285,63,604
dg_ch3,GPR[Matern_1.5 + White],0.01,1,1,7,C19,0.9818968037667635,0.1052591718535432,0.1575851696603221,0.9056511651347746,0.31099656464969705,0.40912690698883764,6206,63,683
dg_ch3,GPR[Matern_1.5 + White],0.01,1,1,8,C2,0.9908464505052333,0.09110889068910574,0.12469615001058615,0.9510110888449503,0.18197764712715195,0.22844983228557428,6147,62,742
dg_ch3,GPR[Matern_1.5 + White],0.01,1,1,9,C3,0.9941253406253284,0.0728490408167637,0.09964456431763455,0.9011163592641,0.2099761350127267,0.2812107276488466,5729,58,1160
dg_ch3,GPR[Matern_1.5 + White],0.01,1,1,10,C4,0.9956490657169935,0.053509510840398136,0.07320124605284503,0.5577867088950795,0.5891753125047047,0.6726479901554919,6340,64,549
dg_ch3,GPR[Matern_1.5 + White],0.01,1,2,1,C1,0.9992142099501237,0.02585608552488234,0.03786292720952518,0.7994498857320027,0.3860979294284801,0.46845971002123726,6048,61,841
dg_ch3,GPR[Matern_1.5 + White],0.01,1,2,2,C12,0.9884697846579277,0.0837586379241046,0.10995131709160047,0.8552791590042306,0.43342739341520853,0.5566466199720287,6210,63,679
dg_ch3,GPR[Matern_1.5 + White],0.01,1,2,3,C13,0.9990055128742857,0.028084768937913597,0.04083384409619642,0.9272811317964593,0.3008168909527687,0.37493498546917986,6483,65,406
dg_ch3,GPR[Matern_1.5 + White],0.01,1,2,4,C14,0.9999734941415,0.0047473260370901335,0.007194008544518698,0.7183862881550145,0.5012861596927956,0.5771079771065974,6471,65,418
dg_ch3,GPR[Matern_1.5 + White],0.01,1,2,5,C17,0.9966786388194947,0.06057852034735247,0.07966786779232729,0.8734766263478135,0.26864377302070974,0.3602388989421146,6082,61,807
dg_ch3,GPR[Matern_1.5 + White],0.01,1,2,6,C18,0.9998713369983654,0.00957738346359044,0.012071804750859814,0.9058623670920752,0.35852901758837113,0.4705224409926725,6285,63,604
dg_ch3,GPR[Matern_1.5 + White],0.01,1,2,7,C19,0.99829052961196,0.037104326159799805,0.0522827725045169,0.9230399778158315,0.301942560725395,0.3695067395695115,6206,63,683
dg_ch3,GPR[Matern_1.5 + White],0.01,1,2,8,C2,0.9988184173560672,0.03522861822862148,0.04549343685656944,0.9039308463879129,0.25434922809291743,0.31991450564251633,6147,62,742
dg_ch3,GPR[Matern_1.5 + White],0.01,1,2,9,C3,0.9999999999999319,2.2453293154880504e-07,3.5407618438223344e-07,0.8034909914088091,0.3157349068963634,0.3964248699861398,5729,58,1160
dg_ch3,GPR[Matern_1.5 + White],0.01,1,2,10,C4,0.9923787982930171,0.06939587353209578,0.09458225637523225,0.6312116134110807,0.5064973539591019,0.6142717902503338,6340,64,549
dg_ch3,GPR[Matern_1.5 + White],0.01,1,3,1,C1,0.9977096723551526,0.0434454901896906,0.06000334344386957,0.8840199581497946,0.29051278192204866,0.3562479869177805,6048,61,841
dg_ch3,GPR[Matern_1.5 + White],0.01,1,3,2,C12,0.9918265220489351,0.0884070719321071,0.11344577195594771,0.9509001333392821,0.2643873278539235,0.3242307447600349,6210,63,679
dg_ch3,GPR[Matern_1.5 + White],0.01,1,3,3,C13,0.9986647353433269,0.027934216445412857,0.03734813909383464,0.832950340751923,0.4338509450727537,0.5682706264969395,6483,65,406
dg_ch3,GPR[Matern_1.5 + White],0.01,1,3,4,C14,0.9989632054764138,0.029924469290480447,0.039641613936422,0.822046511660491,0.3531187400467308,0.45875776875630025,6471,65,418
dg_ch3,GPR[Matern_1.5 + White],0.01,1,3,5,C17,0.9993255107166068,0.02099920187998855,0.027752285783733906,0.9322191243332941,0.2053977099895912,0.2636688423417648,6082,61,807
dg_ch3,GPR[Matern_1.5 + White],0.01,1,3,6,C18,0.9893704133585927,0.09052202467536033,0.11149182495211135,0.9083318398933683,0.3796074392156562,0.46430991929319715,6285,63,604
dg_ch3,GPR[Matern_1.5 + White],0.01,1,3,7,C19,0.9999999999998266,3.852254492750022e-07,5.226967858251065e-07,0.9327028722716961,0.27169480876307345,0.3455318109460195,6206,63,683
dg_ch3,GPR[Matern_1.5 + White],0.01,1,3,8,C2,0.9999995807617084,0.0005042066827305279,0.0008330065452412517,0.9064452103463977,0.24226194243484406,0.3157002773960751,6147,62,742
dg_ch3,GPR[Matern_1.5 + White],0.01,1,3,9,C3,0.9967861234235919,0.05165301147930426,0.06404025637485546,0.8473034164109245,0.2630164960617512,0.34944941702855936,5729,58,1160
dg_ch3,GPR[Matern_1.5 + White],0.01,1,3,10,C4,0.997721749651011,0.03640622694772561,0.05007628690583348,0.6784256962553635,0.49125035247170723,0.5736045955467622,6340,64,549
dg_ch3,GPR[Matern_1.5 + White],0.01,1,4,1,C1,0.9843797192252942,0.09168317714622949,0.12458088363875733,0.7196933103903935,0.4389879143464388,0.5538313295282645,6048,61,841
dg_ch3,GPR[Matern_1.5 + White],0.01,1,4,2,C12,0.9998566296276644,0.008891812052273008,0.012628567830630766,0.9066364046178746,0.36446111350440524,0.4470980970522054,6210,63,679
dg_ch3,GPR[Matern_1.5 + White],0.01,1,4,3,C13,0.9845352104701607,0.12508379352661755,0.1598130358612618,0.876242589963859,0.40659239630223915,0.48912292352194076,6483,65,406
dg_ch3,GPR[Matern_1.5 + White],0.01,1,4,4,C14,0.9974586898162662,0.036037980158317405,0.0474814273497519,0.8250345178671786,0.36549454315611535,0.454889977154408,6471,65,418
dg_ch3,GPR[Matern_1.5 + White],0.01,1,4,5,C17,0.999999999999931,2.303758536412136e-07,2.9360698359332853e-07,0.7903625866972737,0.33892360255448684,0.4637026960328373,6082,61,807
dg_ch3,GPR[Matern_1.5 + White],0.01,1,4,6,C18,0.9955616737321791,0.06746801121185901,0.08434639770625317,0.9321378004698853,0.3058191332424673,0.39949621631086035,6285,63,604
dg_ch3,GPR[Matern_1.5 + White],0.01,1,4,7,C19,0.9979128218194132,0.046451052231545255,0.05659801376448216,0.9264019470441545,0.2962426801701817,0.36134573623160193,6206,63,683
dg_ch3,GPR[Matern_1.5 + White],0.01,1,4,8,C2,0.9873933631067614,0.0900420845853043,0.11994629166015638,0.86659630286452,0.2853146653763073,0.37698657358294196,6147,62,742
dg_ch3,GPR[Matern_1.5 + White],0.01,1,4,9,C3,0.9971990419013605,0.04913052067974533,0.06306735343468943,0.8775081770220305,0.2528439247481798,0.31298477295005456,5729,58,1160
dg_ch3,GPR[Matern_1.5 + White],0.01,1,4,10,C4,0.9931321343899517,0.07563164426794727,0.10827490792380169,0.5572510916524003,0.6058249216902029,0.6730552289698434,6340,64,549
dg_ch3,GPR[Matern_1.5 + White],0.01,1,5,1,C1,0.9877429763894784,0.11335192565104467,0.13955119041868536,0.7930507434866607,0.39855419603821896,0.47587481786451524,6048,61,841
dg_ch3,GPR[Matern_1.5 + White],0.01,1,5,2,C12,0.9966633254605894,0.052324266663428744,0.07308699459812754,0.9405479467321919,0.2857032669401036,0.35677750709647554,6210,63,679
dg_ch3,GPR[Matern_1.5 + White],0.01,1,5,3,C13,0.9892988298798666,0.08606977539099253,0.1194989559985149,0.8858083983703003,0.39204935013726977,0.46983946506820023,6483,65,406
dg_ch3,GPR[Matern_1.5 + White],0.01,1,5,4,C14,0.9948930950155618,0.06129389484333169,0.08526512373418224,0.8902662871324195,0.29205113569460245,0.36024686981399356,6471,65,418
dg_ch3,GPR[Matern_1.5 + White],0.01,1,5,5,C17,0.9997165533590375,0.01635129126438339,0.021443213167683932,0.8980524646478119,0.25096408298723777,0.32336543093568854,6082,61,807
dg_ch3,GPR[Matern_1.5 + White],0.01,1,5,6,C18,0.9853902121953209,0.09388643598170185,0.12482271399325252,0.84784127237584,0.45967700514983734,0.5982010052413937,6285,63,604
dg_ch3,GPR[Matern_1.5 + White],0.01,1,5,7,C19,0.9964070246031111,0.05048741945984758,0.07193366843477739,0.9171498353791039,0.2851778244879442,0.3833861853606451,6206,63,683
dg_ch3,GPR[Matern_1.5 + White],0.01,1,5,8,C2,0.998898260690986,0.030267307583718896,0.043614403603104084,0.913943491195992,0.23749724728226151,0.30278462036951154,6147,62,742
dg_ch3,GPR[Matern_1.5 + White],0.01,1,5,9,C3,0.9984843753251486,0.029217366615560195,0.04348463120798578,0.856960393865661,0.2724254009848259,0.3382188534287791,5729,58,1160
dg_ch3,GPR[Matern_1.5 + White],0.01,1,5,10,C4,0.9985623065079742,0.03513378107298025,0.0452315975744562,0.46580795107296535,0.6484319941480955,0.7392999262820807,6340,64,549
dg_ch3,GPR[Matern_1.5 + White],0.01,1,6,1,C1,0.9840805556326718,0.09837120311713897,0.1374681360137112,0.8572103785080704,0.34220383421399353,0.3952838852050327,6048,61,841
dg_ch3,GPR[Matern_1.5 + White],0.01,1,6,2,C12,0.9898113569999303,0.09021425441080921,0.11919989888139677,0.9108657977096256,0.3524540040478471,0.4368539114182871,6210,63,679
dg_ch3,GPR[Matern_1.5 + White],0.01,1,6,3,C13,0.9966656898538797,0.04786606825131835,0.06311630155586641,0.8397578582641989,0.44450249684591553,0.5565712664362822,6483,65,406
dg_ch3,GPR[Matern_1.5 + White],0.01,1,6,4,C14,0.9779994276627096,0.11279654340223545,0.14025916138212166,0.8293597434889668,0.38372320124548553,0.4492322502738971,6471,65,418
dg_ch3,GPR[Matern_1.5 + White],0.01,1,6,5,C17,0.9966648281638354,0.05313272817596164,0.06791256249692644,0.9009099094449011,0.2370047799871125,0.31880148626761573,6082,61,807
dg_ch3,GPR[Matern_1.5 + White],0.01,1,6,6,C18,0.9999598586245221,0.0056190213160602475,0.008053008844105328,0.9050393816321337,0.3738944583643909,0.4725747045865068,6285,63,604
dg_ch3,GPR[Matern_1.5 + White],0.01,1,6,7,C19,0.994625305800796,0.06333815845701526,0.08176527529486229,0.9004921545313297,0.32467747684783244,0.42016360771747596,6206,63,683
dg_ch3,GPR[Matern_1.5 + White],0.01,1,6,8,C2,0.9825212123305821,0.11380385307839681,0.14777483640566302,0.899399085354397,0.2405923323793323,0.3273730426418332,6147,62,742
dg_ch3,GPR[Matern_1.5 + White],0.01,1,6,9,C3,0.9899456242166755,0.09842089756896402,0.12650496508371942,0.8044136915038589,0.29702031681390734,0.39549307643465376,5729,58,1160
dg_ch3,GPR[Matern_1.5 + White],0.01,1,6,10,C4,0.9977731118923278,0.03905526572688885,0.05428222682045207,0.5854479157083826,0.5684658896582246,0.651270646732039,6340,64,549
dg_ch3,GPR[Matern_1.5 + White],0.01,1,7,1,C1,0.998054175463925,0.04113634719431912,0.05289913819660785,0.8930818239746477,0.27653689562374156,0.3420476090439812,6048,61,841
dg_ch3,GPR[Matern_1.5 + White],0.01,1,7,2,C12,0.9794361759222836,0.11713276126460632,0.14449701254396533,0.8895447790751415,0.3876867782950529,0.4863032386181503,6210,63,679
dg_ch3,GPR[Matern_1.5 + White],0.01,1,7,3,C13,0.9992564768944012,0.02511477150677337,0.03237859730830502,0.8671920189320976,0.3896042934419033,0.5066925263315407,6483,65,406
dg_ch3,GPR[Matern_1.5 + White],0.01,1,7,4,C14,0.9834094537725251,0.11343898540654494,0.14173786638077762,0.7413792624771844,0.4500406723021453,0.55304675939482,6471,65,418
dg_ch3,GPR[Matern_1.5 + White],0.01,1,7,5,C17,0.9944579841913914,0.0737496650580549,0.09634623291415544,0.9079882122521521,0.23823493382146907,0.3072040658187955,6082,61,807
dg_ch3,GPR[Matern_1.5 + White],0.01,1,7,6,C18,0.9982225454858995,0.03413243878818414,0.04969915879692974,0.9134811173150178,0.3630837463634863,0.4510806064612524,6285,63,604
dg_ch3,GPR[Matern_1.5 + White],0.01,1,7,7,C19,0.9930532713619575,0.0726103384541475,0.09618805544832434,0.9129804957997699,0.30130042634203424,0.3929145163204938,6206,63,683
dg_ch3,GPR[Matern_1.5 + White],0.01,1,7,8,C2,0.9899181457260591,0.08748199394613018,0.11660446875825999,0.9269296962034644,0.21858029710896862,0.2790052700746457,6147,62,742
dg_ch3,GPR[Matern_1.5 + White],0.01,1,7,9,C3,0.9986084588123686,0.03964165083750334,0.05178162450079993,0.6265219371372536,0.4268098135522103,0.5465151542068247,5729,58,1160
dg_ch3,GPR[Matern_1.5 + White],0.01,1,7,10,C4,0.9937999236177578,0.06735168340420196,0.08584889127316228,0.7210090799667479,0.45561821426068155,0.5342776260924342,6340,64,549
dg_ch3,GPR[Matern_1.5 + White],0.01,1,8,1,C1,0.9843263645524012,0.09492333643195422,0.11795890585406671,0.776035294587109,0.4027245634303453,0.4950517271121115,6048,61,841
dg_ch3,GPR[Matern_1.5 + White],0.01,1,8,2,C12,0.9950732498603017,0.0563357581040919,0.08577303463899957,0.9394054971741771,0.29184767918019083,0.3601891701924115,6210,63,679
dg_ch3,GPR[Matern_1.5 + White],0.01,1,8,3,C13,0.9998824224259389,0.009984774491039442,0.012895366610412597,0.9075270666773154,0.3432660311758456,0.42280462391484697,6483,65,406
dg_ch3,GPR[Matern_1.5 + White],0.01,1,8,4,C14,0.9972230891565791,0.04600761442507744,0.0641612581587938,0.41410018395816284,0.5501179918383733,0.8324187610677668,6471,65,418
dg_ch3,GPR[Matern_1.5 + White],0.01,1,8,5,C17,0.9999999999998496,3.2915707850794766e-07,4.3033489767323226e-07,0.9014344519855716,0.24393934526826663,0.31795656406853895,6082,61,807
dg_ch3,GPR[Matern_1.5 + White],0.01,1,8,6,C18,0.9976601521954044,0.04400281190183839,0.05583027020942168,0.9264752201086761,0.326019145320893,0.41582976330895843,6285,63,604
dg_ch3,GPR[Matern_1.5 + White],0.01,1,8,7,C19,0.9989791754545859,0.028346479884703076,0.034100287493695224,0.9251009153340919,0.28736378954716735,0.3645255946368964,6206,63,683
dg_ch3,GPR[Matern_1.5 + White],0.01,1,8,8,C2,0.9989266467310409,0.020238923058550937,0.027922679132830145,0.8420746644604341,0.29325321640449054,0.4101737415546772,6147,62,742
dg_ch3,GPR[Matern_1.5 + White],0.01,1,8,9,C3,0.9999999999995747,4.0900383185970345e-07,6.318736752262051e-07,0.8691899389860211,0.22976481933225806,0.3234373978031032,5729,58,1160
dg_ch3,GPR[Matern_1.5 + White],0.01,1,8,10,C4,0.9987474884611935,0.03153083264627643,0.04362935688810339,0.36861749277897093,0.7170570109769355,0.8037448918219534,6340,64,549
dg_ch3,GPR[Matern_1.5 + White],0.01,1,9,1,C1,0.9798394116869849,0.11517625407291364,0.14780401873011717,0.8732537803846229,0.31681504636521035,0.3724159696052481,6048,61,841
dg_ch3,GPR[Matern_1.5 + White],0.01,1,9,2,C12,0.9862266168981594,0.08427338503882856,0.11188928227854979,0.49082984716496436,0.7570785002930991,1.0441081995829717,6210,63,679
dg_ch3,GPR[Matern_1.5 + White],0.01,1,9,3,C13,0.9903685505104866,0.08622725218127275,0.1206947032072525,0.8539240466046487,0.4145062501330381,0.5314002763931196,6483,65,406
dg_ch3,GPR[Matern_1.5 + White],0.01,1,9,4,C14,0.995785456090415,0.06569607789643866,0.09061663021105093,0.890086089341026,0.2985908566646965,0.36054253584198953,6471,65,418
dg_ch3,GPR[Matern_1.5 + White],0.01,1,9,5,C17,0.9986943193366138,0.03161895614676435,0.041336831555845596,0.8969208780338495,0.25124465704882903,0.3251551073571356,6082,61,807
dg_ch3,GPR[Matern_1.5 + White],0.01,1,9,6,C18,0.9847982398381878,0.11466120591392158,0.14858421209031666,0.9222547055627102,0.35181946276574805,0.4275980941535704,6285,63,604
dg_ch3,GPR[Matern_1.5 + White],0.01,1,9,7,C19,0.9966086434770746,0.049645643135419096,0.06361691412430996,0.9099352896835379,0.3069726086811639,0.39973032824522714,6206,63,683
dg_ch3,GPR[Matern_1.5 + White],0.01,1,9,8,C2,0.9991431548268347,0.026122173269807248,0.0340693714593431,0.855597647696599,0.2641698490901162,0.39221941186755294,6147,62,742
dg_ch3,GPR[Matern_1.5 + White],0.01,1,9,9,C3,0.996476784210578,0.05565647442969799,0.07588481871823577,0.8396756435043433,0.2801895902930934,0.3580712174336674,5729,58,1160
dg_ch3,GPR[Matern_1.5 + White],0.01,1,9,10,C4,0.9963870694610053,0.04430481410060504,0.0635048856312872,0.7417049031584046,0.4183378080879136,0.5140792021430861,6340,64,549
dg_ch3,GPR[Matern_1.5 + White],0.01,1,10,1,C1,0.9945613546838038,0.06552254299849446,0.09460814014305285,0.7608289227019349,0.4265948276751807,0.5115818383643221,6048,61,841
dg_ch3,GPR[Matern_1.5 + White],0.01,1,10,2,C12,0.9987692773500237,0.03082542189784232,0.03840263830840783,0.9102899594535157,0.34624445663317027,0.4382627545347101,6210,63,679
dg_ch3,GPR[Matern_1.5 + White],0.01,1,10,3,C13,0.9976081242383472,0.033263032354719266,0.04915089703616615,0.8878548027390858,0.37886375403097144,0.46561048419488843,6483,65,406
dg_ch3,GPR[Matern_1.5 + White],0.01,1,10,4,C14,0.9999758545877334,0.003923223753408124,0.005439275509131646,0.7692297628202873,0.42123031745121253,0.5224203396145676,6471,65,418
dg_ch3,GPR[Matern_1.5 + White],0.01,1,10,5,C17,0.9967783799162393,0.05101203598078557,0.07119398746434252,0.8736083989575639,0.2766289938872533,0.3600512577787463,6082,61,807
dg_ch3,GPR[Matern_1.5 + White],0.01,1,10,6,C18,0.998881819098778,0.029173383101890594,0.038295423891370285,0.8666864086079804,0.43976035127661395,0.559932813008831,6285,63,604
dg_ch3,GPR[Matern_1.5 + White],0.01,1,10,7,C19,0.9925111285228108,0.076648660017707,0.10424498690513753,0.8876714209604158,0.3369711314248369,0.4464110174658916,6206,63,683
dg_ch3,GPR[Matern_1.5 + White],0.01,1,10,8,C2,0.9932242766251489,0.08583374269548687,0.11240850089307129,0.9164955583362528,0.23141566130122393,0.29826118462326534,6147,62,742
dg_ch3,GPR[Matern_1.5 + White],0.01,1,10,9,C3,0.9936888255793368,0.07497161701090672,0.0997908865924248,0.727239389607995,0.36327213840669437,0.46704689262415316,5729,58,1160
dg_ch3,GPR[Matern_1.5 + White],0.01,1,10,10,C4,0.9977519161735416,0.04468930114733051,0.058601261985188,0.5650342203640182,0.5658703755789831,0.6671131454249852,6340,64,549
dg_ch3,GPR[Matern_1.5 + White],0.02,2,1,1,C1,0.9942494454974,0.08377568051570199,0.10531436343325991,0.9267035105424201,0.23618630138784108,0.28320595145893823,6048,121,841
dg_ch3,GPR[Matern_1.5 + White],0.02,2,1,2,C12,0.9987663954293378,0.03148489001279206,0.04056864389106664,0.9468255800250783,0.2795855794448062,0.33741580230056184,6210,125,679
dg_ch3,GPR[Matern_1.5 + White],0.02,2,1,3,C13,0.9948307946445561,0.06273319515084806,0.084873151102816,0.9237429723317898,0.3168172555386469,0.3839479454031422,6483,130,406
dg_ch3,GPR[Matern_1.5 + White],0.02,2,1,4,C14,0.9951961368111311,0.06202058747393406,0.0837270849418574,0.8478625437590104,0.31384419286472853,0.42417811148756446,6471,130,418
dg_ch3,GPR[Matern_1.5 + White],0.02,2,1,5,C17,0.9858741821762222,0.11170572219461748,0.14446341072873445,0.9309937360268163,0.20636147569616095,0.2660415579182199,6082,122,807
dg_ch3,GPR[Matern_1.5 + White],0.02,2,1,6,C18,0.9886516983365262,0.08221245945449807,0.10904840890588956,0.9293250452008213,0.31214810339028615,0.40769132851212303,6285,126,604
dg_ch3,GPR[Matern_1.5 + White],0.02,2,1,7,C19,0.9819304971638174,0.10496044318428452,0.14851505237260382,0.9348068586373091,0.26553050535423156,0.3400875441985479,6206,125,683
dg_ch3,GPR[Matern_1.5 + White],0.02,2,1,8,C2,0.9851975072080053,0.10214873444121202,0.13648635862454148,0.9320711526468558,0.2043365455174382,0.26901040160983974,6147,123,742
dg_ch3,GPR[Matern_1.5 + White],0.02,2,1,9,C3,0.9938736102539872,0.07845437128310047,0.10664500143907664,0.9059489403190579,0.2036856200198392,0.27425307563424334,5729,115,1160
dg_ch3,GPR[Matern_1.5 + White],0.02,2,1,10,C4,0.9893910251611409,0.08524959227354477,0.10946078764265027,0.6288086395378343,0.5263456567087015,0.6162697956607583,6340,127,549
dg_ch3,GPR[Matern_1.5 + White],0.02,2,2,1,C1,0.9904055980877384,0.1028593184967075,0.1325451725965555,0.8658472067181431,0.3055495213886828,0.38314278194962836,6048,121,841
dg_ch3,GPR[Matern_1.5 + White],0.02,2,2,2,C12,0.9939751563915973,0.057173177698867046,0.07645192714184182,0.8956568839611765,0.35811530611663805,0.47265683068255526,6210,125,679
dg_ch3,GPR[Matern_1.5 + White],0.02,2,2,3,C13,0.9912384678870756,0.08326475503526026,0.1145959587392381,0.912871741294176,0.3269108611341299,0.41040432462143017,6483,130,406
dg_ch3,GPR[Matern_1.5 + White],0.02,2,2,4,C14,0.9970822289351317,0.053242352431803364,0.06910403749098354,0.43253945151912754,0.7215190699196282,0.8192152263160809,6471,130,418
dg_ch3,GPR[Matern_1.5 + White],0.02,2,2,5,C17,0.9920527133187117,0.08953971024597365,0.11420364756430482,0.9163507771188856,0.21867704851865766,0.292911336270821,6082,122,807
dg_ch3,GPR[Matern_1.5 + White],0.02,2,2,6,C18,0.9965782313457491,0.05160018842837289,0.07237916744818232,0.9518539470008123,0.26598201192601095,0.3364953361931705,6285,126,604
dg_ch3,GPR[Matern_1.5 + White],0.02,2,2,7,C19,0.9978983696234813,0.041331132128254226,0.05495118453744385,0.92745072849071,0.28990858452375706,0.35876188722427144,6206,125,683
dg_ch3,GPR[Matern_1.5 + White],0.02,2,2,8,C2,0.988275547736158,0.1077430323535847,0.13941579750514985,0.9247992503760574,0.2124625015727965,0.2830434016915857,6147,123,742
dg_ch3,GPR[Matern_1.5 + White],0.02,2,2,9,C3,0.9908087635197061,0.08657912322531965,0.12431238018640912,0.9128199395914608,0.19463229527565237,0.2640451793009453,5729,115,1160
dg_ch3,GPR[Matern_1.5 + White],0.02,2,2,10,C4,0.9848522733217169,0.09391942059012544,0.13318248191540524,0.5737006916413765,0.5462077142175435,0.6604337626438088,6340,127,549
dg_ch3,GPR[Matern_1.5 + White],0.02,2,3,1,C1,0.9927605229623997,0.0822789545956626,0.10930591447308774,0.8758716184158524,0.3035565731369405,0.36854993152930665,6048,121,841
dg_ch3,GPR[Matern_1.5 + White],0.02,2,3,2,C12,0.9870944465817185,0.0963819410473057,0.1281242683911962,0.9474043412487315,0.26178499578972597,0.33557452721167924,6210,125,679
dg_ch3,GPR[Matern_1.5 + White],0.02,2,3,3,C13,0.9889577160726152,0.08943245729320659,0.11776155044747386,0.917210156878373,0.3242840447807449,0.4000561406918411,6483,130,406
dg_ch3,GPR[Matern_1.5 + White],0.02,2,3,4,C14,0.9984292545777218,0.0377413832322591,0.04914366302297355,0.8880632442741818,0.28221938745709463,0.363845105195557,6471,130,418
dg_ch3,GPR[Matern_1.5 + White],0.02,2,3,5,C17,0.9974149963372037,0.04652603320269344,0.0601149625666819,0.9328683822932443,0.19367116948140484,0.2624029910688287,6082,122,807
dg_ch3,GPR[Matern_1.5 + White],0.02,2,3,6,C18,0.9823790294244865,0.12079083719536206,0.151972381429413,0.9371923590405179,0.3046082284895856,0.38433058359301314,6285,126,604
dg_ch3,GPR[Matern_1.5 + White],0.02,2,3,7,C19,0.9935092724287812,0.07078095940583176,0.10131910340751743,0.9152588561669611,0.3031086061371702,0.3877367206379633,6206,125,683
dg_ch3,GPR[Matern_1.5 + White],0.02,2,3,8,C2,0.9974636173052943,0.042998107316396514,0.05884231535261228,0.936933279050979,0.19630932838595458,0.2592042247224789,6147,123,742
dg_ch3,GPR[Matern_1.5 + White],0.02,2,3,9,C3,0.9981756429692502,0.043691414048959896,0.0568636898513504,0.8698374307544811,0.23169291212865856,0.32263591950604764,5729,115,1160
dg_ch3,GPR[Matern_1.5 + White],0.02,2,3,10,C4,0.9863814565087532,0.0869620604675634,0.11826409935626207,0.7334770260937764,0.4409574901442976,0.5222028988962145,6340,127,549
dg_ch3,GPR[Matern_1.5 + White],0.02,2,4,1,C1,0.9817757410158274,0.10813680114456548,0.14376656178062497,0.8649812419628231,0.3104549304449298,0.3843773982037209,6048,121,841
dg_ch3,GPR[Matern_1.5 + White],0.02,2,4,2,C12,0.9959068603494935,0.04978335225507414,0.06612352714445842,0.9307864776400873,0.3037638787173542,0.38495459975348023,6210,125,679
dg_ch3,GPR[Matern_1.5 + White],0.02,2,4,3,C13,0.9939877853288407,0.07584154118278456,0.09695873050310172,0.9182194061824422,0.31449288431680394,0.39761022207525865,6483,130,406
dg_ch3,GPR[Matern_1.5 + White],0.02,2,4,4,C14,0.988670059866388,0.0875864158604762,0.11827953725508367,0.8448564741716358,0.3292917114727182,0.42834826041878227,6471,130,418
dg_ch3,GPR[Matern_1.5 + White],0.02,2,4,5,C17,0.9959778803428436,0.05199554613707372,0.0693198042195272,0.9299676606947215,0.19727903567260427,0.2680121862945976,6082,122,807
dg_ch3,GPR[Matern_1.5 + White],0.02,2,4,6,C18,0.9949325686921789,0.059984200518448785,0.08030287255331488,0.9433974582352836,0.2855685439516109,0.36485194974298346,6285,126,604
dg_ch3,GPR[Matern_1.5 + White],0.02,2,4,7,C19,0.9971076765748217,0.04930055499277971,0.06610606474497456,0.9450487968867196,0.2495190066285707,0.3122326928559553,6206,125,683
dg_ch3,GPR[Matern_1.5 + White],0.02,2,4,8,C2,0.9964172569987043,0.047335503237964115,0.06126590426873214,0.9355798175940055,0.2020020512206563,0.26197082348160733,6147,123,742
dg_ch3,GPR[Matern_1.5 + White],0.02,2,4,9,C3,0.9909807256885511,0.08462017762615057,0.11198854134999563,0.9141268192886555,0.20197494702846844,0.26205861100268507,5729,115,1160
dg_ch3,GPR[Matern_1.5 + White],0.02,2,4,10,C4,0.9898908191033022,0.09050162885607062,0.12037229854374938,0.6309512115314355,0.5128689565727779,0.6144886209695599,6340,127,549
dg_ch3,GPR[Matern_1.5 + White],0.02,2,5,1,C1,0.9905506799608822,0.09801467767994275,0.12391652367145174,0.8695370527602192,0.31239264516935683,0.37783691011379983,6048,121,841
dg_ch3,GPR[Matern_1.5 + White],0.02,2,5,2,C12,0.9956199593069588,0.05470396544913332,0.07365614976998691,0.9329114968242607,0.30153858691259766,0.3789990214883256,6210,125,679
dg_ch3,GPR[Matern_1.5 + White],0.02,2,5,3,C13,0.9885871922486402,0.091925808209127,0.12114267366153451,0.907615696786722,0.3467183527809195,0.422601958107525,6483,130,406
dg_ch3,GPR[Matern_1.5 + White],0.02,2,5,4,C14,0.9915862166943622,0.08252907128884308,0.10734346261597648,0.8821376460697838,0.31094176504508464,0.37335135703797223,6471,130,418
dg_ch3,GPR[Matern_1.5 + White],0.02,2,5,5,C17,0.9945885632873703,0.06684126679655442,0.0867639559247856,0.9514932875092091,0.1703463036065321,0.2230520122659316,6082,122,807
dg_ch3,GPR[Matern_1.5 + White],0.02,2,5,6,C18,0.9874078241601371,0.08261656797500289,0.10615921439734095,0.9390272507820075,0.2947804908319125,0.3786749644056848,6285,126,604
dg_ch3,GPR[Matern_1.5 + White],0.02,2,5,7,C19,0.9971907412261976,0.0440884461709916,0.05919438082613344,0.9549341944964173,0.22477678396497763,0.2827569842021073,6206,125,683
dg_ch3,GPR[Matern_1.5 + White],0.02,2,5,8,C2,0.9910581244113605,0.08991437508034296,0.12269660649859332,0.95560054161354,0.1637622911999228,0.21748573986226027,6147,123,742
dg_ch3,GPR[Matern_1.5 + White],0.02,2,5,9,C3,0.9962586638155535,0.05676621208058733,0.07789369806709956,0.9261908853748008,0.17252955152609672,0.24295433808059194,5729,115,1160
dg_ch3,GPR[Matern_1.5 + White],0.02,2,5,10,C4,0.9937886793807988,0.07487365115131572,0.09732499380200765,0.5394777154936086,0.6014003346328105,0.6864316160945418,6340,127,549
dg_ch3,GPR[Matern_1.5 + White],0.02,2,6,1,C1,0.9810945338675405,0.11694442028483538,0.14767473456321467,0.8880619714950011,0.2880974093931329,0.34998514817077037,6048,121,841
dg_ch3,GPR[Matern_1.5 + White],0.02,2,6,2,C12,0.9890649101518019,0.08716037795083607,0.1185971548772876,0.9406051945788994,0.28054672211743403,0.35660569079953536,6210,125,679
dg_ch3,GPR[Matern_1.5 + White],0.02,2,6,3,C13,0.9999999999998912,2.716470484076741e-07,3.8166164786412314e-07,0.9141095588235254,0.3179582087544718,0.40747862120713785,6483,130,406
dg_ch3,GPR[Matern_1.5 + White],0.02,2,6,4,C14,0.9813371236250892,0.11038461687038786,0.14635114386345044,0.8451910262618455,0.37435745194641223,0.4278861652579874,6471,130,418
dg_ch3,GPR[Matern_1.5 + White],0.02,2,6,5,C17,0.9889740154452679,0.08590614104416326,0.11925948386777162,0.9168351360121955,0.2135737610446931,0.29206207444784754,6082,122,807
dg_ch3,GPR[Matern_1.5 + White],0.02,2,6,6,C18,0.9985349369228051,0.03195402364507569,0.044269446598097124,0.9377165581192476,0.29254680154780854,0.3827233916841457,6285,126,604
dg_ch3,GPR[Matern_1.5 + White],0.02,2,6,7,C19,0.9907028851011348,0.07763514292668505,0.1043715733197509,0.9281667178478961,0.26506910930419714,0.35698718572373156,6206,125,683
dg_ch3,GPR[Matern_1.5 + White],0.02,2,6,8,C2,0.987538098595233,0.10273547875032042,0.1359853552281975,0.9523531084736525,0.18105937311835482,0.22529898567318057,6147,123,742
dg_ch3,GPR[Matern_1.5 + White],0.02,2,6,9,C3,0.9916771887654345,0.08842260304899043,0.11146847050268789,0.8909023027481726,0.21184445559011073,0.2953775283542628,5729,115,1160
dg_ch3,GPR[Matern_1.5 + White],0.02,2,6,10,C4,0.9994035581099256,0.020730298495182507,0.02805719600390579,0.6264964048342753,0.5271156259454534,0.6181862575517526,6340,127,549
dg_ch3,GPR[Matern_1.5 + White],0.02,2,7,1,C1,0.9942406771584699,0.0679151362310893,0.08706427294989318,0.899470617872519,0.26194315253959244,0.331670843304696,6048,121,841
dg_ch3,GPR[Matern_1.5 + White],0.02,2,7,2,C12,0.9870787817022539,0.09879994108605951,0.13295056879674014,0.9444960791391673,0.2752926505733682,0.34472745183354775,6210,125,679
dg_ch3,GPR[Matern_1.5 + White],0.02,2,7,3,C13,0.9830167158743512,0.11584730449886992,0.15130092345537535,0.9238889396903691,0.30658973204682255,0.38358030248600955,6483,130,406
dg_ch3,GPR[Matern_1.5 + White],0.02,2,7,4,C14,0.9894286713913159,0.0886867696185268,0.11777384911956854,0.717727169849613,0.506586099652571,0.5777829444541579,6471,130,418
dg_ch3,GPR[Matern_1.5 + White],0.02,2,7,5,C17,0.9848023513024313,0.1162764768011409,0.15482893327515948,0.9462532978897016,0.17406806831380148,0.23479083231213105,6082,122,807
dg_ch3,GPR[Matern_1.5 + White],0.02,2,7,6,C18,0.9983250829273136,0.03837978766775268,0.05305029552820584,0.9394222225365134,0.28011885061889263,0.3774464736393088,6285,126,604
dg_ch3,GPR[Matern_1.5 + White],0.02,2,7,7,C19,0.9899822098763529,0.0804876907512147,0.11052446481263943,0.9369970349373994,0.26597043572674256,0.3343260878091623,6206,125,683
dg_ch3,GPR[Matern_1.5 + White],0.02,2,7,8,C2,0.9932067478993519,0.07258357651496473,0.09420086171088855,0.9274042639846015,0.2104096349272205,0.2780977700989241,6147,123,742
dg_ch3,GPR[Matern_1.5 + White],0.02,2,7,9,C3,0.9943883878021895,0.07820581703696922,0.09835148536925874,0.8770951356735288,0.23316697330145633,0.31351201980539917,5729,115,1160
dg_ch3,GPR[Matern_1.5 + White],0.02,2,7,10,C4,0.9905112983738239,0.08963084979982999,0.1161459022863258,0.7533651566835928,0.4187178051900572,0.5023416281604288,6340,127,549
dg_ch3,GPR[Matern_1.5 + White],0.02,2,8,1,C1,0.9879200668947834,0.09168545567343467,0.115648744096506,0.864634582322469,0.3156424409402417,0.3848705249136179,6048,121,841
dg_ch3,GPR[Matern_1.5 + White],0.02,2,8,2,C12,0.9839573868810259,0.10214185658475948,0.14268031287397095,0.9463553981552708,0.27114095985358383,0.33890427773627246,6210,125,679
dg_ch3,GPR[Matern_1.5 + White],0.02,2,8,3,C13,0.9961504759992826,0.05727235016311304,0.0761524004852923,0.9313218446532112,0.28935908018277107,0.3643692528526944,6483,130,406
dg_ch3,GPR[Matern_1.5 + White],0.02,2,8,4,C14,0.9990601168387765,0.025917786780387992,0.0360690956993236,0.5477905159282164,0.6314855305133767,0.7313074743828079,6471,130,418
dg_ch3,GPR[Matern_1.5 + White],0.02,2,8,5,C17,0.9958895999751195,0.06768276258692969,0.08420936311345073,0.9238895170640988,0.20790259346570586,0.27940068311431,6082,122,807
dg_ch3,GPR[Matern_1.5 + White],0.02,2,8,6,C18,0.9853267730620793,0.10234671976452847,0.1330934996587634,0.9448713733337976,0.28137977227843575,0.3600702923924634,6285,126,604
dg_ch3,GPR[Matern_1.5 + White],0.02,2,8,7,C19,0.9971015856846451,0.04830436277845722,0.06226920389073182,0.9421631091801758,0.2471542706719598,0.32032603721450287,6206,125,683
dg_ch3,GPR[Matern_1.5 + White],0.02,2,8,8,C2,0.9997635390963775,0.011776423989157278,0.015583823822562902,0.9371630642245303,0.20465775542466158,0.25873158527660106,6147,123,742
dg_ch3,GPR[Matern_1.5 + White],0.02,2,8,9,C3,0.993210483829507,0.064255519133877,0.08550339674381024,0.8376664991220442,0.2667749201225146,0.36030786106097795,5729,115,1160
dg_ch3,GPR[Matern_1.5 + White],0.02,2,8,10,C4,0.9890899901209164,0.09081878562378352,0.1182246515931658,0.4778411613255661,0.6302201762223808,0.7309257633933338,6340,127,549
dg_ch3,GPR[Matern_1.5 + White],0.02,2,9,1,C1,0.9815208408755453,0.12257979465209387,0.15923596678434848,0.8795743500788139,0.2970257369709214,0.36301142001432407,6048,121,841
dg_ch3,GPR[Matern_1.5 + White],0.02,2,9,2,C12,0.9891237534159066,0.0968000553102425,0.12673981230359774,0.9167347309104952,0.3325651201210332,0.42222698146317295,6210,125,679
dg_ch3,GPR[Matern_1.5 + White],0.02,2,9,3,C13,0.9868646991103562,0.10753394820780052,0.13962075604943858,0.8804115268022108,0.39339496742774244,0.48081396364676715,6483,130,406
dg_ch3,GPR[Matern_1.5 + White],0.02,2,9,4,C14,0.9840953080357496,0.11122330205911017,0.15083331678120068,0.9406844590655705,0.19301149907085613,0.2648588119425056,6471,130,418
dg_ch3,GPR[Matern_1.5 + White],0.02,2,9,5,C17,0.9905408162696697,0.07696787865336595,0.1072537519342906,0.9298737330449436,0.2033691385494681,0.26819185557232705,6082,122,807
dg_ch3,GPR[Matern_1.5 + White],0.02,2,9,6,C18,0.984518725536635,0.10582299158930683,0.13782117706479877,0.9293686716144276,0.33396246388470197,0.407565478724294,6285,126,604
dg_ch3,GPR[Matern_1.5 + White],0.02,2,9,7,C19,0.9969348297872587,0.051056780399140377,0.0694353792125935,0.9426708882902103,0.25037353896265413,0.31891678569000287,6206,125,683
dg_ch3,GPR[Matern_1.5 + White],0.02,2,9,8,C2,0.9978735418674637,0.04423514399005743,0.05634472669893252,0.8981548951638937,0.2511844802187149,0.32939122848176117,6147,123,742
dg_ch3,GPR[Matern_1.5 + White],0.02,2,9,9,C3,0.9949733238347322,0.06789440313314613,0.08595033129281188,0.8991204644153824,0.20943942357235776,0.2840345672316189,5729,115,1160
dg_ch3,GPR[Matern_1.5 + White],0.02,2,9,10,C4,0.9865495431522532,0.09757773837992342,0.13139512069723575,0.6336177245386774,0.5335294235346426,0.6122646434632475,6340,127,549
dg_ch3,GPR[Matern_1.5 + White],0.02,2,10,1,C1,0.9937761767890662,0.07499355979391809,0.09820700072534345,0.8862344748699631,0.287616374108964,0.3528305049789365,6048,121,841
dg_ch3,GPR[Matern_1.5 + White],0.02,2,10,2,C12,0.9806336811804699,0.11933316368617806,0.15073554265117153,0.9134935998065331,0.3460103225128468,0.430366202026872,6210,125,679
dg_ch3,GPR[Matern_1.5 + White],0.02,2,10,3,C13,0.9960355344441479,0.05799587516809419,0.0765685332551167,0.9092643279459975,0.344659248075772,0.4188142416847104,6483,130,406
dg_ch3,GPR[Matern_1.5 + White],0.02,2,10,4,C14,0.994307209619144,0.07337136804415222,0.09225195519251522,0.9364814261837555,0.21001059932676766,0.2740820210767618,6471,130,418
dg_ch3,GPR[Matern_1.5 + White],0.02,2,10,5,C17,0.9969760541032996,0.04785252661914334,0.06572714717778327,0.9258175253861887,0.20430549755234817,0.27583913553914485,6082,122,807
dg_ch3,GPR[Matern_1.5 + White],0.02,2,10,6,C18,0.9979025621590923,0.04164882980056261,0.05198737742939327,0.9253463512267783,0.34304619729278607,0.41900984199838076,6285,126,604
dg_ch3,GPR[Matern_1.5 + White],0.02,2,10,7,C19,0.9840600317555993,0.11023377199636039,0.145314577578208,0.9305356028668288,0.26586764257165413,0.3510515600970071,6206,125,683
dg_ch3,GPR[Matern_1.5 + White],0.02,2,10,8,C2,0.9906478798651513,0.09657061876608253,0.13154676968701115,0.9547961579256679,0.17532601565649694,0.21944698815681168,6147,123,742
dg_ch3,GPR[Matern_1.5 + White],0.02,2,10,9,C3,0.9944788374377649,0.06587199783144113,0.09143445353606516,0.8712979423166577,0.24085930487035026,0.32082071719802735,5729,115,1160
dg_ch3,GPR[Matern_1.5 + White],0.02,2,10,10,C4,0.9933020949396065,0.07304705658770776,0.09851207053770017,0.6158681710497358,0.5575991996627245,0.6269199642243017,6340,127,549
dg_ch3,GPR[Matern_1.5 + White],0.03,3,1,1,C1,0.9946384139063229,0.07655031442947535,0.1021638006260455,0.9241694759046178,0.24209468442972223,0.28805990766675277,6048,182,841
dg_ch3,GPR[Matern_1.5 + White],0.03,3,1,2,C12,0.9947086623734029,0.06288517037142174,0.08404382160632522,0.9602880018039441,0.23659627305502176,0.29159153194243836,6210,187,679
dg_ch3,GPR[Matern_1.5 + White],0.03,3,1,3,C13,0.9952326111904967,0.062404083231053564,0.08321688885597367,0.932496827272177,0.2862859850877354,0.36123889408503007,6483,195,406
dg_ch3,GPR[Matern_1.5 + White],0.03,3,1,4,C14,0.9937645020283999,0.06920820558651943,0.09625361255817276,0.8515240291910356,0.34981450445891304,0.4190426868723919,6471,195,418
dg_ch3,GPR[Matern_1.5 + White],0.03,3,1,5,C17,0.9885329322727003,0.09670336541550442,0.13015981918903613,0.9506271678441179,0.16704297980342203,0.22503457257339943,6082,183,807
dg_ch3,GPR[Matern_1.5 + White],0.03,3,1,6,C18,0.9907991186691859,0.07854739491662216,0.10323375318349129,0.9496871936395579,0.2600302553534693,0.3439837887233459,6285,189,604
dg_ch3,GPR[Matern_1.5 + White],0.03,3,1,7,C19,0.9810880436540818,0.11290577097460895,0.15775048939699812,0.9434130702184215,0.24518415188718115,0.3168457145771167,6206,187,683
dg_ch3,GPR[Matern_1.5 + White],0.03,3,1,8,C2,0.989807978324033,0.08821110115078507,0.11938080154068165,0.9402568937723552,0.18776851861020402,0.25228175862677454,6147,185,742
dg_ch3,GPR[Matern_1.5 + White],0.03,3,1,9,C3,0.9948756745930288,0.06958891569850023,0.09099168509589821,0.9228859755319506,0.18445302840782848,0.24833409187277491,5729,172,1160
dg_ch3,GPR[Matern_1.5 + White],0.03,3,1,10,C4,0.990785463451164,0.07751795362679355,0.10026922924653196,0.6743755773186041,0.4970869553702176,0.5772054704277111,6340,191,549
dg_ch3,GPR[Matern_1.5 + White],0.03,3,2,1,C1,0.9866603036462274,0.11657644646655665,0.15080480868644908,0.90227942405416,0.26016292997245155,0.3270045513398191,6048,182,841
dg_ch3,GPR[Matern_1.5 + White],0.03,3,2,2,C12,0.9887780745234686,0.08330782878784806,0.1102661033530016,0.8979417122497136,0.34397174959331955,0.467453242291331,6210,187,679
dg_ch3,GPR[Matern_1.5 + White],0.03,3,2,3,C13,0.991325332617862,0.08334485552331983,0.11321782756586331,0.936478631650358,0.2769539586080365,0.3504227824057714,6483,195,406
dg_ch3,GPR[Matern_1.5 + White],0.03,3,2,4,C14,0.9951605192900261,0.06474238031507805,0.08647259569192478,0.9239684854475791,0.23614416826926724,0.29986584348437906,6471,195,418
dg_ch3,GPR[Matern_1.5 + White],0.03,3,2,5,C17,0.9890709756857254,0.1003555210940437,0.13149719259036632,0.9356708400860492,0.189224210755255,0.2568675034486566,6082,183,807
dg_ch3,GPR[Matern_1.5 + White],0.03,3,2,6,C18,0.9956979713054985,0.05859549392121462,0.08077670270029155,0.9509297847696999,0.2692048341318585,0.3397094951814601,6285,189,604
dg_ch3,GPR[Matern_1.5 + White],0.03,3,2,7,C19,0.9955021533605496,0.06207989885823975,0.07950597322776486,0.9371476158556676,0.2466357033303435,0.33392631895669844,6206,187,683
dg_ch3,GPR[Matern_1.5 + White],0.03,3,2,8,C2,0.9896484838285691,0.09661606679672674,0.1272194972617598,0.9285097584240979,0.2060332053288108,0.2759721979455937,6147,185,742
dg_ch3,GPR[Matern_1.5 + White],0.03,3,2,9,C3,0.9853144491992569,0.11089853654593113,0.15550422877703224,0.9283365736304413,0.17604350885152098,0.2393968571121758,5729,172,1160
dg_ch3,GPR[Matern_1.5 + White],0.03,3,2,10,C4,0.9880669441739601,0.08399141578195973,0.11322121747476846,0.6969653445747791,0.45739557291494326,0.5568242003009316,6340,191,549
dg_ch3,GPR[Matern_1.5 + White],0.03,3,3,1,C1,0.9893148611562484,0.10066461158393161,0.12985187491579409,0.9155983901194366,0.24761650858010076,0.30390381614492334,6048,182,841
dg_ch3,GPR[Matern_1.5 + White],0.03,3,3,2,C12,0.9913838691836684,0.07451797563118882,0.09818075814846768,0.9509315802488147,0.2589289066635625,0.3241268983682085,6210,187,679
dg_ch3,GPR[Matern_1.5 + White],0.03,3,3,3,C13,0.9866828348702272,0.09395356318981654,0.12659663353885223,0.9368787406784655,0.27776964062750314,0.3493174157752315,6483,195,406
dg_ch3,GPR[Matern_1.5 + White],0.03,3,3,4,C14,0.9940966649834286,0.06929831123697958,0.09160272287181619,0.9105384793259612,0.2509534919995089,0.3252732260288498,6471,195,418
dg_ch3,GPR[Matern_1.5 + White],0.03,3,3,5,C17,0.9914785628837989,0.08338963033419189,0.10819679647142928,0.946498783015308,0.18005196020012101,0.2342540214973288,6082,183,807
dg_ch3,GPR[Matern_1.5 + White],0.03,3,3,6,C18,0.987339676720023,0.09292899279878347,0.12080626160416248,0.9420545560757903,0.2931579621926855,0.3691546571303056,6285,189,604
dg_ch3,GPR[Matern_1.5 + White],0.03,3,3,7,C19,0.991300105256272,0.08655096473871823,0.11583846721873096,0.9382443033727356,0.24497432728381724,0.3310002215722298,6206,187,683
dg_ch3,GPR[Matern_1.5 + White],0.03,3,3,8,C2,0.9940785080501758,0.06633561887991127,0.08731621793153975,0.9444370168745303,0.19060147373488132,0.24329586478956558,6147,185,742
dg_ch3,GPR[Matern_1.5 + White],0.03,3,3,9,C3,0.9948292241233301,0.0723608122150457,0.09343635211384695,0.8938091849832668,0.20654386915855702,0.2914158284994307,5729,172,1160
dg_ch3,GPR[Matern_1.5 + White],0.03,3,3,10,C4,0.9877037992374724,0.08451569962837568,0.11249323193267813,0.7756231576847513,0.3898990077376988,0.47913838978873147,6340,191,549
dg_ch3,GPR[Matern_1.5 + White],0.03,3,4,1,C1,0.9882274502630416,0.08904776273949175,0.11855943045336693,0.9301131787537679,0.22254268198582308,0.2765403015151886,6048,182,841
dg_ch3,GPR[Matern_1.5 + White],0.03,3,4,2,C12,0.9911027846319014,0.07326032678078934,0.0976836161164487,0.9469696497608246,0.2733271106710176,0.3369583983751738,6210,187,679
dg_ch3,GPR[Matern_1.5 + White],0.03,3,4,3,C13,0.9910821476396264,0.08834251634579335,0.11517048187904376,0.9376643720416266,0.27508827150515053,0.34713673999137945,6483,195,406
dg_ch3,GPR[Matern_1.5 + White],0.03,3,4,4,C14,0.9912337912307128,0.08557850969149632,0.1157533006253751,0.8986347840297849,0.27433269278282857,0.34623793903080563,6471,195,418
dg_ch3,GPR[Matern_1.5 + White],0.03,3,4,5,C17,0.9845871409030557,0.09868871072874179,0.14368587735614533,0.9529843213849573,0.16875428480652457,0.21959708926261745,6082,183,807
dg_ch3,GPR[Matern_1.5 + White],0.03,3,4,6,C18,0.9959608830700555,0.053670653582119254,0.07092626372700099,0.9449094454741404,0.2789195107278923,0.3599459376318861,6285,189,604
dg_ch3,GPR[Matern_1.5 + White],0.03,3,4,7,C19,0.9909956300947891,0.08170150125292917,0.11695261042185157,0.9566186104530044,0.21528954560328312,0.277422385187119,6206,187,683
dg_ch3,GPR[Matern_1.5 + White],0.03,3,4,8,C2,0.9916573108141944,0.07831030023317079,0.10118392048443475,0.9517928503409737,0.1710490100126141,0.22661970873920612,6147,185,742
dg_ch3,GPR[Matern_1.5 + White],0.03,3,4,9,C3,0.9929286345246704,0.07715680825858724,0.10380386599190634,0.9256783202725949,0.17733679663842777,0.2437964729895342,5729,172,1160
dg_ch3,GPR[Matern_1.5 + White],0.03,3,4,10,C4,0.9898300953034428,0.08452435658878468,0.11378527775081539,0.7134142314100107,0.4476164827360157,0.5415010002834353,6340,191,549
dg_ch3,GPR[Matern_1.5 + White],0.03,3,5,1,C1,0.9890835648052851,0.10239451006164481,0.1331167911163194,0.8949312086536835,0.27070210586850085,0.3390764725974254,6048,182,841
dg_ch3,GPR[Matern_1.5 + White],0.03,3,5,2,C12,0.9939295392105915,0.06524478561477985,0.0887479244923065,0.9388019746019256,0.2765918001717558,0.3619784718634382,6210,187,679
dg_ch3,GPR[Matern_1.5 + White],0.03,3,5,3,C13,0.9905461086760378,0.08601832092763678,0.11465069796818757,0.9406842272942292,0.2673223182006214,0.33862382211167824,6483,195,406
dg_ch3,GPR[Matern_1.5 + White],0.03,3,5,4,C14,0.9925552738998705,0.07665655665211149,0.10250931566364435,0.8464354242757351,0.35090637665964153,0.42616296077969873,6471,195,418
dg_ch3,GPR[Matern_1.5 + White],0.03,3,5,5,C17,0.9900721577066692,0.08552627085043063,0.11457105221224705,0.9404404633576365,0.18365587180012677,0.2471615328580367,6082,183,807
dg_ch3,GPR[Matern_1.5 + White],0.03,3,5,6,C18,0.9832274075809768,0.09438952367783533,0.12172069710864883,0.9367493111073821,0.3003664219130874,0.3856837441112961,6285,189,604
dg_ch3,GPR[Matern_1.5 + White],0.03,3,5,7,C19,0.994597858653186,0.06164472618838174,0.08194575397558866,0.9575886009474417,0.21557050493684832,0.27430332467742047,6206,187,683
dg_ch3,GPR[Matern_1.5 + White],0.03,3,5,8,C2,0.9870258301409423,0.10982275282098822,0.1433561926880314,0.9656526888766866,0.14890521112755903,0.19128826239387242,6147,185,742
dg_ch3,GPR[Matern_1.5 + White],0.03,3,5,9,C3,0.9951692289315751,0.06399947975925706,0.08643004583403538,0.9347333272080308,0.16354895357628108,0.22846274831954327,5729,172,1160
dg_ch3,GPR[Matern_1.5 + White],0.03,3,5,10,C4,0.9896593732840315,0.090591299312993,0.1171274952713849,0.5722707456062338,0.5857173169580744,0.6615404897769162,6340,191,549
dg_ch3,GPR[Matern_1.5 + White],0.03,3,6,1,C1,0.9880077834621324,0.09795920490279647,0.12550090418792736,0.9240237467727009,0.2350838993289788,0.28833656783584405,6048,182,841
dg_ch3,GPR[Matern_1.5 + White],0.03,3,6,2,C12,0.9905526871920112,0.09134545789563908,0.11795570406712175,0.945416050397231,0.26666830496615057,0.3418586050487536,6210,187,679
dg_ch3,GPR[Matern_1.5 + White],0.03,3,6,3,C13,0.9936079230320778,0.07225696443413542,0.09681904252512387,0.9320946107336314,0.28862941434905537,0.3623135136754278,6483,195,406
dg_ch3,GPR[Matern_1.5 + White],0.03,3,6,4,C14,0.9820865430260016,0.10625927007589339,0.1366716687425605,0.8621853259606519,0.35338070929535675,0.403717811262622,6471,195,418
dg_ch3,GPR[Matern_1.5 + White],0.03,3,6,5,C17,0.986402168198083,0.10616553536732733,0.1376911266321266,0.9224783719412505,0.2064725462181931,0.2819789358501397,6082,183,807
dg_ch3,GPR[Matern_1.5 + White],0.03,3,6,6,C18,0.9955038285271527,0.05758938147545562,0.07774566727878252,0.9362472546393638,0.30177729745074955,0.3872114135450147,6285,189,604
dg_ch3,GPR[Matern_1.5 + White],0.03,3,6,7,C19,0.9906230065177934,0.07900442574198407,0.10517584164273362,0.9493550630719416,0.2300989804558312,0.29974903198618147,6206,187,683
dg_ch3,GPR[Matern_1.5 + White],0.03,3,6,8,C2,0.9912940369367117,0.08022843882156774,0.10787976023887426,0.9549218243031294,0.1804703162136928,0.21914174528904773,6147,185,742
dg_ch3,GPR[Matern_1.5 + White],0.03,3,6,9,C3,0.9904204539576393,0.09106214919727738,0.12019732128238726,0.9033558830085553,0.2049679561156724,0.27800804987478706,5729,172,1160
dg_ch3,GPR[Matern_1.5 + White],0.03,3,6,10,C4,0.9973387459050675,0.04382219777751566,0.058549241715477054,0.6721113958465349,0.4757978839149404,0.5792087507017425,6340,191,549
dg_ch3,GPR[Matern_1.5 + White],0.03,3,7,1,C1,0.9856005787062635,0.10206601025350584,0.1355519127551992,0.9071509820989917,0.261556699227241,0.318749451091407,6048,182,841
dg_ch3,GPR[Matern_1.5 + White],0.03,3,7,2,C12,0.9938608596430119,0.06506368020685226,0.08779166988365705,0.9384973737105576,0.2910041931941733,0.3628781913141876,6210,187,679
dg_ch3,GPR[Matern_1.5 + White],0.03,3,7,3,C13,0.9882432614978333,0.09735622726405443,0.1298624233919742,0.9380028407208334,0.27597225831079436,0.34619301932091406,6483,195,406
dg_ch3,GPR[Matern_1.5 + White],0.03,3,7,4,C14,0.9850799576134015,0.11259577240460725,0.1508066638382707,0.8996239324079731,0.2715680177578115,0.34454445720734367,6471,195,418
dg_ch3,GPR[Matern_1.5 + White],0.03,3,7,5,C17,0.9871510822264713,0.10878411662454415,0.14388109846673122,0.9468130505675699,0.17614896466114313,0.23356500104184916,6082,183,807
dg_ch3,GPR[Matern_1.5 + White],0.03,3,7,6,C18,0.9956734889634826,0.0557869434099746,0.08361886291115625,0.9404068371317648,0.2748454415997927,0.3743664511286155,6285,189,604
dg_ch3,GPR[Matern_1.5 + White],0.03,3,7,7,C19,0.9895054736805879,0.08955872853557675,0.11974382739314543,0.9531545168077059,0.22361680521130167,0.2882860538244621,6206,187,683
dg_ch3,GPR[Matern_1.5 + White],0.03,3,7,8,C2,0.9831435170801097,0.11504386996647717,0.15214497546657485,0.939230224063764,0.19069498992250475,0.254440223097593,6147,185,742
dg_ch3,GPR[Matern_1.5 + White],0.03,3,7,9,C3,0.9933193927468914,0.07904173557854248,0.10224432354094108,0.8846951130844595,0.2214020268881128,0.303664145979031,5729,172,1160
dg_ch3,GPR[Matern_1.5 + White],0.03,3,7,10,C4,0.988687466241898,0.09501128485071167,0.12568929588320765,0.738243440074151,0.43034564427996985,0.5175123762035276,6340,191,549
dg_ch3,GPR[Matern_1.5 + White],0.03,3,8,1,C1,0.9919902939896668,0.0747914496258228,0.09374863162450651,0.9282075260361244,0.22607533903984933,0.28028525283870553,6048,182,841
dg_ch3,GPR[Matern_1.5 + White],0.03,3,8,2,C12,0.9859420996675315,0.10009638570915945,0.13439973779936737,0.9489262841284326,0.2663324873346467,0.33068368271713594,6210,187,679
dg_ch3,GPR[Matern_1.5 + White],0.03,3,8,3,C13,0.9953790474402427,0.062276544737598374,0.08191814031229866,0.9400437654321918,0.2675787562294952,0.3404470585349099,6483,195,406
dg_ch3,GPR[Matern_1.5 + White],0.03,3,8,4,C14,0.9970733525990583,0.047781653694442976,0.06571449845700889,0.5991816855004324,0.6238226442517153,0.6885000207421093,6471,195,418
dg_ch3,GPR[Matern_1.5 + White],0.03,3,8,5,C17,0.9957332744897296,0.06241345874349829,0.08421276196851989,0.9344955981976966,0.19418068906568436,0.25920326471279076,6082,183,807
dg_ch3,GPR[Matern_1.5 + White],0.03,3,8,6,C18,0.9910243522052656,0.08137298692388041,0.10725102849832974,0.9535784245654128,0.2563168268834266,0.3304141533646432,6285,189,604
dg_ch3,GPR[Matern_1.5 + White],0.03,3,8,7,C19,0.9931524029666634,0.06812931315474588,0.09089991704401736,0.9510696305994316,0.22530441572002052,0.2946313930731115,6206,187,683
dg_ch3,GPR[Matern_1.5 + White],0.03,3,8,8,C2,0.997619940058047,0.041801965981580966,0.054641031232531195,0.9577927957020147,0.16610592898228368,0.212048518919316,6147,185,742
dg_ch3,GPR[Matern_1.5 + White],0.03,3,8,9,C3,0.9852576475717937,0.0993110995621075,0.13153620486468623,0.9094306252705627,0.20442707551076814,0.2691289052985319,5729,172,1160
dg_ch3,GPR[Matern_1.5 + White],0.03,3,8,10,C4,0.9871358160643822,0.09944216609347024,0.13755312964220584,0.5809631954937893,0.5706537900202827,0.6547839684651044,6340,191,549
dg_ch3,GPR[Matern_1.5 + White],0.03,3,9,1,C1,0.9877793661872025,0.10432570652621098,0.13802045419461606,0.8997214187459519,0.26009979468637284,0.33125685844906266,6048,182,841
dg_ch3,GPR[Matern_1.5 + White],0.03,3,9,2,C12,0.9884222160917417,0.09765822505399958,0.12802070884565583,0.9199788179064455,0.324712100019571,0.4139201024026104,6210,187,679
dg_ch3,GPR[Matern_1.5 + White],0.03,3,9,3,C13,0.9856459186057603,0.10613371629494553,0.14029778639334006,0.9308943202980416,0.29230047027041645,0.3655016001877501,6483,195,406
dg_ch3,GPR[Matern_1.5 + White],0.03,3,9,4,C14,0.986412392460885,0.11052943228772931,0.14762174407671166,0.9257912542785659,0.2101496959423871,0.2962495672085681,6471,195,418
dg_ch3,GPR[Matern_1.5 + White],0.03,3,9,5,C17,0.9868988564108897,0.09492371092359667,0.13206983535488048,0.9517315946831574,0.16935682187990883,0.22250342487884284,6082,183,807
dg_ch3,GPR[Matern_1.5 + White],0.03,3,9,6,C18,0.9871418891912566,0.08977951583228547,0.12132205997254722,0.9462098529053786,0.2887786451184559,0.3556723222079735,6285,189,604
dg_ch3,GPR[Matern_1.5 + White],0.03,3,9,7,C19,0.9968153167022797,0.05180021906736144,0.0707598851783673,0.945021826450509,0.23749314208562555,0.3123093064551501,6206,187,683
dg_ch3,GPR[Matern_1.5 + White],0.03,3,9,8,C2,0.9949092533696215,0.06747232960961864,0.09120914680139595,0.9503834102420438,0.1791587344707957,0.2299086999703951,6147,185,742
dg_ch3,GPR[Matern_1.5 + White],0.03,3,9,9,C3,0.9955918640926703,0.06576553008306542,0.08668283772764672,0.8858925505198725,0.22016047226415014,0.302083259850707,5729,172,1160
dg_ch3,GPR[Matern_1.5 + White],0.03,3,9,10,C4,0.98996181222881,0.0874375889779667,0.11657139094504812,0.6824233484245398,0.4843561325226604,0.570028061515049,6340,191,549
dg_ch3,GPR[Matern_1.5 + White],0.03,3,10,1,C1,0.9921792366790131,0.0817460578863394,0.10878087773878253,0.899241564372789,0.2518173054985076,0.332048479876855,6048,182,841
dg_ch3,GPR[Matern_1.5 + White],0.03,3,10,2,C12,0.991673354261676,0.08103886419450662,0.10538383497005635,0.9282904947966708,0.3071757808925023,0.3918342551521981,6210,187,679
dg_ch3,GPR[Matern_1.5 + White],0.03,3,10,3,C13,0.991601081543153,0.08163530494224537,0.10870631109414416,0.9350961923326089,0.28419489381846336,0.35421544926150283,6483,195,406
dg_ch3,GPR[Matern_1.5 + White],0.03,3,10,4,C14,0.9937816851621338,0.0711586361093123,0.09275420388801037,0.8072239590010771,0.39230336476898203,0.47748167364853816,6471,195,418
dg_ch3,GPR[Matern_1.5 + White],0.03,3,10,5,C17,0.9957748905301818,0.05782964633146642,0.07978041996435606,0.9393537672072811,0.19221135490356175,0.24940613894337565,6082,183,807
dg_ch3,GPR[Matern_1.5 + White],0.03,3,10,6,C18,0.994435804081923,0.07116889230726346,0.09154390630869697,0.9384425015694395,0.30736970087300736,0.3804864418596374,6285,189,604
dg_ch3,GPR[Matern_1.5 + White],0.03,3,10,7,C19,0.9887090650554579,0.0939141392733415,0.1255053068295535,0.9342050415710562,0.25754432458666354,0.3416536622605982,6206,187,683
dg_ch3,GPR[Matern_1.5 + White],0.03,3,10,8,C2,0.9893438690225149,0.09479599394085435,0.12843229584410182,0.9474261016199771,0.17778841548139543,0.23666118831387342,6147,185,742
dg_ch3,GPR[Matern_1.5 + White],0.03,3,10,9,C3,0.9909870466296594,0.08517591089104296,0.11341042406188767,0.8751841319924434,0.2331026387306019,0.31593996142065317,5729,172,1160
dg_ch3,GPR[Matern_1.5 + White],0.03,3,10,10,C4,0.9943228506761028,0.07219749317590148,0.09698154484504244,0.6448104754187418,0.536740592559149,0.6028399533351486,6340,191,549
dg_ch3,GPR[Matern_1.5 + White],0.04,4,1,1,C1,0.9915401025200244,0.09744612278324119,0.12867603417954077,0.9386340964291296,0.2169542351958002,0.25913397382154063,6048,242,841
dg_ch3,GPR[Matern_1.5 + White],0.04,4,1,2,C12,0.9939341561050221,0.0652630529043329,0.0872362242655192,0.960397119017036,0.23662140437159704,0.291190651310557,6210,249,679
dg_ch3,GPR[Matern_1.5 + White],0.04,4,1,3,C13,0.9939858605726128,0.06677855010542226,0.09071471242889174,0.9348617234506928,0.27967408097634966,0.35485468469682396,6483,260,406
dg_ch3,GPR[Matern_1.5 + White],0.04,4,1,4,C14,0.989868479552715,0.09389440123763977,0.1263541948460363,0.9146949902164737,0.2585900025997167,0.3176270254756049,6471,259,418
dg_ch3,GPR[Matern_1.5 + White],0.04,4,1,5,C17,0.983549175986888,0.11263363422762414,0.15651762117507878,0.9484325549357132,0.16520298011095677,0.22998156876141004,6082,244,807
dg_ch3,GPR[Matern_1.5 + White],0.04,4,1,6,C18,0.9915280600306745,0.07701300428135409,0.10124056106834053,0.9500160992409139,0.2633134197876659,0.3428575972812822,6285,252,604
dg_ch3,GPR[Matern_1.5 + White],0.04,4,1,7,C19,0.981071657929475,0.11055393951353222,0.15298854031649223,0.9493876444729322,0.2368425208736404,0.29965259772014535,6206,249,683
dg_ch3,GPR[Matern_1.5 + White],0.04,4,1,8,C2,0.9896925684119248,0.09164244697189645,0.12345143672288884,0.9503086449060665,0.17876454266582395,0.2300818550654794,6147,246,742
dg_ch3,GPR[Matern_1.5 + White],0.04,4,1,9,C3,0.9937155105066963,0.07523522121821849,0.09818255686090782,0.9299509884708203,0.1697805158112685,0.23668496214847518,5729,230,1160
dg_ch3,GPR[Matern_1.5 + White],0.04,4,1,10,C4,0.9884226293164252,0.09248777263847932,0.12088583048985475,0.6561225553540426,0.5049787976218905,0.5931626524181072,6340,254,549
dg_ch3,GPR[Matern_1.5 + White],0.04,4,2,1,C1,0.9859686402570117,0.1179625121471918,0.15447516940203482,0.9360171068498503,0.2082497626886072,0.26460175801763336,6048,242,841
dg_ch3,GPR[Matern_1.5 + White],0.04,4,2,2,C12,0.9895628564578504,0.08313208344294211,0.11006288903244035,0.9324414360303322,0.2853270673547908,0.3803244468669539,6210,249,679
dg_ch3,GPR[Matern_1.5 + White],0.04,4,2,3,C13,0.9899796349468106,0.09126362929374822,0.12414237242942809,0.9346772770291257,0.27677539249352817,0.3553567351981145,6483,260,406
dg_ch3,GPR[Matern_1.5 + White],0.04,4,2,4,C14,0.9918219027246048,0.08391537125153009,0.11061757280722623,0.9084015855776044,0.26246649938498784,0.3291350679400788,6471,259,418
dg_ch3,GPR[Matern_1.5 + White],0.04,4,2,5,C17,0.9880884396162373,0.1025658723841486,0.1325613727673045,0.9568139700360613,0.15795637952955285,0.21046353742799617,6082,244,807
dg_ch3,GPR[Matern_1.5 + White],0.04,4,2,6,C18,0.9945971426141949,0.06369584156709018,0.08670208888894496,0.9479254017656142,0.27603277642274654,0.349954569382537,6285,252,604
dg_ch3,GPR[Matern_1.5 + White],0.04,4,2,7,C19,0.9926433231997837,0.07409674790851321,0.09797223678781851,0.9451347872858626,0.23307704815022143,0.3119882985182543,6206,249,683
dg_ch3,GPR[Matern_1.5 + White],0.04,4,2,8,C2,0.9869711552428623,0.1024015634496701,0.13671245807317084,0.9413586643950251,0.18819341859895522,0.24994466814113242,6147,246,742
dg_ch3,GPR[Matern_1.5 + White],0.04,4,2,9,C3,0.9826756542885816,0.11613334413862902,0.16381264535952142,0.9090682342456129,0.1939780468515658,0.2696667942613219,5729,230,1160
dg_ch3,GPR[Matern_1.5 + White],0.04,4,2,10,C4,0.9856600446623561,0.09428755835948047,0.12519051231055459,0.6992758489355511,0.4598529794679227,0.5546973701737264,6340,254,549
dg_ch3,GPR[Matern_1.5 + White],0.04,4,3,1,C1,0.9898704859165784,0.09426996332202452,0.12432786099410309,0.9250146361375269,0.22773603986901753,0.28645014073497216,6048,242,841
dg_ch3,GPR[Matern_1.5 + White],0.04,4,3,2,C12,0.9947650657849212,0.05978615195686612,0.07680889801648431,0.9561168737349505,0.24772302051535017,0.3065228234182491,6210,249,679
dg_ch3,GPR[Matern_1.5 + White],0.04,4,3,3,C13,0.9864540604185401,0.09654931368967096,0.1261597573749563,0.9330646664310718,0.2890170389312756,0.3597163079127479,6483,260,406
dg_ch3,GPR[Matern_1.5 + White],0.04,4,3,4,C14,0.9889045415037616,0.08929432751235368,0.12054010075266179,0.8897749807749576,0.30000447229379024,0.36105242858762177,6471,259,418
dg_ch3,GPR[Matern_1.5 + White],0.04,4,3,5,C17,0.9908258138271597,0.09412418199099792,0.12021097956825043,0.9460631798809197,0.1827268295741128,0.23520572810111454,6082,244,807
dg_ch3,GPR[Matern_1.5 + White],0.04,4,3,6,C18,0.9901677051595194,0.08181166095820855,0.10629519595539066,0.9479177773349143,0.2735257401117351,0.3499801875034119,6285,252,604
dg_ch3,GPR[Matern_1.5 + White],0.04,4,3,7,C19,0.9923643516598676,0.08181398253663025,0.1088773412519449,0.9400578859202472,0.2423902945515275,0.32610375520025126,6206,249,683
dg_ch3,GPR[Matern_1.5 + White],0.04,4,3,8,C2,0.9927707761452954,0.07499854637249831,0.0994054470586949,0.9441684178594071,0.18711503594588771,0.24388321845371091,6147,246,742
dg_ch3,GPR[Matern_1.5 + White],0.04,4,3,9,C3,0.9926705716599804,0.08757949979601773,0.11251718269007802,0.9227739455609963,0.1813389283803061,0.24851441422142334,5729,230,1160
dg_ch3,GPR[Matern_1.5 + White],0.04,4,3,10,C4,0.9860430179689026,0.09638250104616466,0.1273015906206125,0.776778869944127,0.3898184596480882,0.4779028322294969,6340,254,549
dg_ch3,GPR[Matern_1.5 + White],0.04,4,4,1,C1,0.9873486220887214,0.09417511841317165,0.12113421095720898,0.9384913444340077,0.20218713441487468,0.25943520301862344,6048,242,841
dg_ch3,GPR[Matern_1.5 + White],0.04,4,4,2,C12,0.9883425782643193,0.086119141286614,0.11340667175277586,0.9565494167523569,0.2476274141880615,0.3050084299658688,6210,249,679
dg_ch3,GPR[Matern_1.5 + White],0.04,4,4,3,C13,0.9882773917918921,0.10466071997685326,0.13711621423790588,0.944008919452401,0.2608434614701264,0.3289969225989921,6483,260,406
dg_ch3,GPR[Matern_1.5 + White],0.04,4,4,4,C14,0.9903954748274857,0.08712787850696198,0.11943149833952754,0.9030252494564077,0.2596878001975736,0.33865657709167607,6471,259,418
dg_ch3,GPR[Matern_1.5 + White],0.04,4,4,5,C17,0.9874471095304416,0.0919067834872873,0.13092804178403303,0.9572687423601643,0.1566746479766576,0.20935245700344246,6082,244,807
dg_ch3,GPR[Matern_1.5 + White],0.04,4,4,6,C18,0.9965892760035501,0.049584848788380854,0.06641661724922866,0.9463999552279657,0.27814904854195466,0.35504326666928454,6285,252,604
dg_ch3,GPR[Matern_1.5 + White],0.04,4,4,7,C19,0.9898981218237648,0.09094708197548299,0.12750638684136775,0.956628221970864,0.215255611097629,0.27739165083365813,6206,249,683
dg_ch3,GPR[Matern_1.5 + White],0.04,4,4,8,C2,0.9933307243589771,0.07109719101232272,0.09395550602699031,0.9628586027199552,0.15703113569812654,0.19891661915363967,6147,246,742
dg_ch3,GPR[Matern_1.5 + White],0.04,4,4,9,C3,0.9939922185098475,0.06891185659349108,0.09294922609794208,0.9043534596419751,0.2014652281433697,0.2765695053801355,5729,230,1160
dg_ch3,GPR[Matern_1.5 + White],0.04,4,4,10,C4,0.9924379956814269,0.07437797103076528,0.09982645018200877,0.8000372488143259,0.3647512438243739,0.4523207432641868,6340,254,549
dg_ch3,GPR[Matern_1.5 + White],0.04,4,5,1,C1,0.9856885018569201,0.11687185060250792,0.14994493243195078,0.9165836115934581,0.24527106249120653,0.30212487220419576,6048,242,841
dg_ch3,GPR[Matern_1.5 + White],0.04,4,5,2,C12,0.9888604442875567,0.08229464296899304,0.11584546511104105,0.9454069605216597,0.2693378341586738,0.3418870687532408,6210,249,679
dg_ch3,GPR[Matern_1.5 + White],0.04,4,5,3,C13,0.9909570854306455,0.08192325039085863,0.1107944469508241,0.9497774040357883,0.24379332165202885,0.3115889084783698,6483,260,406
dg_ch3,GPR[Matern_1.5 + White],0.04,4,5,4,C14,0.9890964655016367,0.09607294436127418,0.1236674641242465,0.8637124309310922,0.3321742445757935,0.4014748102890807,6471,259,418
dg_ch3,GPR[Matern_1.5 + White],0.04,4,5,5,C17,0.9901687852469324,0.08249263232214442,0.1138096753507325,0.9420370572267939,0.18671587803954148,0.24382623801762585,6082,244,807
dg_ch3,GPR[Matern_1.5 + White],0.04,4,5,6,C18,0.9777503932728802,0.11183508251617612,0.14751644917124793,0.9444338452192619,0.2814601835401083,0.3614963167584938,6285,252,604
dg_ch3,GPR[Matern_1.5 + White],0.04,4,5,7,C19,0.994267803067481,0.06108133274246857,0.08197302230246173,0.9522549198698759,0.2260833135418486,0.29104094055362567,6206,249,683
dg_ch3,GPR[Matern_1.5 + White],0.04,4,5,8,C2,0.9844045594067377,0.114951422618917,0.15359773412792938,0.9727307003127807,0.13697797929736316,0.17044291086357297,6147,246,742
dg_ch3,GPR[Matern_1.5 + White],0.04,4,5,9,C3,0.9934201898224468,0.07242605017885431,0.0970025859202628,0.9273025610906281,0.17240627825045848,0.24111776852538996,5729,230,1160
dg_ch3,GPR[Matern_1.5 + White],0.04,4,5,10,C4,0.9868193992813105,0.10020575293419194,0.12900122132513897,0.6387198918458508,0.5326592847278725,0.6079865589717734,6340,254,549
dg_ch3,GPR[Matern_1.5 + White],0.04,4,6,1,C1,0.9886718672863382,0.09398730383228263,0.1208764013883287,0.947761545623826,0.19436447832633086,0.23908699175417153,6048,242,841
dg_ch3,GPR[Matern_1.5 + White],0.04,4,6,2,C12,0.9868254121524532,0.10043005232612466,0.13422578495230056,0.9414156808092874,0.28526053087733466,0.35416425865750994,6210,249,679
dg_ch3,GPR[Matern_1.5 + White],0.04,4,6,3,C13,0.9936547172805322,0.06882058615923943,0.09456781515086066,0.940759873334507,0.26092040158296614,0.33840782793107355,6483,260,406
dg_ch3,GPR[Matern_1.5 + White],0.04,4,6,4,C14,0.9820384104531716,0.111218354308783,0.14181702518798803,0.9262267166138596,0.23632317312179899,0.2953790812712604,6471,259,418
dg_ch3,GPR[Matern_1.5 + White],0.04,4,6,5,C17,0.9859961232589112,0.10953782522241239,0.14078312657291492,0.9409759588336357,0.1867259310061697,0.24604791838795204,6082,244,807
dg_ch3,GPR[Matern_1.5 + White],0.04,4,6,6,C18,0.9940118787830692,0.0662883083845685,0.08691342098298828,0.9362343843475023,0.2951167005201613,0.3872504963514519,6285,252,604
dg_ch3,GPR[Matern_1.5 + White],0.04,4,6,7,C19,0.9908100536971738,0.07569688492063202,0.10328795927977212,0.9322106746916543,0.25408015209049684,0.34679308386098506,6206,249,683
dg_ch3,GPR[Matern_1.5 + White],0.04,4,6,8,C2,0.9869095133362503,0.09160912764831955,0.125609770069337,0.943627213226752,0.1934147653478392,0.24506241130340092,6147,246,742
dg_ch3,GPR[Matern_1.5 + White],0.04,4,6,9,C3,0.9886746895979995,0.10338646344045065,0.13392027420333039,0.916659577566746,0.1896172982673786,0.25816508631852986,5729,230,1160
dg_ch3,GPR[Matern_1.5 + White],0.04,4,6,10,C4,0.9943663357069744,0.0677714466567221,0.09040915074306109,0.6722960271849003,0.4784513152145976,0.5790456539304794,6340,254,549
dg_ch3,GPR[Matern_1.5 + White],0.04,4,7,1,C1,0.9804654053762203,0.11138870667253178,0.14977571567787512,0.9282330892669143,0.22261804915274627,0.28023534764575536,6048,242,841
dg_ch3,GPR[Matern_1.5 + White],0.04,4,7,2,C12,0.9906384588001668,0.08252317989296658,0.10878177533059195,0.9439618449137042,0.27322262554600313,0.3463825075969663,6210,249,679
dg_ch3,GPR[Matern_1.5 + White],0.04,4,7,3,C13,0.9903612820993516,0.09156611443452077,0.12423540322747595,0.9360593535056098,0.27252892140083235,0.3515773778409919,6483,260,406
dg_ch3,GPR[Matern_1.5 + White],0.04,4,7,4,C14,0.9864019081190929,0.11059764476906761,0.1468706793806959,0.9046236132146627,0.2726687807729885,0.33585406707107207,6471,259,418
dg_ch3,GPR[Matern_1.5 + White],0.04,4,7,5,C17,0.9870095386728979,0.10668535263500999,0.14300847016122128,0.9522021513461559,0.16355250235963675,0.22141620338710716,6082,244,807
dg_ch3,GPR[Matern_1.5 + White],0.04,4,7,6,C18,0.9955542535566622,0.0573640126659153,0.08059121762182916,0.9440866484741854,0.2693462210408798,0.3626239356935234,6285,252,604
dg_ch3,GPR[Matern_1.5 + White],0.04,4,7,7,C19,0.9889346247846303,0.0894109535020182,0.11987212291307717,0.9595958273432214,0.2070729501466319,0.2677336021258466,6206,249,683
dg_ch3,GPR[Matern_1.5 + White],0.04,4,7,8,C2,0.9835707580772288,0.10569390372835726,0.14249714372270758,0.9617557111161383,0.15665901534903565,0.20184836931045746,6147,246,742
dg_ch3,GPR[Matern_1.5 + White],0.04,4,7,9,C3,0.9928394152448258,0.08170332530757395,0.10752512706744441,0.8988672485238056,0.20161712694275452,0.28439081882293465,5729,230,1160
dg_ch3,GPR[Matern_1.5 + White],0.04,4,7,10,C4,0.9859289518545824,0.10426105367229196,0.13941566802675007,0.7680737642236455,0.4000216150782111,0.4871322615685465,6340,254,549
dg_ch3,GPR[Matern_1.5 + White],0.04,4,8,1,C1,0.9877169886412548,0.09030414373786484,0.1166477372746281,0.9327903459937364,0.22042645061145968,0.2711918402866329,6048,242,841
dg_ch3,GPR[Matern_1.5 + White],0.04,4,8,2,C12,0.9839504503562175,0.11332792317682949,0.1511301302924661,0.9541980823158644,0.258789285599771,0.31315248939686763,6210,249,679
dg_ch3,GPR[Matern_1.5 + White],0.04,4,8,3,C13,0.9859694764889977,0.10673993437515636,0.1441587991622471,0.9411870001157654,0.27090428743386097,0.33718564509534504,6483,260,406
dg_ch3,GPR[Matern_1.5 + White],0.04,4,8,4,C14,0.9935970133849716,0.0695406919021705,0.09713357405783815,0.7205533316124596,0.5150647288689532,0.5748832394247549,6471,259,418
dg_ch3,GPR[Matern_1.5 + White],0.04,4,8,5,C17,0.9958326694497228,0.062182613182771566,0.08469934298249417,0.9401428943184024,0.18577083326905988,0.24777819300047219,6082,244,807
dg_ch3,GPR[Matern_1.5 + White],0.04,4,8,6,C18,0.9885725166476934,0.09222382754106488,0.12239524884868926,0.9526829922907021,0.25931703700799286,0.33358563508048733,6285,252,604
dg_ch3,GPR[Matern_1.5 + White],0.04,4,8,7,C19,0.9949211735079423,0.05970714166153191,0.07863745413621413,0.9544499209766162,0.22355213188787948,0.2842721664727348,6206,249,683
dg_ch3,GPR[Matern_1.5 + White],0.04,4,8,8,C2,0.9932220856586745,0.07030824714236553,0.09525446482416021,0.9652278349554309,0.15504063538806764,0.19246768219640856,6147,246,742
dg_ch3,GPR[Matern_1.5 + White],0.04,4,8,9,C3,0.9880401319345659,0.09631425672510661,0.12737704640657865,0.895329144701359,0.208207706068017,0.2893227248238603,5729,230,1160
dg_ch3,GPR[Matern_1.5 + White],0.04,4,8,10,C4,0.9860714096586403,0.10204090466827417,0.1429063899379837,0.6702500852562234,0.4873474640025206,0.5808504084365222,6340,254,549
dg_ch3,GPR[Matern_1.5 + White],0.04,4,9,1,C1,0.9905038511701741,0.09291002628941887,0.125128583363483,0.9057661107438687,0.2498151891211815,0.3211177752366181,6048,242,841
dg_ch3,GPR[Matern_1.5 + White],0.04,4,9,2,C12,0.9905129478457637,0.08504012400900755,0.11240510964273906,0.9478529193188375,0.2604074816761516,0.3341404381957775,6210,249,679
dg_ch3,GPR[Matern_1.5 + White],0.04,4,9,3,C13,0.9887832336375539,0.09309683050988021,0.12680038645541888,0.938915897956246,0.2703030267519156,0.34363430126281613,6483,260,406
dg_ch3,GPR[Matern_1.5 + White],0.04,4,9,4,C14,0.9882758516542474,0.10189369280750757,0.13643017611458855,0.9432599812653019,0.19749613796115767,0.2590448224256948,6471,259,418
dg_ch3,GPR[Matern_1.5 + White],0.04,4,9,5,C17,0.9901136630341313,0.08923084126438796,0.12058092606056717,0.9541064052517472,0.16503190370647106,0.21696079471153978,6082,244,807
dg_ch3,GPR[Matern_1.5 + White],0.04,4,9,6,C18,0.9885406179030323,0.08913241096596955,0.11841322062064247,0.9453396696025601,0.28511059690524787,0.358537702129266,6285,252,604
dg_ch3,GPR[Matern_1.5 + White],0.04,4,9,7,C19,0.9916635750456729,0.08677785689555408,0.11657920912440296,0.9495721896476815,0.23358294995447113,0.29910579505301393,6206,249,683
dg_ch3,GPR[Matern_1.5 + White],0.04,4,9,8,C2,0.9934142514772264,0.07664077231562112,0.10537089757120523,0.9533091671856316,0.17843803726498741,0.2230271631882191,6147,246,742
dg_ch3,GPR[Matern_1.5 + White],0.04,4,9,9,C3,0.9930742770802573,0.07973838786634438,0.10719736173448528,0.9046511774337054,0.2016409973188865,0.2761387326808868,5729,230,1160
dg_ch3,GPR[Matern_1.5 + White],0.04,4,9,10,C4,0.9910922121673361,0.08184802653801482,0.10902411199497046,0.7437558865863589,0.4205233588058557,0.5120341201193342,6340,254,549
dg_ch3,GPR[Matern_1.5 + White],0.04,4,10,1,C1,0.9906096359604619,0.08804168266391615,0.11729253831275475,0.9303471616870935,0.20916111000431045,0.2760769812515159,6048,242,841
dg_ch3,GPR[Matern_1.5 + White],0.04,4,10,2,C12,0.9907777934544372,0.08510454474405182,0.112810369526465,0.9461834137122833,0.26585084106038614,0.33944710608961276,6210,249,679
dg_ch3,GPR[Matern_1.5 + White],0.04,4,10,3,C13,0.9921076569138462,0.08348219908907521,0.10974949918849934,0.938966684072756,0.2733399136009304,0.3434914205458248,6483,260,406
dg_ch3,GPR[Matern_1.5 + White],0.04,4,10,4,C14,0.9907166377789551,0.08698340022654476,0.11598789935986882,0.8014193599403135,0.3975907327548075,0.4846169857755552,6471,259,418
dg_ch3,GPR[Matern_1.5 + White],0.04,4,10,5,C17,0.9931445278158411,0.07304124587534946,0.09913035257288633,0.9423620280388845,0.18582736293799085,0.2431417680832214,6082,244,807
dg_ch3,GPR[Matern_1.5 + White],0.04,4,10,6,C18,0.9918632429495814,0.08130296275761036,0.10728077056864294,0.9480210056138627,0.27892652311637794,0.34963318069462185,6285,252,604
dg_ch3,GPR[Matern_1.5 + White],0.04,4,10,7,C19,0.9898649398194711,0.09354178894004041,0.12390508988121834,0.946609892343082,0.23419061144902034,0.30776566703391284,6206,249,683
dg_ch3,GPR[Matern_1.5 + White],0.04,4,10,8,C2,0.9915351472347924,0.08783067164072528,0.11579939466804799,0.9425280909243531,0.1894125564718471,0.2474399173619892,6147,246,742
dg_ch3,GPR[Matern_1.5 + White],0.04,4,10,9,C3,0.9942514377107732,0.06688616968418035,0.09098179440106645,0.8987904884980159,0.2054199796974417,0.28449872504328383,5729,230,1160
dg_ch3,GPR[Matern_1.5 + White],0.04,4,10,10,C4,0.9930112560493826,0.08170101388862686,0.10896745705289515,0.6764565543715192,0.510753897045447,0.5753581327136404,6340,254,549
dg_ch3,GPR[Matern_1.5 + White],0.05,5,1,1,C1,0.9918376322738892,0.09401195041777222,0.12381500576817152,0.9492525574243481,0.19679896460602184,0.235650230424123,6048,303,841
dg_ch3,GPR[Matern_1.5 + White],0.05,5,1,2,C12,0.9924854952173201,0.07300770912689514,0.09507564156364375,0.9622814241104491,0.22803751662441307,0.2841788032810473,6210,311,679
dg_ch3,GPR[Matern_1.5 + White],0.05,5,1,3,C13,0.9917561054935691,0.0796487023036338,0.1063682816921035,0.9359329389463085,0.2769143301774093,0.3519247511945043,6483,325,406
dg_ch3,GPR[Matern_1.5 + White],0.05,5,1,4,C14,0.9907257179994522,0.09187377545293603,0.12409570729934832,0.8711284493892267,0.31571929669053506,0.3903990084865306,6471,324,418
dg_ch3,GPR[Matern_1.5 + White],0.05,5,1,5,C17,0.9847445748469402,0.10465424993858652,0.14855907014235897,0.9517518547727531,0.16141669219911114,0.22245672339335149,6082,305,807
dg_ch3,GPR[Matern_1.5 + White],0.05,5,1,6,C18,0.991038033152442,0.07948239727006767,0.10547623735021705,0.9523308639839791,0.26107983114251443,0.334824589310782,6285,315,604
dg_ch3,GPR[Matern_1.5 + White],0.05,5,1,7,C19,0.9846585578636025,0.10165760322527391,0.14020697740597132,0.9531161405629069,0.22407809967018186,0.2884041129259079,6206,311,683
dg_ch3,GPR[Matern_1.5 + White],0.05,5,1,8,C2,0.988938160463907,0.09159483840120078,0.1258020258882148,0.9608751394046675,0.16010723751416814,0.20415891628864707,6147,308,742
dg_ch3,GPR[Matern_1.5 + White],0.05,5,1,9,C3,0.99329504526886,0.07722733220733417,0.10054774250158323,0.93477226874672,0.16465745604431706,0.22839458168849816,5729,287,1160
dg_ch3,GPR[Matern_1.5 + White],0.05,5,1,10,C4,0.9921436046674603,0.07583654767875417,0.10049318443696437,0.6968665979544786,0.4562585746575295,0.5569149160463507,6340,317,549
dg_ch3,GPR[Matern_1.5 + White],0.05,5,2,1,C1,0.9849991819427611,0.11813211810226174,0.15816995271190434,0.9374289603450922,0.20476876566487473,0.2616661074651724,6048,303,841
dg_ch3,GPR[Matern_1.5 + White],0.05,5,2,2,C12,0.9919865511483839,0.07289854716058956,0.09654717330249055,0.9440998601604187,0.26136948411066824,0.34595569537746906,6210,311,679
dg_ch3,GPR[Matern_1.5 + White],0.05,5,2,3,C13,0.9879836244978213,0.10284763035415727,0.13895441560524918,0.94489212716004,0.25770891757806685,0.32639179673346475,6483,325,406
dg_ch3,GPR[Matern_1.5 + White],0.05,5,2,4,C14,0.9910408045874287,0.08923893326269444,0.11585758045433592,0.909551558361444,0.253047693120821,0.32706247832399377,6471,324,418
dg_ch3,GPR[Matern_1.5 + White],0.05,5,2,5,C17,0.9879208549620526,0.10544222754349548,0.13775072843704092,0.9561382692452403,0.1603513481977441,0.21210363287711995,6082,305,807
dg_ch3,GPR[Matern_1.5 + White],0.05,5,2,6,C18,0.9932564016358367,0.07018821269836373,0.09362182076574856,0.9517625788349655,0.2669590772681784,0.3368144733517917,6285,315,604
dg_ch3,GPR[Matern_1.5 + White],0.05,5,2,7,C19,0.9925015787095265,0.07470907525455384,0.09813155980742794,0.958171122046257,0.20995796618895884,0.2724130316302366,6206,311,683
dg_ch3,GPR[Matern_1.5 + White],0.05,5,2,8,C2,0.984672067861984,0.11095580509161894,0.14992909828065815,0.9489075637750298,0.17929031365784945,0.23330296378187068,6147,308,742
dg_ch3,GPR[Matern_1.5 + White],0.05,5,2,9,C3,0.9821728931453333,0.12372944742976892,0.17228402374332252,0.9089047527495955,0.19503638611040408,0.26990909536263247,5729,287,1160
dg_ch3,GPR[Matern_1.5 + White],0.05,5,2,10,C4,0.987644340128875,0.09404435451880076,0.1247827752903774,0.7237188294080279,0.4350525672539622,0.5316766613753781,6340,317,549
dg_ch3,GPR[Matern_1.5 + White],0.05,5,3,1,C1,0.9894158080159738,0.09435910511500493,0.12427662101105458,0.9231155979977348,0.22666869791476932,0.29005470111399506,6048,303,841
dg_ch3,GPR[Matern_1.5 + White],0.05,5,3,2,C12,0.9901376033538873,0.0818337601967044,0.10655694163187163,0.9557408752410537,0.24805402663887097,0.3078331937876499,6210,311,679
dg_ch3,GPR[Matern_1.5 + White],0.05,5,3,3,C13,0.9850894312918627,0.10450240410787283,0.13813835402881422,0.9385638990646117,0.2751607478595251,0.34462298024914345,6483,325,406
dg_ch3,GPR[Matern_1.5 + White],0.05,5,3,4,C14,0.990170141041804,0.08817199515845107,0.11954867599958188,0.9116943008060817,0.25458728786851637,0.32316516879828394,6471,324,418
dg_ch3,GPR[Matern_1.5 + White],0.05,5,3,5,C17,0.991322681727778,0.08852650227698272,0.1157802709076987,0.9474733640598069,0.17602264914023796,0.23211062364932955,6082,305,807
dg_ch3,GPR[Matern_1.5 + White],0.05,5,3,6,C18,0.9883127259883908,0.0896865207976331,0.11819465440881247,0.9508903171465554,0.26807207291345936,0.33984608344998635,6285,315,604
dg_ch3,GPR[Matern_1.5 + White],0.05,5,3,7,C19,0.9892650431356693,0.09400063334979979,0.12569130248578828,0.9549312765245351,0.20864878452848,0.2827661381888702,6206,311,683
dg_ch3,GPR[Matern_1.5 + White],0.05,5,3,8,C2,0.9929711988532705,0.0750370956477639,0.09943506391960626,0.9537222822769087,0.17180418471307904,0.2220383117386344,6147,308,742
dg_ch3,GPR[Matern_1.5 + White],0.05,5,3,9,C3,0.9880064691412447,0.10522568666311821,0.13898831880853435,0.9163942959150182,0.19338104070198409,0.25857564367544456,5729,287,1160
dg_ch3,GPR[Matern_1.5 + White],0.05,5,3,10,C4,0.9855038598307546,0.0984970498995606,0.1304723415075008,0.7969744931336218,0.3684232767837443,0.455771594591244,6340,317,549
dg_ch3,GPR[Matern_1.5 + White],0.05,5,4,1,C1,0.9820091704331401,0.11107244204880566,0.14673860308695288,0.9489739143314782,0.1785095468176213,0.23629629668856228,6048,303,841
dg_ch3,GPR[Matern_1.5 + White],0.05,5,4,2,C12,0.9890004611270753,0.08070196524322859,0.10866892934874638,0.953842007790489,0.2538984679972211,0.3143673920742366,6210,311,679
dg_ch3,GPR[Matern_1.5 + White],0.05,5,4,3,C13,0.9893651135976496,0.0995438779324386,0.13072974263807938,0.9481418855223254,0.24720534084353168,0.31662176990307084,6483,325,406
dg_ch3,GPR[Matern_1.5 + White],0.05,5,4,4,C14,0.9856716306846822,0.10953928480767375,0.1508254369373661,0.9108934150165138,0.2614246871791819,0.3246273292451919,6471,324,418
dg_ch3,GPR[Matern_1.5 + White],0.05,5,4,5,C17,0.9884501043483541,0.09088555748318429,0.12603554517285215,0.9647298289733834,0.14341266990347623,0.19019934087181212,6082,305,807
dg_ch3,GPR[Matern_1.5 + White],0.05,5,4,6,C18,0.9914123887224514,0.07899334920743807,0.11113010885910443,0.9489812549798757,0.27381148439724734,0.3463885997890996,6285,315,604
dg_ch3,GPR[Matern_1.5 + White],0.05,5,4,7,C19,0.9897647707784651,0.0928168776175634,0.12804441362129632,0.9603933069416072,0.20225408730128433,0.26507823078210385,6206,311,683
dg_ch3,GPR[Matern_1.5 + White],0.05,5,4,8,C2,0.9911037617617584,0.08242890831376991,0.10976366922538325,0.9582145211817567,0.1632672812930142,0.21098648733061728,6147,308,742
dg_ch3,GPR[Matern_1.5 + White],0.05,5,4,9,C3,0.9907639630055762,0.08371666684682537,0.11354215270739021,0.9234856139559144,0.17683048803375703,0.2473666849858873,5729,287,1160
dg_ch3,GPR[Matern_1.5 + White],0.05,5,4,10,C4,0.988404863910192,0.09585210493788193,0.12852468493956903,0.7232210967589718,0.45278264701051046,0.5321553652857203,6340,317,549
dg_ch3,GPR[Matern_1.5 + White],0.05,5,5,1,C1,0.9850604257374003,0.11536817117238882,0.14825127401393212,0.9249680336363351,0.22777947059760995,0.2865391395667142,6048,303,841
dg_ch3,GPR[Matern_1.5 + White],0.05,5,5,2,C12,0.9867076881995479,0.09061014812926568,0.12573557960807302,0.9530354631174738,0.2479083013774364,0.3171020572366922,6210,311,679
dg_ch3,GPR[Matern_1.5 + White],0.05,5,5,3,C13,0.9918391331726317,0.07937471998493374,0.10702134655268997,0.9497024426841625,0.24251533108921652,0.3118213577989773,6483,325,406
dg_ch3,GPR[Matern_1.5 + White],0.05,5,5,4,C14,0.988915960466479,0.09765990496835665,0.1259528559442253,0.8826794744636903,0.3024383332631443,0.37249219638856684,6471,324,418
dg_ch3,GPR[Matern_1.5 + White],0.05,5,5,5,C17,0.9891754383202316,0.09021245076558655,0.12424372744296655,0.947154693602002,0.1748702477757486,0.23281364746097039,6082,305,807
dg_ch3,GPR[Matern_1.5 + White],0.05,5,5,6,C18,0.9829708814371724,0.09952157703741914,0.1344910434534424,0.9534946767593556,0.2622579394628211,0.33071206431555916,6285,315,604
dg_ch3,GPR[Matern_1.5 + White],0.05,5,5,7,C19,0.9921569549232748,0.0701359324690355,0.09515912726487834,0.9497492878669687,0.22958998826196225,0.2985801159419279,6206,311,683
dg_ch3,GPR[Matern_1.5 + White],0.05,5,5,8,C2,0.9829040747410981,0.11802735838004484,0.1587105904650912,0.9755975829022335,0.12809358177034225,0.16123464776521026,6147,308,742
dg_ch3,GPR[Matern_1.5 + White],0.05,5,5,9,C3,0.9943733597957264,0.06765176474740599,0.09198982881395909,0.9330941615091023,0.16556186748562363,0.23131386702141266,5729,287,1160
dg_ch3,GPR[Matern_1.5 + White],0.05,5,5,10,C4,0.9857365055902619,0.10376023867066718,0.1322720677008022,0.6470578298696521,0.5261506767488194,0.6009297831596369,6340,317,549
dg_ch3,GPR[Matern_1.5 + White],0.05,5,6,1,C1,0.9870609420942562,0.10026888804939803,0.12939645530508528,0.9470585602973506,0.19119645940789928,0.24069034092331004,6048,303,841
dg_ch3,GPR[Matern_1.5 + White],0.05,5,6,2,C12,0.9868182205466678,0.09891063146234348,0.13251351702065253,0.9427507354836324,0.27968230334410654,0.3501055483286728,6210,311,679
dg_ch3,GPR[Matern_1.5 + White],0.05,5,6,3,C13,0.9904990088085741,0.08336579084499841,0.1132986354436166,0.9390045326506881,0.26438541283475525,0.34338489939625566,6483,325,406
dg_ch3,GPR[Matern_1.5 + White],0.05,5,6,4,C14,0.9835161283436655,0.10603746700398865,0.13739196797972167,0.9280557488177571,0.2312485326277416,0.2916944911839175,6471,324,418
dg_ch3,GPR[Matern_1.5 + White],0.05,5,6,5,C17,0.9835313846518915,0.11648714727800127,0.1526153468782936,0.9478838100453405,0.17593788824733195,0.23120198261692948,6082,305,807
dg_ch3,GPR[Matern_1.5 + White],0.05,5,6,6,C18,0.9918807678487934,0.07478537313257777,0.10246371440265387,0.9445617279451198,0.2698984391989515,0.3610800942961064,6285,315,604
dg_ch3,GPR[Matern_1.5 + White],0.05,5,6,7,C19,0.9878961983544089,0.08741203995525872,0.11771712487598619,0.9388224256948063,0.24512415152112405,0.32944725898024585,6206,311,683
dg_ch3,GPR[Matern_1.5 + White],0.05,5,6,8,C2,0.979891231537763,0.11069062811397529,0.153328568111693,0.9531950211165278,0.1715011199814932,0.22329961638951024,6147,308,742
dg_ch3,GPR[Matern_1.5 + White],0.05,5,6,9,C3,0.9887758867660857,0.10286231907661413,0.13467381859509456,0.9189275653383937,0.17949595187933806,0.2546280638911935,5729,287,1160
dg_ch3,GPR[Matern_1.5 + White],0.05,5,6,10,C4,0.9935675175012504,0.07399447527967114,0.09862131974229214,0.6971497637549453,0.4661532082929072,0.5566547399951202,6340,317,549
dg_ch3,GPR[Matern_1.5 + White],0.05,5,7,1,C1,0.9801350312990054,0.10976390416961967,0.1503271701276771,0.9444421590380474,0.19992525112653486,0.24656615825104855,6048,303,841
dg_ch3,GPR[Matern_1.5 + White],0.05,5,7,2,C12,0.9905912260563483,0.08370892809275525,0.10871180378632721,0.9434692243713797,0.27723523904193437,0.34790166693300306,6210,311,679
dg_ch3,GPR[Matern_1.5 + White],0.05,5,7,3,C13,0.9901710668971904,0.09082228691773013,0.12419161917012775,0.9473094712702941,0.2469524770062412,0.31915282245017457,6483,325,406
dg_ch3,GPR[Matern_1.5 + White],0.05,5,7,4,C14,0.9876153979225377,0.10776450171030354,0.14171544515058493,0.888334249905652,0.31593752896473165,0.36340439282271986,6471,324,418
dg_ch3,GPR[Matern_1.5 + White],0.05,5,7,5,C17,0.9880261661533484,0.10462855734255004,0.13876320968017408,0.9471111177918907,0.1710024048257464,0.23290961580202274,6082,305,807
dg_ch3,GPR[Matern_1.5 + White],0.05,5,7,6,C18,0.9946705617770408,0.06384241679753981,0.08734982662183338,0.9479381739479964,0.2598434906341992,0.34991165059067564,6285,315,604
dg_ch3,GPR[Matern_1.5 + White],0.05,5,7,7,C19,0.9877126010059403,0.09164608377563527,0.12310927770289867,0.9619413927495847,0.19848526734257677,0.2598461087749288,6206,311,683
dg_ch3,GPR[Matern_1.5 + White],0.05,5,7,8,C2,0.9809989822583803,0.11561718631320377,0.1534012009024789,0.9586922680606239,0.16591658261650327,0.20977688160161467,6147,308,742
dg_ch3,GPR[Matern_1.5 + White],0.05,5,7,9,C3,0.9901718564853632,0.09216066434992339,0.1233190931114155,0.9000716966818496,0.20442652083918675,0.28269225940399734,5729,287,1160
dg_ch3,GPR[Matern_1.5 + White],0.05,5,7,10,C4,0.9863976206946491,0.1059698436122931,0.1422486757811513,0.7736563324317391,0.39665693637977445,0.4812338050581777,6340,317,549
dg_ch3,GPR[Matern_1.5 + White],0.05,5,8,1,C1,0.9859517812699118,0.09383564247787576,0.12625247787955304,0.9386322779998177,0.20710134851316578,0.2591378131956515,6048,303,841
dg_ch3,GPR[Matern_1.5 + White],0.05,5,8,2,C12,0.9818895743873483,0.11292617682527846,0.15189682264156318,0.9521627445775592,0.26145925544124776,0.32003477026490595,6210,311,679
dg_ch3,GPR[Matern_1.5 + White],0.05,5,8,3,C13,0.9865061333061179,0.0992331749564999,0.13746313201186863,0.9413433796047442,0.27108696989298814,0.3367370706624735,6483,325,406
dg_ch3,GPR[Matern_1.5 + White],0.05,5,8,4,C14,0.9945498678881549,0.06527161169501942,0.08986853880951372,0.6873400403795411,0.5421179682656783,0.6080878313576199,6471,324,418
dg_ch3,GPR[Matern_1.5 + White],0.05,5,8,5,C17,0.995683028593949,0.06250004119589331,0.08535318731823176,0.928514150907363,0.20071944673146488,0.27077917753420605,6082,305,807
dg_ch3,GPR[Matern_1.5 + White],0.05,5,8,6,C18,0.9864448447365455,0.09586841640559314,0.13014372933310162,0.9546282858361406,0.25252170375872796,0.326656495315823,6285,315,604
dg_ch3,GPR[Matern_1.5 + White],0.05,5,8,7,C19,0.992806399961036,0.06608366044021728,0.09031853154120424,0.9617014050734844,0.2026718857373301,0.2606640822998164,6206,311,683
dg_ch3,GPR[Matern_1.5 + White],0.05,5,8,8,C2,0.9915906074920524,0.07914302122283938,0.108180730601628,0.9632578487691742,0.1540302103554868,0.1978446179033296,6147,308,742
dg_ch3,GPR[Matern_1.5 + White],0.05,5,8,9,C3,0.9900533192930822,0.08850416285515854,0.11678013064182657,0.9278244037685285,0.17686081437296045,0.2402508042912375,5729,287,1160
dg_ch3,GPR[Matern_1.5 + White],0.05,5,8,10,C4,0.9894471233164247,0.09296519769679475,0.12915752018815463,0.6710612362316883,0.49351456451995535,0.5801355523274587,6340,317,549
dg_ch3,GPR[Matern_1.5 + White],0.05,5,9,1,C1,0.9859418094711854,0.11399563490433519,0.15293431056317372,0.9032009641110227,0.24696556500463082,0.3254590139024251,6048,303,841
dg_ch3,GPR[Matern_1.5 + White],0.05,5,9,2,C12,0.9918854077055349,0.08032352565059585,0.10692388396744794,0.9535617867063652,0.25034546289785103,0.3153201964670477,6210,311,679
dg_ch3,GPR[Matern_1.5 + White],0.05,5,9,3,C13,0.9911475578590585,0.083342257490967,0.11361837696989299,0.941901111033841,0.2580218877357441,0.33513232918042973,6483,325,406
dg_ch3,GPR[Matern_1.5 + White],0.05,5,9,4,C14,0.9883011314480633,0.10223272368272285,0.13633845900648212,0.9352104023461576,0.22029469066217552,0.27681066613383026,6471,324,418
dg_ch3,GPR[Matern_1.5 + White],0.05,5,9,5,C17,0.9916755655198053,0.08502910760984746,0.1145391755232993,0.9560009872035169,0.16129364662558068,0.21243530322929421,6082,305,807
dg_ch3,GPR[Matern_1.5 + White],0.05,5,9,6,C18,0.9852437862879618,0.0986305790624841,0.13227785889294186,0.9493667775221717,0.2761942558864718,0.345077377357456,6285,315,604
dg_ch3,GPR[Matern_1.5 + White],0.05,5,9,7,C19,0.9916090850061008,0.0856935164858382,0.1168013755109373,0.9506073338821592,0.23440206490877505,0.2960199674428593,6206,311,683
dg_ch3,GPR[Matern_1.5 + White],0.05,5,9,8,C2,0.9928593920017394,0.08030696798430396,0.11104148589757183,0.9535598786788699,0.17864045709396925,0.2224275729368373,6147,308,742
dg_ch3,GPR[Matern_1.5 + White],0.05,5,9,9,C3,0.9920617641000689,0.08553961963616119,0.11331207009249951,0.9178249200857023,0.19033785388143884,0.2563537812279142,5729,287,1160
dg_ch3,GPR[Matern_1.5 + White],0.05,5,9,10,C4,0.990528092215837,0.0841232108650145,0.11178714955914633,0.7663704812646669,0.38740053013977005,0.4889177565497106,6340,317,549
dg_ch3,GPR[Matern_1.5 + White],0.05,5,10,1,C1,0.9914080778305967,0.08564941448458689,0.11133652672935243,0.9465854683138031,0.18290693077097525,0.24176337005918033,6048,303,841
dg_ch3,GPR[Matern_1.5 + White],0.05,5,10,2,C12,0.9900219031554495,0.0848083163836072,0.11390167671114394,0.9463224354772165,0.2635261067636638,0.3390083839899047,6210,311,679
dg_ch3,GPR[Matern_1.5 + White],0.05,5,10,3,C13,0.9901273829631096,0.09041059705048847,0.12209582645010236,0.9489270769460384,0.24657985685320138,0.3142156185360956,6483,325,406
dg_ch3,GPR[Matern_1.5 + White],0.05,5,10,4,C14,0.9896845124327357,0.08966724493771559,0.11936206634798044,0.7539006119664623,0.45138545722598716,0.5394925426359461,6471,324,418
dg_ch3,GPR[Matern_1.5 + White],0.05,5,10,5,C17,0.9881783205556954,0.09801962135378114,0.13153346885408668,0.9541339390157332,0.15868211766308604,0.21689570236475733,6082,305,807
dg_ch3,GPR[Matern_1.5 + White],0.05,5,10,6,C18,0.9910519299216832,0.08409969795951189,0.11076841980157591,0.9506718038994519,0.27737912625766553,0.3406013158638343,6285,315,604
dg_ch3,GPR[Matern_1.5 + White],0.05,5,10,7,C19,0.9875255505438642,0.09927902251125893,0.13259538035375953,0.9491927135505442,0.2277690713913844,0.30022909156656746,6206,311,683
dg_ch3,GPR[Matern_1.5 + White],0.05,5,10,8,C2,0.990113470563868,0.09250724137252586,0.12461989704390962,0.9604685063490056,0.16221276278732208,0.2052171075648334,6147,308,742
dg_ch3,GPR[Matern_1.5 + White],0.05,5,10,9,C3,0.9927276239927957,0.07538904855890372,0.09994632818131112,0.9157661931459212,0.18334782132558117,0.25954512406336583,5729,287,1160
dg_ch3,GPR[Matern_1.5 + White],0.05,5,10,10,C4,0.9907161163953775,0.09251865098129304,0.12428564711109197,0.7238119806921695,0.4644889353989889,0.5315870234551666,6340,317,549
dg_ch3,GPR[Matern_1.5 + White],0.1,10,1,1,C1,0.9892363311952307,0.09806687607829744,0.1317400105540866,0.9587231339893759,0.17038843911482657,0.21252701680068745,6048,605,841
dg_ch3,GPR[Matern_1.5 + White],0.1,10,1,2,C12,0.9891377484392454,0.0877481386980966,0.11947368139496753,0.9640171466484778,0.2152334739580794,0.2775631687833262,6210,621,679
dg_ch3,GPR[Matern_1.5 + White],0.1,10,1,3,C13,0.9907453121550559,0.0861550849759012,0.11808488340435933,0.9558071755282938,0.21907872522816,0.292286186392966,6483,649,406
dg_ch3,GPR[Matern_1.5 + White],0.1,10,1,4,C14,0.9883701097892474,0.09761619800268014,0.13099812953111875,0.7614922745644429,0.4395673845957119,0.5311062403859829,6471,648,418
dg_ch3,GPR[Matern_1.5 + White],0.1,10,1,5,C17,0.9838805801720053,0.1090281907103943,0.15276469560572828,0.9488839577324251,0.16577503440319816,0.2289727684290127,6082,609,807
dg_ch3,GPR[Matern_1.5 + White],0.1,10,1,6,C18,0.9893806957515378,0.08795958612238244,0.11804671219527356,0.9618972681839767,0.24010575220913313,0.29934827614306214,6285,629,604
dg_ch3,GPR[Matern_1.5 + White],0.1,10,1,7,C19,0.9841720173374391,0.10423438209685752,0.14323389979735449,0.9628112490548894,0.2045073459449565,0.2568594616300856,6206,621,683
dg_ch3,GPR[Matern_1.5 + White],0.1,10,1,8,C2,0.9860285991418491,0.10477258594801128,0.1453958488356917,0.9681876413286487,0.1463173856444774,0.18409410645194257,6147,615,742
dg_ch3,GPR[Matern_1.5 + White],0.1,10,1,9,C3,0.9886613321187092,0.10051306549096335,0.1320993150742128,0.938961840048571,0.15275756138515612,0.2209379787819998,5729,573,1160
dg_ch3,GPR[Matern_1.5 + White],0.1,10,1,10,C4,0.9882267000481497,0.09208695288929056,0.12570104802787826,0.7749958880001206,0.3962838014442911,0.47980766390449264,6340,634,549
dg_ch3,GPR[Matern_1.5 + White],0.1,10,2,1,C1,0.9868353710056702,0.10646176671920728,0.1448560227144297,0.947184086794143,0.18746199927851023,0.24040482785604209,6048,605,841
dg_ch3,GPR[Matern_1.5 + White],0.1,10,2,2,C12,0.9883706628423816,0.08645807441676047,0.1163911278706383,0.9657254810870081,0.214611327974184,0.2708942091613251,6210,621,679
dg_ch3,GPR[Matern_1.5 + White],0.1,10,2,3,C13,0.9835391776082109,0.11545831089762164,0.15468416772732663,0.9540950435362295,0.22569930619011036,0.2978943053210233,6483,649,406
dg_ch3,GPR[Matern_1.5 + White],0.1,10,2,4,C14,0.9891057294240001,0.09932953950496747,0.12964713766155597,0.8425090519934559,0.3508581258488887,0.4315766877289293,6471,648,418
dg_ch3,GPR[Matern_1.5 + White],0.1,10,2,5,C17,0.9881749974647245,0.09952974709041643,0.13270293698595215,0.9529603798345964,0.1675203736301729,0.2196529942903145,6082,609,807
dg_ch3,GPR[Matern_1.5 + White],0.1,10,2,6,C18,0.9916788366367452,0.08111165211728676,0.10641720310427392,0.9564449344441873,0.24756233804085465,0.32005015391630387,6285,629,604
dg_ch3,GPR[Matern_1.5 + White],0.1,10,2,7,C19,0.9894805683316553,0.08850519217562386,0.1187996833610958,0.9633362290720215,0.19950149114388244,0.25504002210469945,6206,621,683
dg_ch3,GPR[Matern_1.5 + White],0.1,10,2,8,C2,0.9877676955334056,0.10442821651212189,0.1407043465244347,0.9513624828617846,0.16593695535900788,0.2276290304522567,6147,615,742
dg_ch3,GPR[Matern_1.5 + White],0.1,10,2,9,C3,0.9881910693321324,0.10196120605400837,0.13722195137526058,0.9334659380007081,0.16264201757076588,0.23067029944806106,5729,573,1160
dg_ch3,GPR[Matern_1.5 + White],0.1,10,2,10,C4,0.9863438396950566,0.0998684459078574,0.13678571075224608,0.8050680669841974,0.3599216384431234,0.4465945797755279,6340,634,549
dg_ch3,GPR[Matern_1.5 + White],0.1,10,3,1,C1,0.989593819023703,0.09448268469197178,0.1282741838676024,0.9432586461622732,0.19505321937283165,0.24917853906966536,6048,605,841
dg_ch3,GPR[Matern_1.5 + White],0.1,10,3,2,C12,0.9883745953255108,0.0934230966044352,0.12329253755062129,0.9626883699704443,0.22093419541916035,0.2826416428302333,6210,621,679
dg_ch3,GPR[Matern_1.5 + White],0.1,10,3,3,C13,0.9853731353198307,0.10611615561326489,0.1391818545381218,0.9506705109983856,0.24460660932314043,0.3088059926062618,6483,649,406
dg_ch3,GPR[Matern_1.5 + White],0.1,10,3,4,C14,0.9876079130582429,0.09690309176898523,0.13225711014936403,0.8909897999553714,0.2965638286411468,0.35905728881303345,6471,648,418
dg_ch3,GPR[Matern_1.5 + White],0.1,10,3,5,C17,0.9870132584478775,0.1010121978771695,0.13768289071731635,0.9577153607110797,0.1563325645568076,0.2082555287611485,6082,609,807
dg_ch3,GPR[Matern_1.5 + White],0.1,10,3,6,C18,0.9888146434460212,0.09096752610586967,0.12269025103467096,0.9559115644158808,0.24224055234906897,0.32200383857331516,6285,629,604
dg_ch3,GPR[Matern_1.5 + White],0.1,10,3,7,C19,0.9831902668513067,0.10874577643977529,0.15131920353484787,0.9663403111658442,0.1823070538995034,0.24436827343766973,6206,621,683
dg_ch3,GPR[Matern_1.5 + White],0.1,10,3,8,C2,0.9871196195111532,0.10140903839907783,0.13518859966480568,0.9708782262595558,0.14239967556850555,0.17613710818627137,6147,615,742
dg_ch3,GPR[Matern_1.5 + White],0.1,10,3,9,C3,0.9851402859764785,0.11297949957871235,0.15247992761868803,0.9263245164272197,0.1768506520064338,0.24273430460393225,5729,573,1160
dg_ch3,GPR[Matern_1.5 + White],0.1,10,3,10,C4,0.9869644562918203,0.100692115737159,0.1331366632623277,0.8360104504932699,0.3181183762259063,0.4096189495651288,6340,634,549
dg_ch3,GPR[Matern_1.5 + White],0.1,10,4,1,C1,0.9812775086611383,0.11405831983741448,0.15604134157411478,0.961607398729745,0.1544777965623019,0.20496728930761637,6048,605,841
dg_ch3,GPR[Matern_1.5 + White],0.1,10,4,2,C12,0.9862355773968784,0.08881996959629734,0.12131348890004083,0.9501059951673908,0.2530828790338998,0.3268422713407757,6210,621,679
dg_ch3,GPR[Matern_1.5 + White],0.1,10,4,3,C13,0.987837319892397,0.09967565415903928,0.1335723127151638,0.9532592746001015,0.23560866040466308,0.30059388074392834,6483,649,406
dg_ch3,GPR[Matern_1.5 + White],0.1,10,4,4,C14,0.9855370604335977,0.10498116812133018,0.14370984066126427,0.8326350472144289,0.3632077233910538,0.4449000336841141,6471,648,418
dg_ch3,GPR[Matern_1.5 + White],0.1,10,4,5,C17,0.9906008606777948,0.0842978605793832,0.11493436361950049,0.962424753880565,0.14830741004035738,0.19631620122395105,6082,609,807
dg_ch3,GPR[Matern_1.5 + White],0.1,10,4,6,C18,0.989135962666967,0.08691481140778169,0.12050369665888555,0.9559545058124537,0.24820721349525565,0.32184698720315663,6285,629,604
dg_ch3,GPR[Matern_1.5 + White],0.1,10,4,7,C19,0.9869405870560116,0.10508428333030974,0.1428898471814909,0.9629994214573547,0.20906089048146848,0.25620879230934845,6206,621,683
dg_ch3,GPR[Matern_1.5 + White],0.1,10,4,8,C2,0.9895217531735239,0.09012807247206338,0.12257316889050764,0.9633550691921837,0.15591739783144268,0.19758269423532987,6147,615,742
dg_ch3,GPR[Matern_1.5 + White],0.1,10,4,9,C3,0.9857662274635876,0.10280366757080439,0.1401110742808309,0.9356323000709884,0.1570260313883447,0.22688388778301735,5729,573,1160
dg_ch3,GPR[Matern_1.5 + White],0.1,10,4,10,C4,0.9880807491181423,0.09454842988998,0.1267360933990011,0.8082323528014911,0.35784474219859713,0.44295501507119056,6340,634,549
dg_ch3,GPR[Matern_1.5 + White],0.1,10,5,1,C1,0.9835598438048422,0.11053896717177322,0.14869612179353417,0.9451126948255735,0.20006817648914366,0.24507371977735715,6048,605,841
dg_ch3,GPR[Matern_1.5 + White],0.1,10,5,2,C12,0.9857157960852216,0.09781439590097092,0.13310431888406676,0.9576346860722028,0.23073212941148136,0.30117523089059095,6210,621,679
dg_ch3,GPR[Matern_1.5 + White],0.1,10,5,3,C13,0.9871354334678374,0.1012722114213395,0.13437424586823382,0.9548254789764563,0.22500696244284285,0.2955147682424341,6483,649,406
dg_ch3,GPR[Matern_1.5 + White],0.1,10,5,4,C14,0.9836451535898032,0.10798334678405441,0.14622519732271347,0.8611312024099244,0.33787711935935455,0.40525885823728236,6471,648,418
dg_ch3,GPR[Matern_1.5 + White],0.1,10,5,5,C17,0.9876021155974627,0.10190874091780786,0.13838169940766912,0.9517524421202257,0.16418871713846142,0.22245536935382018,6082,609,807
dg_ch3,GPR[Matern_1.5 + White],0.1,10,5,6,C18,0.98400336692215,0.09745241355584945,0.13289725045111753,0.9591496885295551,0.24419725902426406,0.3099533899916097,6285,629,604
dg_ch3,GPR[Matern_1.5 + White],0.1,10,5,7,C19,0.9907381112558964,0.08074364946612783,0.10769008730676136,0.9601507324506122,0.21169530107833417,0.26588873852404876,6206,621,683
dg_ch3,GPR[Matern_1.5 + White],0.1,10,5,8,C2,0.9857387701503247,0.11052144508064002,0.14806746800345363,0.9735455030877989,0.13756633234755958,0.16787719480751045,6147,615,742
dg_ch3,GPR[Matern_1.5 + White],0.1,10,5,9,C3,0.9909444839277548,0.08810594221809864,0.11919711694388004,0.9369504105184726,0.16155826420168956,0.2245488275193547,5729,573,1160
dg_ch3,GPR[Matern_1.5 + White],0.1,10,5,10,C4,0.9887701204645426,0.09776916937051117,0.12801140181495357,0.763908937803259,0.4087037937723994,0.49148665040317535,6340,634,549
dg_ch3,GPR[Matern_1.5 + White],0.1,10,6,1,C1,0.9874620854237255,0.09728669360669084,0.12906713878830936,0.9563558697650479,0.1730505037081268,0.21853636241705643,6048,605,841
dg_ch3,GPR[Matern_1.5 + White],0.1,10,6,2,C12,0.9864313700066761,0.1028429480482465,0.13553909927668467,0.949477851576544,0.25474750199697516,0.3288932366123743,6210,621,679
dg_ch3,GPR[Matern_1.5 + White],0.1,10,6,3,C13,0.9862128109360935,0.10237673363155374,0.1396107058725917,0.9533247208823492,0.2284812177526371,0.3003833615119696,6483,649,406
dg_ch3,GPR[Matern_1.5 + White],0.1,10,6,4,C14,0.9825900287511383,0.11148723157610846,0.14937629871662916,0.9219897687323071,0.2372832062668823,0.30374277871530303,6471,648,418
dg_ch3,GPR[Matern_1.5 + White],0.1,10,6,5,C17,0.9881235855235913,0.10204298661315314,0.1360855482207651,0.9583445128192862,0.15873169094287748,0.20670040798546882,6082,609,807
dg_ch3,GPR[Matern_1.5 + White],0.1,10,6,6,C18,0.9892262658304647,0.08824744746600374,0.11957942283915324,0.9581500487624748,0.24250166577792082,0.31372287238308333,6285,629,604
dg_ch3,GPR[Matern_1.5 + White],0.1,10,6,7,C19,0.9834109165638945,0.10530996858339346,0.14455500702435528,0.9519806928811589,0.21973214983297595,0.29187555019411354,6206,621,683
dg_ch3,GPR[Matern_1.5 + White],0.1,10,6,8,C2,0.9845677413532355,0.10858743255924663,0.14471695069668358,0.9706498290567909,0.14267491465357424,0.17682646614242065,6147,615,742
dg_ch3,GPR[Matern_1.5 + White],0.1,10,6,9,C3,0.98734752131872,0.10928348381885866,0.1455991950023961,0.9282774124665746,0.1683233716028236,0.23949565279903542,5729,573,1160
dg_ch3,GPR[Matern_1.5 + White],0.1,10,6,10,C4,0.9877194136110377,0.09754778139695745,0.13249967873291565,0.786674385202209,0.374362545988795,0.4671899115270545,6340,634,549
dg_ch3,GPR[Matern_1.5 + White],0.1,10,7,1,C1,0.9836013593788361,0.10617620436272175,0.1466747234440427,0.961932381802594,0.1668876562948754,0.20409794914926593,6048,605,841
dg_ch3,GPR[Matern_1.5 + White],0.1,10,7,2,C12,0.9902943353126635,0.08562314133257319,0.11450462132644322,0.9555886523699852,0.24057713165652791,0.3083621133105091,6210,621,679
dg_ch3,GPR[Matern_1.5 + White],0.1,10,7,3,C13,0.9887357246591049,0.09366924390372537,0.1259446189978195,0.95119806731863,0.23716939288258077,0.307150284529474,6483,649,406
dg_ch3,GPR[Matern_1.5 + White],0.1,10,7,4,C14,0.9876212102911275,0.10330313254976074,0.14021454997562915,0.799897507068935,0.42877662893333923,0.4864704094621857,6471,648,418
dg_ch3,GPR[Matern_1.5 + White],0.1,10,7,5,C17,0.9887160951209254,0.09634301778745817,0.1308941266547369,0.9577191389862012,0.1563785100427167,0.20824622438639095,6082,609,807
dg_ch3,GPR[Matern_1.5 + White],0.1,10,7,6,C18,0.989975110286878,0.0829387026076501,0.11103118206209305,0.958549787782055,0.24424203530275027,0.3122209808360842,6285,629,604
dg_ch3,GPR[Matern_1.5 + White],0.1,10,7,7,C19,0.9900894598792599,0.08535552640644659,0.11441629474146688,0.9716417508201743,0.17452986781279148,0.2243001061375814,6206,621,683
dg_ch3,GPR[Matern_1.5 + White],0.1,10,7,8,C2,0.9823797249977722,0.1156674490279115,0.15469395409791487,0.9634806883250946,0.15713803351493463,0.19724374593262342,6147,615,742
dg_ch3,GPR[Matern_1.5 + White],0.1,10,7,9,C3,0.9896036794277956,0.09569154049354787,0.12930004412346358,0.9317322124653297,0.17362045703511217,0.23365634248585762,5729,573,1160
dg_ch3,GPR[Matern_1.5 + White],0.1,10,7,10,C4,0.9830450614125109,0.1153449552078096,0.15907403497803635,0.7903448789445301,0.3859783434081868,0.4631532230298896,6340,634,549
dg_ch3,GPR[Matern_1.5 + White],0.1,10,8,1,C1,0.9813064179519825,0.10934711501793057,0.15105054043612415,0.9585727118235916,0.16959428929273934,0.21291391271652937,6048,605,841
dg_ch3,GPR[Matern_1.5 + White],0.1,10,8,2,C12,0.9868447427851036,0.10266936789783611,0.13867007388516336,0.9621274757352536,0.22250683781550198,0.2847581506532223,6210,621,679
dg_ch3,GPR[Matern_1.5 + White],0.1,10,8,3,C13,0.9888217113812113,0.09382720618397947,0.1269524240175283,0.9511829960704813,0.24229042492977673,0.30719770868421287,6483,649,406
dg_ch3,GPR[Matern_1.5 + White],0.1,10,8,4,C14,0.9920098687848762,0.07965832651674692,0.1084761739372061,0.8429128858274497,0.369205625015934,0.4310230142051987,6471,648,418
dg_ch3,GPR[Matern_1.5 + White],0.1,10,8,5,C17,0.9916234843615883,0.08631065024149562,0.115276201752079,0.9545933818376185,0.1584619920253329,0.21580664019132065,6082,609,807
dg_ch3,GPR[Matern_1.5 + White],0.1,10,8,6,C18,0.9840476196296314,0.10580306490249672,0.1407205712843736,0.9592827575140844,0.241597616495501,0.30944814504967255,6285,629,604
dg_ch3,GPR[Matern_1.5 + White],0.1,10,8,7,C19,0.9878671307731726,0.08976712020571934,0.12389184125693155,0.9623956951074553,0.19957831268233758,0.2582905723117004,6206,621,683
dg_ch3,GPR[Matern_1.5 + White],0.1,10,8,8,C2,0.9842720765564069,0.10865172515839512,0.14813337500530685,0.9707258251204408,0.14393813630826485,0.17659739038214844,6147,615,742
dg_ch3,GPR[Matern_1.5 + White],0.1,10,8,9,C3,0.988785898534712,0.09509802654741045,0.12514034455575204,0.9372320632904713,0.16074475281847342,0.2240467180714988,5729,573,1160
dg_ch3,GPR[Matern_1.5 + White],0.1,10,8,10,C4,0.985769519237455,0.10573392709405444,0.14529434529024296,0.7438033736420877,0.41819754889577093,0.5119866729427166,6340,634,549
dg_ch3,GPR[Matern_1.5 + White],0.1,10,9,1,C1,0.9828334904575236,0.1134761070519553,0.15431781498454505,0.9500409229820072,0.18237541475598018,0.23381264318469275,6048,605,841
dg_ch3,GPR[Matern_1.5 + White],0.1,10,9,2,C12,0.9918497098038134,0.07765553842391235,0.10392751347021485,0.9604548168841429,0.22882355049908995,0.2909784545843909,6210,621,679
dg_ch3,GPR[Matern_1.5 + White],0.1,10,9,3,C13,0.990717723817438,0.08587755981864043,0.11501770665191535,0.9494342238161512,0.23671808010275186,0.312651668172581,6483,649,406
dg_ch3,GPR[Matern_1.5 + White],0.1,10,9,4,C14,0.9874387618911089,0.10177919086026861,0.1357369689754732,0.827613614038399,0.3707810901919815,0.45152485455399366,6471,648,418
dg_ch3,GPR[Matern_1.5 + White],0.1,10,9,5,C17,0.9888312304239019,0.1001225643064563,0.1318650283536486,0.9546062918128341,0.16238928066556713,0.21577595902027516,6082,609,807
dg_ch3,GPR[Matern_1.5 + White],0.1,10,9,6,C18,0.9846597206224613,0.0998201099058822,0.13198049073989174,0.9536995586385371,0.2577426430392152,0.3299827746766575,6285,629,604
dg_ch3,GPR[Matern_1.5 + White],0.1,10,9,7,C19,0.9896804148437818,0.09343498466854969,0.12884002316740642,0.9622198293086527,0.20429525254128147,0.25889384754959804,6206,621,683
dg_ch3,GPR[Matern_1.5 + White],0.1,10,9,8,C2,0.9902423806117538,0.09514848704960226,0.12750064859153248,0.959449324928771,0.16838935126533874,0.2078456762549842,6147,615,742
dg_ch3,GPR[Matern_1.5 + White],0.1,10,9,9,C3,0.9919064709239312,0.08636071296712694,0.11617625322471264,0.9349871888277916,0.16544195206806275,0.22801800042546821,5729,573,1160
dg_ch3,GPR[Matern_1.5 + White],0.1,10,9,10,C4,0.9877678639389273,0.0942191102682359,0.1263818492139829,0.8130962604252188,0.34068102142404466,0.43730148136923086,6340,634,549
dg_ch3,GPR[Matern_1.5 + White],0.1,10,10,1,C1,0.9909325755481875,0.08762463053595591,0.11749948668542815,0.9510390368832398,0.1767227866115895,0.23146523140285016,6048,605,841
dg_ch3,GPR[Matern_1.5 + White],0.1,10,10,2,C12,0.9892041417084078,0.0910780218689618,0.11947319597395514,0.9643934045781967,0.21604123733436634,0.27610817314441494,6210,621,679
dg_ch3,GPR[Matern_1.5 + White],0.1,10,10,3,C13,0.989499053990045,0.0932035180049641,0.12449804383180872,0.9498233654020489,0.23537120091697883,0.311446300060193,6483,649,406
dg_ch3,GPR[Matern_1.5 + White],0.1,10,10,4,C14,0.9875715280589374,0.09835338465768911,0.13369059132914102,0.7053058129067147,0.5066841055356397,0.5903586944494887,6471,648,418
dg_ch3,GPR[Matern_1.5 + White],0.1,10,10,5,C17,0.9873884702427057,0.09832392724092806,0.1308502180953059,0.9602031984353907,0.15310274438730756,0.20203625493783814,6082,609,807
dg_ch3,GPR[Matern_1.5 + White],0.1,10,10,6,C18,0.9859197504754346,0.0989242491187725,0.13604850368842486,0.9546374601163852,0.2578632700358639,0.3266234682438416,6285,629,604
dg_ch3,GPR[Matern_1.5 + White],0.1,10,10,7,C19,0.9901377435259311,0.08796215557972765,0.11759115039678315,0.9565265628841098,0.21231893003864158,0.2777165496317456,6206,621,683
dg_ch3,GPR[Matern_1.5 + White],0.1,10,10,8,C2,0.987973270658194,0.09912743765258644,0.13262309750699608,0.9653268839865161,0.15327315577264317,0.19219336317403168,6147,615,742
dg_ch3,GPR[Matern_1.5 + White],0.1,10,10,9,C3,0.9895114651107315,0.09139558969905416,0.12242219660416034,0.9407211351769869,0.1554104642857611,0.21773066516397588,5729,573,1160
dg_ch3,GPR[Matern_1.5 + White],0.1,10,10,10,C4,0.9876634165386431,0.09698434830724363,0.132511461972919,0.7901862958351225,0.3928951587613539,0.46332835444106996,6340,634,549
dg_ch3,GPR[Matern_1.5 + White],0.15,15,1,1,C1,0.9901786940048956,0.09365394032144178,0.12641484399310168,0.9619381148327164,0.16613682990697404,0.20408257986949838,6048,908,841
dg_ch3,GPR[Matern_1.5 + White],0.15,15,1,2,C12,0.9853755352885992,0.10053002817700848,0.13881471032597373,0.9627144273932685,0.21617256826308934,0.28254293099290806,6210,932,679
dg_ch3,GPR[Matern_1.5 + White],0.15,15,1,3,C13,0.9900803325444306,0.08627428780377593,0.11793531667183225,0.9606343518977437,0.2059720612120202,0.27586151321376523,6483,973,406
dg_ch3,GPR[Matern_1.5 + White],0.15,15,1,4,C14,0.9877650508099123,0.10030140676812128,0.13437977950638844,0.7592294882962319,0.45424544618235874,0.5336196661999105,6471,971,418
dg_ch3,GPR[Matern_1.5 + White],0.15,15,1,5,C17,0.9843919741281154,0.10710644293131741,0.1499545408546858,0.9589339530900084,0.15334289421229197,0.20523275461234994,6082,913,807
dg_ch3,GPR[Matern_1.5 + White],0.15,15,1,6,C18,0.9889773774475661,0.09079015904862431,0.12327557411520085,0.9654026250698722,0.22845358335875585,0.285246469944013,6285,943,604
dg_ch3,GPR[Matern_1.5 + White],0.15,15,1,7,C19,0.9855369696184577,0.0994370627097777,0.13564525193634827,0.9672978037181822,0.19070382322350393,0.2408675151656803,6206,931,683
dg_ch3,GPR[Matern_1.5 + White],0.15,15,1,8,C2,0.985651927239725,0.10486949565773626,0.14487951845584135,0.9643072346343687,0.15215841360199214,0.1949988493565295,6147,923,742
dg_ch3,GPR[Matern_1.5 + White],0.15,15,1,9,C3,0.9870068168587834,0.10737446389847217,0.14138379189711137,0.9433214040777043,0.14647901996791587,0.2129017355057992,5729,860,1160
dg_ch3,GPR[Matern_1.5 + White],0.15,15,1,10,C4,0.9863719749273498,0.10043891624285936,0.13608166047340986,0.7704753821320851,0.4029692206243562,0.4846035481551528,6340,951,549
dg_ch3,GPR[Matern_1.5 + White],0.15,15,2,1,C1,0.984586560363677,0.11233339078244294,0.1540285909782816,0.9565834872308125,0.1743637287482567,0.2179657505360245,6048,908,841
dg_ch3,GPR[Matern_1.5 + White],0.15,15,2,2,C12,0.9878316571230265,0.09133751516970799,0.12290632622219613,0.9674427302552913,0.2067203699055554,0.26402072932154724,6210,932,679
dg_ch3,GPR[Matern_1.5 + White],0.15,15,2,3,C13,0.9884312534695365,0.09411583407062553,0.12722289821771032,0.9565028368435746,0.21213334583180318,0.2899765496540346,6483,973,406
dg_ch3,GPR[Matern_1.5 + White],0.15,15,2,4,C14,0.9876787088741958,0.10303032360001836,0.1331330214896187,0.7938401068218974,0.42861163592749735,0.4937786059305875,6471,971,418
dg_ch3,GPR[Matern_1.5 + White],0.15,15,2,5,C17,0.9881916463304248,0.09765277398116926,0.13058399316788377,0.9553664242345421,0.1633500135114682,0.21396171257879293,6082,913,807
dg_ch3,GPR[Matern_1.5 + White],0.15,15,2,6,C18,0.9896360423207033,0.08773674706308913,0.11604513621929216,0.9618710941988527,0.23359321081024642,0.2994510744447014,6285,943,604
dg_ch3,GPR[Matern_1.5 + White],0.15,15,2,7,C19,0.989168773081642,0.09210134894538527,0.1228525479199145,0.9672560895178558,0.18498202648656728,0.24102108885247833,6206,931,683
dg_ch3,GPR[Matern_1.5 + White],0.15,15,2,8,C2,0.9878797983900267,0.09751502621889026,0.13351664072247696,0.9618038030499152,0.15465034962927926,0.20172141791035736,6147,923,742
dg_ch3,GPR[Matern_1.5 + White],0.15,15,2,9,C3,0.9882005875151267,0.10429257810207315,0.13977714421522253,0.9420072351280553,0.14970574710824286,0.21535579739598415,5729,860,1160
dg_ch3,GPR[Matern_1.5 + White],0.15,15,2,10,C4,0.9850085682484758,0.10466938230614431,0.1416184279375252,0.8333521754629971,0.3191919737684242,0.412925570452312,6340,951,549
dg_ch3,GPR[Matern_1.5 + White],0.15,15,3,1,C1,0.9877025931437302,0.1017596395003011,0.13732262013584698,0.9456818022370442,0.19400466244544579,0.24379986698133785,6048,908,841
dg_ch3,GPR[Matern_1.5 + White],0.15,15,3,2,C12,0.9873432840536079,0.09613107407419375,0.1278386941243824,0.9637723850602927,0.21725722948353074,0.2785055852051996,6210,932,679
dg_ch3,GPR[Matern_1.5 + White],0.15,15,3,3,C13,0.9872857626296658,0.09896624240528734,0.13175409290503642,0.9562203845035814,0.22697791285311714,0.2909165192469878,6483,973,406
dg_ch3,GPR[Matern_1.5 + White],0.15,15,3,4,C14,0.9873187816295927,0.10094196037029417,0.1371328925806761,0.8542482834389686,0.34735100484075226,0.41518056741251,6471,971,418
dg_ch3,GPR[Matern_1.5 + White],0.15,15,3,5,C17,0.9896229867804268,0.09188649830777959,0.12364494175089497,0.9644778335204741,0.14533220261238855,0.1908775919499934,6082,913,807
dg_ch3,GPR[Matern_1.5 + White],0.15,15,3,6,C18,0.9874971113545596,0.09719149991927083,0.1285627830130129,0.9625475255048374,0.22401215500705626,0.2967829606723362,6285,943,604
dg_ch3,GPR[Matern_1.5 + White],0.15,15,3,7,C19,0.9845997870897419,0.10359476449029961,0.14709097288000272,0.9671977661707547,0.1794618010391882,0.24123564634339956,6206,931,683
dg_ch3,GPR[Matern_1.5 + White],0.15,15,3,8,C2,0.9869133240758883,0.10373846339416913,0.13772404697192397,0.968732919863179,0.1432020431064326,0.18250955808538644,6147,923,742
dg_ch3,GPR[Matern_1.5 + White],0.15,15,3,9,C3,0.9844169368785456,0.11479944689238081,0.15356599011812566,0.9385316735411471,0.1583676488932286,0.22171514225964056,5729,860,1160
dg_ch3,GPR[Matern_1.5 + White],0.15,15,3,10,C4,0.9858987147836353,0.10384161736775512,0.14012754221898824,0.8366943419006999,0.3127979579730283,0.4087639330245597,6340,951,549
dg_ch3,GPR[Matern_1.5 + White],0.15,15,4,1,C1,0.9794401253641709,0.11717927241878674,0.16175400932587244,0.9582298621265524,0.16676072963549274,0.21379312862439637,6048,908,841
dg_ch3,GPR[Matern_1.5 + White],0.15,15,4,2,C12,0.9870769881913118,0.09154170690335611,0.12327381151441029,0.9553001898215542,0.2347534222766411,0.3093619360302062,6210,932,679
dg_ch3,GPR[Matern_1.5 + White],0.15,15,4,3,C13,0.9862413547124153,0.10285045874780574,0.13905248105341556,0.9555961003870774,0.2216706343277158,0.29298336809147213,6483,973,406
dg_ch3,GPR[Matern_1.5 + White],0.15,15,4,4,C14,0.984805519759,0.10857068205991897,0.14932814984071383,0.7673109863933236,0.46634884802875803,0.5245877178521604,6471,971,418
dg_ch3,GPR[Matern_1.5 + White],0.15,15,4,5,C17,0.9889979417157676,0.09130761538408474,0.12419682713378864,0.9632561634830046,0.148110932445837,0.19413215469056996,6082,913,807
dg_ch3,GPR[Matern_1.5 + White],0.15,15,4,6,C18,0.9870461539014201,0.09447139809213768,0.13146039850637234,0.9588192494986774,0.23954584288029732,0.3112044748281955,6285,943,604
dg_ch3,GPR[Matern_1.5 + White],0.15,15,4,7,C19,0.9869192106597701,0.10011235715626257,0.1373280848555727,0.966167124929556,0.19671295744406606,0.2449961301513346,6206,931,683
dg_ch3,GPR[Matern_1.5 + White],0.15,15,4,8,C2,0.9908106783783823,0.08722826596959803,0.11692201994284485,0.9683778517937308,0.14846077802760513,0.18354291932775102,6147,923,742
dg_ch3,GPR[Matern_1.5 + White],0.15,15,4,9,C3,0.9844692713933905,0.10783687415373633,0.14693540241356579,0.9303991172095135,0.16940868768586262,0.23592666798735576,5729,860,1160
dg_ch3,GPR[Matern_1.5 + White],0.15,15,4,10,C4,0.9882103854812883,0.09127236589232751,0.12387540566014993,0.8262843074517314,0.33476426310400176,0.42159114369876527,6340,951,549
dg_ch3,GPR[Matern_1.5 + White],0.15,15,5,1,C1,0.9857702390098925,0.10372364817926945,0.14089634695934666,0.9538410753057663,0.17958279977111116,0.22474427101245603,6048,908,841
dg_ch3,GPR[Matern_1.5 + White],0.15,15,5,2,C12,0.987017644965375,0.09466575092996297,0.13005563250208174,0.9604811073170119,0.22302925595388373,0.29088171433935217,6210,932,679
dg_ch3,GPR[Matern_1.5 + White],0.15,15,5,3,C13,0.9866184782129016,0.1015167303732681,0.13775294507310376,0.9591523807577409,0.2122685906701289,0.28100612476825865,6483,973,406
dg_ch3,GPR[Matern_1.5 + White],0.15,15,5,4,C14,0.9850774535858218,0.10689149910360836,0.14419455601265746,0.8336401926349679,0.36103778326139246,0.44356205141832944,6471,971,418
dg_ch3,GPR[Matern_1.5 + White],0.15,15,5,5,C17,0.9886731919103036,0.09838620907403621,0.1350317057028306,0.9541139747555532,0.15998453959350298,0.21694290165594138,6082,913,807
dg_ch3,GPR[Matern_1.5 + White],0.15,15,5,6,C18,0.9843957389097511,0.09906284116380847,0.1338995124522904,0.9646192892778394,0.2247252825497033,0.2884575967157866,6285,943,604
dg_ch3,GPR[Matern_1.5 + White],0.15,15,5,7,C19,0.988882989821423,0.08785598454109496,0.11611314954799283,0.9621205656627133,0.2051583223718699,0.25923373337676403,6206,931,683
dg_ch3,GPR[Matern_1.5 + White],0.15,15,5,8,C2,0.9859719464310841,0.10653938584757823,0.14385295864464892,0.9745915024752466,0.1355243885040183,0.16452482690372372,6147,923,742
dg_ch3,GPR[Matern_1.5 + White],0.15,15,5,9,C3,0.9900833696531501,0.09267679913356643,0.12474427877503526,0.9447863720905713,0.14719677620337954,0.2101322942467301,5729,860,1160
dg_ch3,GPR[Matern_1.5 + White],0.15,15,5,10,C4,0.9882174379231308,0.0985802010438189,0.13248778976635434,0.7974841721247874,0.3738438334894899,0.45519914636981484,6340,951,549
dg_ch3,GPR[Matern_1.5 + White],0.15,15,6,1,C1,0.9869984930657751,0.09797870606175323,0.131470303107475,0.9582882083963163,0.16979493572407722,0.21364375886769316,6048,908,841
dg_ch3,GPR[Matern_1.5 + White],0.15,15,6,2,C12,0.9871672049685469,0.09752331143779115,0.12882910139382137,0.9549786743401664,0.23422849098878679,0.31047252727369545,6210,932,679
dg_ch3,GPR[Matern_1.5 + White],0.15,15,6,3,C13,0.9883608991159015,0.09513155338189182,0.1293245062486834,0.9554635509010581,0.22286939309289933,0.2934203326042724,6483,973,406
dg_ch3,GPR[Matern_1.5 + White],0.15,15,6,4,C14,0.9862154552838863,0.10076673081646455,0.13527966176007358,0.8727762151356929,0.31437435562302757,0.38789513682454635,6471,971,418
dg_ch3,GPR[Matern_1.5 + White],0.15,15,6,5,C17,0.9900684619018082,0.09414567103530366,0.12533398650429128,0.9613337626560761,0.1525578956127981,0.19914581350850802,6082,913,807
dg_ch3,GPR[Matern_1.5 + White],0.15,15,6,6,C18,0.9893817930536217,0.0891156159771399,0.11931772611239423,0.9608245769952299,0.2324082587661924,0.30353274662651464,6285,943,604
dg_ch3,GPR[Matern_1.5 + White],0.15,15,6,7,C19,0.9849153733771774,0.10015989882932938,0.13666143714731582,0.960235624137664,0.19736349637116646,0.26560537349565083,6206,931,683
dg_ch3,GPR[Matern_1.5 + White],0.15,15,6,8,C2,0.986009902331148,0.10250799840661841,0.13799058789936203,0.9720547099387074,0.1408377278729435,0.17254256942323526,6147,923,742
dg_ch3,GPR[Matern_1.5 + White],0.15,15,6,9,C3,0.9864326182656272,0.10945865637045214,0.1453660073391203,0.9363102536528405,0.15695857045271114,0.22568589631509675,5729,860,1160
dg_ch3,GPR[Matern_1.5 + White],0.15,15,6,10,C4,0.9887263633343512,0.09776617662964587,0.13147205779526067,0.8069577574576109,0.3517817287307437,0.4444246408657874,6340,951,549
dg_ch3,GPR[Matern_1.5 + White],0.15,15,7,1,C1,0.9869634057171311,0.09768577909374836,0.13596445120344677,0.9590530982701998,0.16883449766565206,0.21167584954636343,6048,908,841
dg_ch3,GPR[Matern_1.5 + White],0.15,15,7,2,C12,0.9891702190854915,0.08960312898581695,0.12031703855618606,0.9611421089675167,0.22184774990911865,0.2884387803836413,6210,932,679
dg_ch3,GPR[Matern_1.5 + White],0.15,15,7,3,C13,0.9867439756204673,0.10127396205085505,0.13953871600435572,0.9629364565786382,0.20385677978550656,0.2676738095206587,6483,973,406
dg_ch3,GPR[Matern_1.5 + White],0.15,15,7,4,C14,0.9862685836798737,0.10916191450775678,0.14623985427048186,0.7318317984085893,0.49833789597021233,0.5631626173866386,6471,971,418
dg_ch3,GPR[Matern_1.5 + White],0.15,15,7,5,C17,0.986322901788313,0.10617262136190292,0.14582409775696786,0.9599027982800366,0.15179520231416765,0.20279734150309217,6082,913,807
dg_ch3,GPR[Matern_1.5 + White],0.15,15,7,6,C18,0.9884437316142378,0.08841432926160521,0.11853152744537121,0.9609672867881188,0.2352967131596704,0.3029793816158916,6285,943,604
dg_ch3,GPR[Matern_1.5 + White],0.15,15,7,7,C19,0.9899714023624403,0.08772827236254105,0.11810436247675485,0.9711158467823747,0.17582602956250698,0.22637037588340442,6206,931,683
dg_ch3,GPR[Matern_1.5 + White],0.15,15,7,8,C2,0.9829428277584566,0.11276393301303028,0.15031525151453984,0.9706204279101025,0.14136962052146382,0.1769150107636533,6147,923,742
dg_ch3,GPR[Matern_1.5 + White],0.15,15,7,9,C3,0.9882104840387775,0.10058453577588884,0.1358736475825392,0.9151436909050056,0.18705650258489456,0.26050240014155784,5729,860,1160
dg_ch3,GPR[Matern_1.5 + White],0.15,15,7,10,C4,0.9861696128732855,0.10411901698897917,0.14100284922809875,0.8035057069530934,0.37373041839742,0.4483807135387555,6340,951,549
dg_ch3,GPR[Matern_1.5 + White],0.15,15,8,1,C1,0.9829138797272655,0.10775038335431014,0.1451288507558659,0.9596021433622259,0.1665068001854493,0.21025191019979952,6048,908,841
dg_ch3,GPR[Matern_1.5 + White],0.15,15,8,2,C12,0.9848606821834334,0.10846863650152345,0.14643023968658644,0.9618961567363539,0.22142053775234113,0.2856264542181538,6210,932,679
dg_ch3,GPR[Matern_1.5 + White],0.15,15,8,3,C13,0.9882282136737229,0.09490874431999106,0.12855293262572168,0.9569165913083745,0.22311336539160118,0.2885940942788394,6483,973,406
dg_ch3,GPR[Matern_1.5 + White],0.15,15,8,4,C14,0.9886992089275276,0.093083749339484,0.1282148807867809,0.8521457050704865,0.35843391684487336,0.4181644909177521,6471,971,418
dg_ch3,GPR[Matern_1.5 + White],0.15,15,8,5,C17,0.9890142523908665,0.09509192418863181,0.12943811072018896,0.9535138023857287,0.16045190921455765,0.21835705928010435,6082,913,807
dg_ch3,GPR[Matern_1.5 + White],0.15,15,8,6,C18,0.9849736273246409,0.1049610318057447,0.13962390708510014,0.9642466194858407,0.22497317109946718,0.2899727985726435,6285,943,604
dg_ch3,GPR[Matern_1.5 + White],0.15,15,8,7,C19,0.9864854628626605,0.0955997950560083,0.13026537046817382,0.960022319007552,0.2029547751970019,0.2663168044319177,6206,931,683
dg_ch3,GPR[Matern_1.5 + White],0.15,15,8,8,C2,0.9854249051125221,0.10561750123151935,0.14576603317923495,0.9670559291416223,0.14831644091323537,0.1873400284559535,6147,923,742
dg_ch3,GPR[Matern_1.5 + White],0.15,15,8,9,C3,0.9890117138436432,0.0939370847529739,0.12398151757184668,0.9388533004428365,0.1611423961248235,0.22113433029311172,5729,860,1160
dg_ch3,GPR[Matern_1.5 + White],0.15,15,8,10,C4,0.9868080888672296,0.10228527384695388,0.1386192155358657,0.7505995842887234,0.41566779429640277,0.5051502120500244,6340,951,549
dg_ch3,GPR[Matern_1.5 + White],0.15,15,9,1,C1,0.9863499416670425,0.10257677910084298,0.14174153738814563,0.9595348187125015,0.1645879203016786,0.21042703389161327,6048,908,841
dg_ch3,GPR[Matern_1.5 + White],0.15,15,9,2,C12,0.9900572580323583,0.08591309384138247,0.11523544086155167,0.9641947821636293,0.21533650463386494,0.27687720208977007,6210,932,679
dg_ch3,GPR[Matern_1.5 + White],0.15,15,9,3,C13,0.9877739302941846,0.09630183258669905,0.12982179975494845,0.9533017356150608,0.22569005755234237,0.30045731438568746,6483,973,406
dg_ch3,GPR[Matern_1.5 + White],0.15,15,9,4,C14,0.988963893862399,0.09553386170714304,0.12735300883477618,0.7880311415151755,0.4000825791075398,0.5006868778952775,6471,971,418
dg_ch3,GPR[Matern_1.5 + White],0.15,15,9,5,C17,0.9885272287813033,0.0953600590607207,0.12696861110078503,0.9561695859930471,0.15940989003581474,0.21202789963613086,6082,913,807
dg_ch3,GPR[Matern_1.5 + White],0.15,15,9,6,C18,0.9850383931038798,0.09996987977392364,0.1341509554693683,0.9603589744675602,0.23648531300556655,0.3053311723247716,6285,943,604
dg_ch3,GPR[Matern_1.5 + White],0.15,15,9,7,C19,0.9884360886299782,0.09530163706550977,0.1290925837049894,0.9669369533789258,0.19111521652440436,0.2421927880500351,6206,931,683
dg_ch3,GPR[Matern_1.5 + White],0.15,15,9,8,C2,0.9882734260780651,0.10009760292784815,0.13560284705083714,0.968321950380459,0.14911894947822582,0.18370508063946342,6147,923,742
dg_ch3,GPR[Matern_1.5 + White],0.15,15,9,9,C3,0.9906272537532597,0.09210547364693261,0.12297414351248469,0.9302268922959789,0.17349705195108148,0.2362183837208977,5729,860,1160
dg_ch3,GPR[Matern_1.5 + White],0.15,15,9,10,C4,0.9862505664911634,0.0988467831759522,0.133334893076035,0.8295747732778613,0.32440788403667353,0.41757923403146174,6340,951,549
dg_ch3,GPR[Matern_1.5 + White],0.15,15,10,1,C1,0.9883898811232128,0.09761672308544977,0.13273783938583936,0.9556822695321838,0.17413690556107328,0.22021634198154402,6048,908,841
dg_ch3,GPR[Matern_1.5 + White],0.15,15,10,2,C12,0.9874702610352432,0.09316344081051411,0.1269504899129732,0.9648881092267347,0.21183590614931092,0.2741833926461176,6210,932,679
dg_ch3,GPR[Matern_1.5 + White],0.15,15,10,3,C13,0.9895657149075282,0.09190933406738862,0.12260712876809886,0.9588259167887601,0.2077699788041294,0.2821268241697239,6483,973,406
dg_ch3,GPR[Matern_1.5 + White],0.15,15,10,4,C14,0.9852610887889258,0.10831632235510853,0.14486984946361117,0.6998042184764568,0.5205940701863387,0.5958438642100691,6471,971,418
dg_ch3,GPR[Matern_1.5 + White],0.15,15,10,5,C17,0.9854103260130487,0.10419374136981757,0.13993873594807815,0.956992794807402,0.15932231600826777,0.21002734155911443,6082,913,807
dg_ch3,GPR[Matern_1.5 + White],0.15,15,10,6,C18,0.9865326803977206,0.09524909486200404,0.1312161484089035,0.960562422452156,0.23886119857484675,0.30454664520043123,6285,943,604
dg_ch3,GPR[Matern_1.5 + White],0.15,15,10,7,C19,0.9883606583840515,0.09365169912352064,0.1260035722071011,0.9629063494431838,0.19889866653862537,0.25653082634937024,6206,931,683
dg_ch3,GPR[Matern_1.5 + White],0.15,15,10,8,C2,0.9863660421083777,0.10472337895057895,0.14216824400144196,0.965632014315984,0.15302086783525656,0.19134582448122853,6147,923,742
dg_ch3,GPR[Matern_1.5 + White],0.15,15,10,9,C3,0.9875675924627109,0.10097301522061394,0.13452566430982013,0.9389546033991261,0.16257569295847343,0.22095107553422735,5729,860,1160
dg_ch3,GPR[Matern_1.5 + White],0.15,15,10,10,C4,0.9845491248113054,0.10692971290094841,0.14650288759457775,0.8158657555575315,0.3545996838464689,0.43404947490476825,6340,951,549
dg_ch3,GPR[Matern_1.5 + White],0.2,20,1,1,C1,0.9901679143128582,0.09342962519529391,0.12592791637127,0.9614853115077132,0.16685319325158943,0.20529292528842116,6048,1210,841
dg_ch3,GPR[Matern_1.5 + White],0.2,20,1,2,C12,0.9861037772454873,0.09846478827255926,0.1350413790411039,0.9675373515600145,0.2038918106087231,0.2636367879804755,6210,1242,679
dg_ch3,GPR[Matern_1.5 + White],0.2,20,1,3,C13,0.9904015020030976,0.08706544541067558,0.11585098487741664,0.9640743559585301,0.19647534043863324,0.26353280976291465,6483,1297,406
dg_ch3,GPR[Matern_1.5 + White],0.2,20,1,4,C14,0.9879215277873372,0.1006541871946872,0.13377326983390836,0.7451395481696779,0.45540677387813927,0.5490114516075041,6471,1295,418
dg_ch3,GPR[Matern_1.5 + White],0.2,20,1,5,C17,0.9865523469388516,0.10031986652383716,0.1393527043606924,0.9636544419358954,0.14641661591681054,0.19307715709915327,6082,1217,807
dg_ch3,GPR[Matern_1.5 + White],0.2,20,1,6,C18,0.9883050786826519,0.09425295296169893,0.12843376259655212,0.9677261606727184,0.21795774579579308,0.2755015336482232,6285,1257,604
dg_ch3,GPR[Matern_1.5 + White],0.2,20,1,7,C19,0.9860703103048956,0.0989611628642434,0.13543874197746728,0.9668984894447901,0.19756485168202956,0.24233362473358822,6206,1242,683
dg_ch3,GPR[Matern_1.5 + White],0.2,20,1,8,C2,0.9849610262035722,0.1078697862056825,0.14747257467619346,0.9733292715576524,0.13702457155638,0.1685618887420391,6147,1230,742
dg_ch3,GPR[Matern_1.5 + White],0.2,20,1,9,C3,0.988164104321609,0.10248941056840423,0.13535963667065914,0.9461806978192604,0.14732160586266574,0.20746206259026284,5729,1146,1160
dg_ch3,GPR[Matern_1.5 + White],0.2,20,1,10,C4,0.9855090346507556,0.10460759027527379,0.1422661578557976,0.7846719256757044,0.38522890495872125,0.4693775149993764,6340,1268,549
dg_ch3,GPR[Matern_1.5 + White],0.2,20,2,1,C1,0.9872498909935963,0.10156043665190624,0.13972365789765126,0.9493552360710106,0.18820264014002164,0.2354117110314051,6048,1210,841
dg_ch3,GPR[Matern_1.5 + White],0.2,20,2,2,C12,0.9887122769683723,0.08780698554678357,0.11827785800395572,0.9682407052425818,0.1994017938301018,0.26076509771513373,6210,1242,679
dg_ch3,GPR[Matern_1.5 + White],0.2,20,2,3,C13,0.9892878276858355,0.090723218918641,0.12252251686468064,0.9593612454290436,0.20335031188548788,0.28028677474670816,6483,1297,406
dg_ch3,GPR[Matern_1.5 + White],0.2,20,2,4,C14,0.9872656850301725,0.10210396908762737,0.13462827275704475,0.7493636389688636,0.4766844683183618,0.5444427477705184,6471,1295,418
dg_ch3,GPR[Matern_1.5 + White],0.2,20,2,5,C17,0.9890509629997958,0.09317752917032862,0.1251050019802372,0.9586925122154335,0.1576772516310725,0.20583518606462467,6082,1217,807
dg_ch3,GPR[Matern_1.5 + White],0.2,20,2,6,C18,0.9871908389096463,0.09562459174815856,0.12819012034900135,0.9643242664611282,0.22353655017537633,0.28965775495801666,6285,1257,604
dg_ch3,GPR[Matern_1.5 + White],0.2,20,2,7,C19,0.9885574445214028,0.09249982187475925,0.12499466588501157,0.968641927671227,0.18486991915451095,0.23586551593289898,6206,1242,683
dg_ch3,GPR[Matern_1.5 + White],0.2,20,2,8,C2,0.9877551884076119,0.09783793859065852,0.13218896083520354,0.9634266889514264,0.15266672484301796,0.19738951955025005,6147,1230,742
dg_ch3,GPR[Matern_1.5 + White],0.2,20,2,9,C3,0.9885902485050893,0.1011372035369831,0.13464957751381212,0.9395574653269676,0.15488770586081357,0.21985735267612017,5729,1146,1160
dg_ch3,GPR[Matern_1.5 + White],0.2,20,2,10,C4,0.9862291979593378,0.10051249683803722,0.1354450064692502,0.8519195784120704,0.3048989497648674,0.3892429669137439,6340,1268,549
dg_ch3,GPR[Matern_1.5 + White],0.2,20,3,1,C1,0.9878573319601054,0.09859983335372854,0.13381676637983564,0.94686471182287,0.1925861969501659,0.24113058984617733,6048,1210,841
dg_ch3,GPR[Matern_1.5 + White],0.2,20,3,2,C12,0.9861912666420214,0.09832601776279959,0.13295207629004985,0.964997529801914,0.2157436680374201,0.27375583500223927,6210,1242,679
dg_ch3,GPR[Matern_1.5 + White],0.2,20,3,3,C13,0.9876830162573754,0.09702870334500648,0.13099454705528932,0.9624167773194419,0.2069118843210845,0.26954384535986503,6483,1297,406
dg_ch3,GPR[Matern_1.5 + White],0.2,20,3,4,C14,0.9889264469657071,0.09269104720873925,0.12615613896121322,0.7881835903855027,0.4343460769099709,0.5005067974852001,6471,1295,418
dg_ch3,GPR[Matern_1.5 + White],0.2,20,3,5,C17,0.9892596294315154,0.09462031170038042,0.12894715236912307,0.9654363345181832,0.14351887065121552,0.1882847393169018,6082,1217,807
dg_ch3,GPR[Matern_1.5 + White],0.2,20,3,6,C18,0.9864161397112091,0.0994188811753875,0.13363169457894988,0.9652301727942036,0.21689432082364005,0.28595649861006944,6285,1257,604
dg_ch3,GPR[Matern_1.5 + White],0.2,20,3,7,C19,0.9863648901730365,0.09813307486616656,0.137278337863836,0.9685393229196245,0.17733061404410813,0.23625108106214796,6206,1242,683
dg_ch3,GPR[Matern_1.5 + White],0.2,20,3,8,C2,0.9880649704440403,0.09647416732260286,0.12856967966069255,0.968741095173648,0.14365246436052082,0.18248569640979875,6147,1230,742
dg_ch3,GPR[Matern_1.5 + White],0.2,20,3,9,C3,0.9868389298114025,0.10654099271242148,0.14345292504470292,0.9440024430429961,0.14906808425750445,0.21161877702794962,5729,1146,1160
dg_ch3,GPR[Matern_1.5 + White],0.2,20,3,10,C4,0.9870991151976058,0.09990465425457312,0.13493345066654072,0.8508284564666391,0.30094097944690223,0.39067439195428544,6340,1268,549
dg_ch3,GPR[Matern_1.5 + White],0.2,20,4,1,C1,0.9825825247063583,0.1086464848655423,0.15072624446261731,0.9596262565989587,0.16785946002870644,0.21018915178545033,6048,1210,841
dg_ch3,GPR[Matern_1.5 + White],0.2,20,4,2,C12,0.9876189625934647,0.09149567796984867,0.12214027156530491,0.9574837701801344,0.22623548099583252,0.30171118493399757,6210,1242,679
dg_ch3,GPR[Matern_1.5 + White],0.2,20,4,3,C13,0.9863808160338436,0.1000517382704444,0.13486131294445045,0.9579506882892315,0.21372556718606756,0.28510961057217993,6483,1297,406
dg_ch3,GPR[Matern_1.5 + White],0.2,20,4,4,C14,0.9849139244783188,0.10765853623830302,0.14833823067743684,0.7378151688463067,0.49826162586507067,0.5568445325351141,6471,1295,418
dg_ch3,GPR[Matern_1.5 + White],0.2,20,4,5,C17,0.9880516602074526,0.09503343350820921,0.131435308366334,0.9642122815991159,0.14814453558467286,0.19158973224501297,6082,1217,807
dg_ch3,GPR[Matern_1.5 + White],0.2,20,4,6,C18,0.9884663052334336,0.09169470875730096,0.12518332607762028,0.9605616333943039,0.23131369520359207,0.3045496918343103,6285,1257,604
dg_ch3,GPR[Matern_1.5 + White],0.2,20,4,7,C19,0.9892156603737251,0.0932456036510951,0.1261966671951973,0.9716326309891373,0.18126894042859795,0.22433616997603928,6206,1242,683
dg_ch3,GPR[Matern_1.5 + White],0.2,20,4,8,C2,0.9912480124714153,0.08576185360709038,0.11405215311267133,0.9669829284301997,0.1489342106262351,0.18754747682602113,6147,1230,742
dg_ch3,GPR[Matern_1.5 + White],0.2,20,4,9,C3,0.9844798169978043,0.10960279674610944,0.146894705923877,0.9371875977710208,0.15889801817033797,0.2241260626420385,5729,1146,1160
dg_ch3,GPR[Matern_1.5 + White],0.2,20,4,10,C4,0.9877676435141148,0.09515348906027933,0.1285647460026025,0.8506531537681268,0.3098966918971545,0.3909038799802808,6340,1268,549
dg_ch3,GPR[Matern_1.5 + White],0.2,20,5,1,C1,0.9873499881935673,0.0984909717535672,0.1340642228797119,0.9563529744042707,0.17870778352238417,0.2185436111709558,6048,1210,841
dg_ch3,GPR[Matern_1.5 + White],0.2,20,5,2,C12,0.9859956468942341,0.0980851606841663,0.135022921221571,0.9638424362209064,0.21390530629956378,0.2782361901622616,6210,1242,679
dg_ch3,GPR[Matern_1.5 + White],0.2,20,5,3,C13,0.9868110185383459,0.10058040747859336,0.137657743653478,0.9606670456198924,0.20670792326522405,0.2757469359939514,6483,1297,406
dg_ch3,GPR[Matern_1.5 + White],0.2,20,5,4,C14,0.984088316528879,0.10948930841678671,0.1493499061787087,0.7555292789986643,0.4525186929060898,0.5377044190012393,6471,1295,418
dg_ch3,GPR[Matern_1.5 + White],0.2,20,5,5,C17,0.988209287976547,0.0980197978123195,0.13722054996589406,0.9575627939911516,0.1555044580503062,0.20863089266664597,6082,1217,807
dg_ch3,GPR[Matern_1.5 + White],0.2,20,5,6,C18,0.9857754529795846,0.09517440976734054,0.1298059978512785,0.9642110348110836,0.22307442791688623,0.2901170649522069,6285,1257,604
dg_ch3,GPR[Matern_1.5 + White],0.2,20,5,7,C19,0.9885389058494016,0.08902356486795293,0.12054498789261474,0.9681100506279015,0.18926124840018949,0.23785741067915267,6206,1242,683
dg_ch3,GPR[Matern_1.5 + White],0.2,20,5,8,C2,0.9864821552823773,0.10353531979175959,0.13983032342708596,0.9756163367232156,0.13379017776714816,0.16117267958210024,6147,1230,742
dg_ch3,GPR[Matern_1.5 + White],0.2,20,5,9,C3,0.989396205866391,0.09575522828964603,0.1286685739864655,0.9415926059050799,0.15709340731941873,0.2161242878412403,5729,1146,1160
dg_ch3,GPR[Matern_1.5 + White],0.2,20,5,10,C4,0.9892509327684985,0.09194648730626996,0.12541421269926148,0.8296827546187238,0.3353179409315153,0.4174469240703433,6340,1268,549
dg_ch3,GPR[Matern_1.5 + White],0.2,20,6,1,C1,0.9865625409376506,0.09940172134633136,0.13676291841319793,0.9609105410709384,0.1634611889550916,0.20681908760063164,6048,1210,841
dg_ch3,GPR[Matern_1.5 + White],0.2,20,6,2,C12,0.9869844894721093,0.0971465796483476,0.131832779297737,0.9582773941407854,0.22606831700348057,0.2988819927361148,6210,1242,679
dg_ch3,GPR[Matern_1.5 + White],0.2,20,6,3,C13,0.9885036696292713,0.09334827961852199,0.1266223665439356,0.9581138691640763,0.20936770682444583,0.2845558600058254,6483,1297,406
dg_ch3,GPR[Matern_1.5 + White],0.2,20,6,4,C14,0.9862055549137996,0.10265415770367499,0.13776109540690507,0.821237593792494,0.3763658717544485,0.45979926727911474,6471,1295,418
dg_ch3,GPR[Matern_1.5 + White],0.2,20,6,5,C17,0.9887576402690165,0.09674392826722844,0.13047220724631176,0.9638834009139382,0.14846487534857897,0.19246805118320715,6082,1217,807
dg_ch3,GPR[Matern_1.5 + White],0.2,20,6,6,C18,0.987711738258807,0.0946193650350659,0.1297513426693712,0.9609889314575313,0.23209784973954292,0.3028953649360751,6285,1257,604
dg_ch3,GPR[Matern_1.5 + White],0.2,20,6,7,C19,0.9858681928445381,0.09788575379718398,0.1328047560765925,0.9656814602523436,0.1900647819122057,0.24674830164715134,6206,1242,683
dg_ch3,GPR[Matern_1.5 + White],0.2,20,6,8,C2,0.9861849693670566,0.10215998110674157,0.136408968075492,0.9743388663955286,0.13550076321727791,0.1653407369749367,6147,1230,742
dg_ch3,GPR[Matern_1.5 + White],0.2,20,6,9,C3,0.9857757043650098,0.11417492243052722,0.1520046313879281,0.9389405090612375,0.15211686212574443,0.22097658097409698,5729,1146,1160
dg_ch3,GPR[Matern_1.5 + White],0.2,20,6,10,C4,0.9890971816914716,0.09566841747195494,0.12918918931710197,0.810639291894294,0.3584568704758703,0.44016639986825123,6340,1268,549
dg_ch3,GPR[Matern_1.5 + White],0.2,20,7,1,C1,0.98630741462209,0.10191822794380559,0.14078875226214851,0.9574741211733442,0.17432167468268323,0.21571852249342957,6048,1210,841
dg_ch3,GPR[Matern_1.5 + White],0.2,20,7,2,C12,0.9903912270080351,0.08671720055388694,0.1149824189550222,0.963781534875659,0.21795829792657687,0.278470412649558,6210,1242,679
dg_ch3,GPR[Matern_1.5 + White],0.2,20,7,3,C13,0.9873578743759008,0.09719634219824781,0.1330383636749175,0.9644088493567344,0.19415360313015856,0.26230310138798035,6483,1297,406
dg_ch3,GPR[Matern_1.5 + White],0.2,20,7,4,C14,0.9854430587851102,0.10812326301331188,0.14602575479832236,0.6921137278197244,0.5306065291305291,0.6034278379496707,6471,1295,418
dg_ch3,GPR[Matern_1.5 + White],0.2,20,7,5,C17,0.9872953406626792,0.10204134990951459,0.13842651638386788,0.957728021301308,0.15528218165506355,0.20822434917267943,6082,1217,807
dg_ch3,GPR[Matern_1.5 + White],0.2,20,7,6,C18,0.9884466335386355,0.0887533341458391,0.11942711273848261,0.9653732249015134,0.2215004753313022,0.28536764262527353,6285,1257,604
dg_ch3,GPR[Matern_1.5 + White],0.2,20,7,7,C19,0.9876550392669712,0.09523099791660038,0.1292976936686524,0.9706227049223437,0.17316490125552483,0.2282946187900293,6206,1242,683
dg_ch3,GPR[Matern_1.5 + White],0.2,20,7,8,C2,0.9827336670053771,0.11094405700614604,0.15053228977762734,0.9732363403963235,0.13660609811411928,0.16885530086989012,6147,1230,742
dg_ch3,GPR[Matern_1.5 + White],0.2,20,7,9,C3,0.9873942258452618,0.1021974768651279,0.1389058694860133,0.9176240176169247,0.1837831237338402,0.25666695809238793,5729,1146,1160
dg_ch3,GPR[Matern_1.5 + White],0.2,20,7,10,C4,0.9870041612778754,0.10002397791065795,0.1367809228962048,0.8483035002179339,0.32055453569785736,0.39396689818303926,6340,1268,549
dg_ch3,GPR[Matern_1.5 + White],0.2,20,8,1,C1,0.9847476399452596,0.10527316727272722,0.14121668627468248,0.9621951226443246,0.16332772742698276,0.20339239257321134,6048,1210,841
dg_ch3,GPR[Matern_1.5 + White],0.2,20,8,2,C12,0.9863396177570586,0.10256663099053187,0.13856017171525412,0.9588062041019519,0.22329315586106757,0.2969818743885117,6210,1242,679
dg_ch3,GPR[Matern_1.5 + White],0.2,20,8,3,C13,0.9870603828464731,0.09814332303258125,0.13182619789724342,0.9599048771853026,0.21182894370225452,0.2784057401313998,6483,1297,406
dg_ch3,GPR[Matern_1.5 + White],0.2,20,8,4,C14,0.9875336735928751,0.09817469857741844,0.13392263785502992,0.847615156046843,0.3640998536220616,0.42452284522710193,6471,1295,418
dg_ch3,GPR[Matern_1.5 + White],0.2,20,8,5,C17,0.9896122320138061,0.09329924477371615,0.1266495979467399,0.9563163174398703,0.15788172973454698,0.2116726983149204,6082,1217,807
dg_ch3,GPR[Matern_1.5 + White],0.2,20,8,6,C18,0.9862748935870638,0.10074654157942142,0.1344031832274556,0.9659261483760435,0.2180199567672421,0.2830800857421791,6285,1257,604
dg_ch3,GPR[Matern_1.5 + White],0.2,20,8,7,C19,0.987449988133495,0.09421113104586638,0.12850174402407283,0.9599860379378409,0.20253189246340988,0.2664376226872077,6206,1242,683
dg_ch3,GPR[Matern_1.5 + White],0.2,20,8,8,C2,0.9838534794667257,0.11066237063649906,0.15198256101883922,0.9735246219863409,0.13643876570235441,0.16794343627276903,6147,1230,742
dg_ch3,GPR[Matern_1.5 + White],0.2,20,8,9,C3,0.9877331005435949,0.10032323116549297,0.13260038823924436,0.936684505830827,0.16561983579116696,0.22502183428387856,5729,1146,1160
dg_ch3,GPR[Matern_1.5 + White],0.2,20,8,10,C4,0.9880416914020332,0.1003626508031287,0.1356502675477881,0.7910288792986806,0.3730648121862489,0.4623970865304244,6340,1268,549
dg_ch3,GPR[Matern_1.5 + White],0.2,20,9,1,C1,0.9878432871142312,0.09698094206622712,0.13465106298912957,0.9539463195410003,0.1787885905700428,0.22448791173904542,6048,1210,841
dg_ch3,GPR[Matern_1.5 + White],0.2,20,9,2,C12,0.9889594576201532,0.09114691538970891,0.1230013466908701,0.9656583649185319,0.21087422954739557,0.27115931119619163,6210,1242,679
dg_ch3,GPR[Matern_1.5 + White],0.2,20,9,3,C13,0.9889598399579121,0.09113136751008671,0.1219766778935725,0.9578493550079319,0.21474168739046892,0.28545294208235134,6483,1297,406
dg_ch3,GPR[Matern_1.5 + White],0.2,20,9,4,C14,0.9888266780211601,0.09837340212115168,0.12968168118184772,0.8204089258387812,0.35909549763364795,0.4608637538873238,6471,1295,418
dg_ch3,GPR[Matern_1.5 + White],0.2,20,9,5,C17,0.9877877767870163,0.09482187058662102,0.1282279140487548,0.9564200330971585,0.1601242381787651,0.2114212678249068,6082,1217,807
dg_ch3,GPR[Matern_1.5 + White],0.2,20,9,6,C18,0.9853094741838596,0.1012858067796016,0.1350793965485581,0.9626598638128662,0.22775383312069863,0.2963375277004654,6285,1257,604
dg_ch3,GPR[Matern_1.5 + White],0.2,20,9,7,C19,0.9883533322182808,0.09306440325047695,0.12808115594316022,0.9685227916459074,0.18668573315060888,0.23631314295552885,6206,1242,683
dg_ch3,GPR[Matern_1.5 + White],0.2,20,9,8,C2,0.9881712661553295,0.0973665378988966,0.1320505545043591,0.9684250587485873,0.1454177911844483,0.18340586762659314,6147,1230,742
dg_ch3,GPR[Matern_1.5 + White],0.2,20,9,9,C3,0.9896789624250896,0.09570348072252988,0.12779864092779983,0.9300827258676867,0.17319293629307453,0.23646229709104177,5729,1146,1160
dg_ch3,GPR[Matern_1.5 + White],0.2,20,9,10,C4,0.9864101359964272,0.09768761937518763,0.13138985405633985,0.8203099039902154,0.33325002529975273,0.42877950984052327,6340,1268,549
dg_ch3,GPR[Matern_1.5 + White],0.2,20,10,1,C1,0.9879654897698227,0.09669113829096093,0.13113061772514967,0.957317524009903,0.17151356138304588,0.21611533812786884,6048,1210,841
dg_ch3,GPR[Matern_1.5 + White],0.2,20,10,2,C12,0.9885921582767692,0.09116543256555565,0.12394196963516846,0.9645498933948025,0.2153419195072996,0.27550076573399895,6210,1242,679
dg_ch3,GPR[Matern_1.5 + White],0.2,20,10,3,C13,0.9897609584579921,0.09029652129231545,0.12101577303827295,0.9618267389539321,0.20004259737409286,0.2716514592575878,6483,1297,406
dg_ch3,GPR[Matern_1.5 + White],0.2,20,10,4,C14,0.9855028117441513,0.10704574840579965,0.14326834736594757,0.7331480710077184,0.4866513314917866,0.5617788079467978,6471,1295,418
dg_ch3,GPR[Matern_1.5 + White],0.2,20,10,5,C17,0.9853672745603689,0.10318419759248391,0.14099266881684425,0.9593655115184552,0.1539574295488547,0.2041515226054558,6082,1217,807
dg_ch3,GPR[Matern_1.5 + White],0.2,20,10,6,C18,0.986229526379342,0.09633805880201078,0.13226860449577804,0.9637332470976104,0.22856731739152253,0.292047196217669,6285,1257,604
dg_ch3,GPR[Matern_1.5 + White],0.2,20,10,7,C19,0.9886523543791952,0.09341031805986416,0.12580627531568583,0.9662261264453936,0.18932703590023925,0.24478241123675373,6206,1242,683
dg_ch3,GPR[Matern_1.5 + White],0.2,20,10,8,C2,0.9869741552119295,0.10434770475320689,0.14147029731872765,0.9726846168689078,0.14031107209202012,0.17058686910160784,6147,1230,742
dg_ch3,GPR[Matern_1.5 + White],0.2,20,10,9,C3,0.9856888841548523,0.1071278511430682,0.1444076224331051,0.9434353307340109,0.15027174935226775,0.212687656599695,5729,1146,1160
dg_ch3,GPR[Matern_1.5 + White],0.2,20,10,10,C4,0.9869896837787899,0.10004532924819011,0.13607348097134522,0.8255966784969239,0.3315068317303108,0.42242472401417097,6340,1268,549
dg_ch3,GPR[Matern_1.5 + White],0.3,30,1,1,C1,0.9900146461212661,0.0920385533020311,0.12635510921571141,0.9560543497026819,0.1775016138700714,0.21928995380905628,6048,1815,841
dg_ch3,GPR[Matern_1.5 + White],0.3,30,1,2,C12,0.9862313178943046,0.09778446767845482,0.13322778657172166,0.9699829700275872,0.19701068783623282,0.25351163543015126,6210,1863,679
dg_ch3,GPR[Matern_1.5 + White],0.3,30,1,3,C13,0.9893883144644507,0.09049438877858794,0.12186134880045585,0.966865861176461,0.1860870397285115,0.25308724305531355,6483,1945,406
dg_ch3,GPR[Matern_1.5 + White],0.3,30,1,4,C14,0.9876703308227082,0.09889973355636764,0.1331030881998572,0.6752118499694666,0.5456020880295722,0.6197695952243526,6471,1942,418
dg_ch3,GPR[Matern_1.5 + White],0.3,30,1,5,C17,0.9871495836674926,0.09958867843620132,0.13770549158794484,0.965407120096406,0.1432326902030836,0.18836429494087345,6082,1825,807
dg_ch3,GPR[Matern_1.5 + White],0.3,30,1,6,C18,0.9880204771974447,0.09327869950454075,0.12742346082016925,0.9686346372790167,0.21194994830617622,0.27159630779045046,6285,1886,604
dg_ch3,GPR[Matern_1.5 + White],0.3,30,1,7,C19,0.9872709304121398,0.09953548227280956,0.1348677479037013,0.9725066552194817,0.18101072729952505,0.22085313129425355,6206,1862,683
dg_ch3,GPR[Matern_1.5 + White],0.3,30,1,8,C2,0.9871947801518073,0.09944195586077352,0.13593708079607097,0.9758885620820955,0.12999644513033268,0.16027046818901386,6147,1845,742
dg_ch3,GPR[Matern_1.5 + White],0.3,30,1,9,C3,0.9878220377720451,0.10251611664902978,0.13643178520661323,0.9489907278107527,0.14413231632998402,0.20197342195663498,5729,1719,1160
dg_ch3,GPR[Matern_1.5 + White],0.3,30,1,10,C4,0.9863879389425337,0.09936308726203476,0.13726528836720378,0.82128039987171,0.34509308845476916,0.4276200354121984,6340,1902,549
dg_ch3,GPR[Matern_1.5 + White],0.3,30,2,1,C1,0.9878782053439787,0.09745853223004092,0.13411187064398689,0.9493162939491819,0.1896397089910006,0.2355022008394901,6048,1815,841
dg_ch3,GPR[Matern_1.5 + White],0.3,30,2,2,C12,0.9878823237360909,0.09146593280517873,0.12532933939675214,0.973499596678277,0.18686679752357382,0.2381991894776342,6210,1863,679
dg_ch3,GPR[Matern_1.5 + White],0.3,30,2,3,C13,0.9896635781099078,0.08940067110128028,0.1197096725588544,0.9623909082537854,0.19567235713458034,0.26963659482985436,6483,1945,406
dg_ch3,GPR[Matern_1.5 + White],0.3,30,2,4,C14,0.9892159877837331,0.09328724917018574,0.12450930017879275,0.724301202997454,0.5109000633507519,0.5710151283553467,6471,1942,418
dg_ch3,GPR[Matern_1.5 + White],0.3,30,2,5,C17,0.9891575740776702,0.09224971802705789,0.1255345186644084,0.9639113868556157,0.1457195251037456,0.19239346714642033,6082,1825,807
dg_ch3,GPR[Matern_1.5 + White],0.3,30,2,6,C18,0.9877381624393381,0.09354731070661504,0.12605671099038424,0.9667132213471455,0.21633271272837287,0.2797915463676217,6285,1886,604
dg_ch3,GPR[Matern_1.5 + White],0.3,30,2,7,C19,0.9882279579247836,0.09230832408978601,0.12530814657049594,0.9723719335274843,0.17552720710816244,0.22139357748848282,6206,1862,683
dg_ch3,GPR[Matern_1.5 + White],0.3,30,2,8,C2,0.9877059695951421,0.0980589376136275,0.13399997825384022,0.9710181377456786,0.14012895528375824,0.17571348572268655,6147,1845,742
dg_ch3,GPR[Matern_1.5 + White],0.3,30,2,9,C3,0.9876101643038008,0.10324624083146466,0.13897626850498204,0.9427907769307429,0.1550263613001861,0.2138960108442953,5729,1719,1160
dg_ch3,GPR[Matern_1.5 + White],0.3,30,2,10,C4,0.9870916961723779,0.09769536144857462,0.13197195922151625,0.8373488282191859,0.3299914581292273,0.40794400127447705,6340,1902,549
dg_ch3,GPR[Matern_1.5 + White],0.3,30,3,1,C1,0.9872525812828494,0.09833393197542896,0.13372162260510875,0.94976068288586,0.19242721061951704,0.23446749963233826,6048,1815,841
dg_ch3,GPR[Matern_1.5 + White],0.3,30,3,2,C12,0.9868762143451587,0.09329900453124217,0.1292407423484818,0.9659272694876222,0.21151663819309907,0.27009559834075136,6210,1863,679
dg_ch3,GPR[Matern_1.5 + White],0.3,30,3,3,C13,0.9883004309034449,0.09562814299106082,0.12859599373796796,0.9664151437836517,0.1873871222557818,0.25480277757104997,6483,1945,406
dg_ch3,GPR[Matern_1.5 + White],0.3,30,3,4,C14,0.9884830371979232,0.09481180202120724,0.12832360757000122,0.6492485664970129,0.5837317560429292,0.6440653070798352,6471,1942,418
dg_ch3,GPR[Matern_1.5 + White],0.3,30,3,5,C17,0.9891550095045705,0.09283291933486958,0.12880192359932266,0.964619424802962,0.14622061066016426,0.19049679326104574,6082,1825,807
dg_ch3,GPR[Matern_1.5 + White],0.3,30,3,6,C18,0.9867314409495495,0.09613427268370335,0.1298115192423074,0.9661093118730757,0.21195746909033253,0.282318214049789,6285,1886,604
dg_ch3,GPR[Matern_1.5 + White],0.3,30,3,7,C19,0.9863863901137957,0.09861113924217764,0.1380665845510098,0.9693490146844754,0.18156079709584155,0.23319111122330613,6206,1862,683
dg_ch3,GPR[Matern_1.5 + White],0.3,30,3,8,C2,0.9895443425866193,0.08980079644416361,0.12114516779802711,0.9747079456654196,0.13319928258560454,0.164147398143377,6147,1845,742
dg_ch3,GPR[Matern_1.5 + White],0.3,30,3,9,C3,0.9873823966466635,0.10229441204376125,0.13777523813608783,0.9463678284189302,0.14487939896230317,0.20710107402276529,5729,1719,1160
dg_ch3,GPR[Matern_1.5 + White],0.3,30,3,10,C4,0.9882280291016858,0.09678798545390402,0.13088830575974983,0.839923014314614,0.32087687013687693,0.40470297971451186,6340,1902,549
dg_ch3,GPR[Matern_1.5 + White],0.3,30,4,1,C1,0.9856866401123283,0.10103632731838763,0.13984875105212158,0.9606821406657862,0.16994379245660954,0.20742243135455474,6048,1815,841
dg_ch3,GPR[Matern_1.5 + White],0.3,30,4,2,C12,0.9887946927891879,0.08996760048981305,0.12034038167506148,0.9664666844844569,0.20741900999917834,0.2679490891917141,6210,1863,679
dg_ch3,GPR[Matern_1.5 + White],0.3,30,4,3,C13,0.9884915497735158,0.09159939138732522,0.12346161393657873,0.962682034483206,0.19738732892947547,0.26859095954407397,6483,1945,406
dg_ch3,GPR[Matern_1.5 + White],0.3,30,4,4,C14,0.9848423897718385,0.10608008839109502,0.14594995122601878,0.6801383235985634,0.5560229736655107,0.6150512188677597,6471,1942,418
dg_ch3,GPR[Matern_1.5 + White],0.3,30,4,5,C17,0.988415885872462,0.09592614863369034,0.13265399672616593,0.9637469584572106,0.14820333346123327,0.1928312644827698,6082,1825,807
dg_ch3,GPR[Matern_1.5 + White],0.3,30,4,6,C18,0.9879370228127424,0.09317917475252475,0.128237975582001,0.9678938120675493,0.2111040024941164,0.27478503451766084,6285,1886,604
dg_ch3,GPR[Matern_1.5 + White],0.3,30,4,7,C19,0.9889120012355357,0.09352595792459216,0.12649632991005702,0.9694033219315934,0.18055216723887815,0.2329844362724957,6206,1862,683
dg_ch3,GPR[Matern_1.5 + White],0.3,30,4,8,C2,0.9901244212929651,0.09030815032722771,0.12173576396452632,0.9725833570181794,0.14018259322076507,0.1709027647608425,6147,1845,742
dg_ch3,GPR[Matern_1.5 + White],0.3,30,4,9,C3,0.985773421185185,0.10536373511674126,0.14262971854149814,0.946225151082421,0.1490230511867011,0.20737636591237618,5729,1719,1160
dg_ch3,GPR[Matern_1.5 + White],0.3,30,4,10,C4,0.9892889955017019,0.0896113865885408,0.12133615954133178,0.8393815885361245,0.33399033388459176,0.4053868121184504,6340,1902,549
dg_ch3,GPR[Matern_1.5 + White],0.3,30,5,1,C1,0.9879486793958325,0.0976785388800105,0.13276158576322397,0.9600916489804089,0.17230405453922812,0.20897420421359478,6048,1815,841
dg_ch3,GPR[Matern_1.5 + White],0.3,30,5,2,C12,0.9887742133911208,0.08806550695623981,0.12007573230903691,0.9691999815496333,0.2034275025259675,0.2567967516621899,6210,1863,679
dg_ch3,GPR[Matern_1.5 + White],0.3,30,5,3,C13,0.986778714576978,0.10070426231288616,0.13754006070261365,0.962389438143485,0.20010694665915155,0.2696418647213006,6483,1945,406
dg_ch3,GPR[Matern_1.5 + White],0.3,30,5,4,C14,0.9857290276181088,0.10409045838264443,0.14244689225853868,0.673867096559359,0.5445288819037112,0.6210513174279434,6471,1942,418
dg_ch3,GPR[Matern_1.5 + White],0.3,30,5,5,C17,0.9882965603461388,0.09855614205387063,0.13649763999306494,0.9620707087339312,0.14811370761566925,0.1972389076397856,6082,1825,807
dg_ch3,GPR[Matern_1.5 + White],0.3,30,5,6,C18,0.9882139206300637,0.08933213706898281,0.1218174106773966,0.9675864282285186,0.2130592276947778,0.2760972936342585,6285,1886,604
dg_ch3,GPR[Matern_1.5 + White],0.3,30,5,7,C19,0.9859980661895791,0.09655145395486243,0.13334610830298377,0.9725211742190881,0.1742721503296074,0.2207948082709214,6206,1862,683
dg_ch3,GPR[Matern_1.5 + White],0.3,30,5,8,C2,0.9863706018660334,0.10266061464419315,0.14106761547954336,0.9766293864251034,0.13244141207079954,0.15778910305437477,6147,1845,742
dg_ch3,GPR[Matern_1.5 + White],0.3,30,5,9,C3,0.9886905495241652,0.09702335173612682,0.13156485393879797,0.9499257178831723,0.14583103447694848,0.2001137940511468,5729,1719,1160
dg_ch3,GPR[Matern_1.5 + White],0.3,30,5,10,C4,0.9907810996453286,0.08365741294944663,0.11317843149317307,0.8142300172013491,0.35277778287681455,0.4359731299998372,6340,1902,549
dg_ch3,GPR[Matern_1.5 + White],0.3,30,6,1,C1,0.9871214159356207,0.099771605977096,0.13738969581690294,0.9552942894725026,0.18206615763832634,0.2211781846493727,6048,1815,841
dg_ch3,GPR[Matern_1.5 + White],0.3,30,6,2,C12,0.9891126601518639,0.08777734133633446,0.11799508575194753,0.9627771625821681,0.2156050289638625,0.2823051332981134,6210,1863,679
dg_ch3,GPR[Matern_1.5 + White],0.3,30,6,3,C13,0.9888770801109265,0.09034916893064225,0.12252645415740336,0.9609756219394021,0.20209360853594002,0.2746631562524783,6483,1945,406
dg_ch3,GPR[Matern_1.5 + White],0.3,30,6,4,C14,0.9879592033586722,0.09816045094485897,0.13283122170805764,0.7988376660191231,0.41083122740592815,0.4877570011756649,6471,1942,418
dg_ch3,GPR[Matern_1.5 + White],0.3,30,6,5,C17,0.9881012950732534,0.09668162272336794,0.1321152641937531,0.9651699669404569,0.14357898136330435,0.18900886236464057,6082,1825,807
dg_ch3,GPR[Matern_1.5 + White],0.3,30,6,6,C18,0.9874249446931201,0.09374306580691422,0.12733180870683844,0.9649716391236794,0.22205533041774864,0.28701765523368344,6285,1886,604
dg_ch3,GPR[Matern_1.5 + White],0.3,30,6,7,C19,0.9872049241489185,0.09436712375018681,0.12909910426168045,0.96810500471293,0.18387437910605375,0.23787622790558371,6206,1862,683
dg_ch3,GPR[Matern_1.5 + White],0.3,30,6,8,C2,0.9873328782142102,0.09779539996453536,0.13187063463830065,0.9719324797899017,0.14046865571257414,0.1729195004348203,6147,1845,742
dg_ch3,GPR[Matern_1.5 + White],0.3,30,6,9,C3,0.9863009494669845,0.11146537843554712,0.14877869066780983,0.9404016273243051,0.1551344202585079,0.2183166511619904,5729,1719,1160
dg_ch3,GPR[Matern_1.5 + White],0.3,30,6,10,C4,0.9888489763947429,0.09649902858053477,0.12997036653289132,0.8115228187841097,0.3645045190186577,0.4391383261179498,6340,1902,549
dg_ch3,GPR[Matern_1.5 + White],0.3,30,7,1,C1,0.9888126037908337,0.09235277754540679,0.1265300268339103,0.9592077132024818,0.17405734916569715,0.21127582903712683,6048,1815,841
dg_ch3,GPR[Matern_1.5 + White],0.3,30,7,2,C12,0.9896252472732013,0.08721450861189997,0.11725982598256181,0.9657148180752577,0.21360611454892,0.27093634430429264,6210,1863,679
dg_ch3,GPR[Matern_1.5 + White],0.3,30,7,3,C13,0.9885232797517503,0.09279308252973456,0.12614290831785033,0.9654706479153323,0.18972140752294622,0.25836080308538123,6483,1945,406
dg_ch3,GPR[Matern_1.5 + White],0.3,30,7,4,C14,0.9874284832444644,0.10280331727557564,0.13842060529335953,0.641408935177489,0.5867811446632551,0.651223270283337,6471,1942,418
dg_ch3,GPR[Matern_1.5 + White],0.3,30,7,5,C17,0.9877306397575669,0.09891909151658902,0.136403054297426,0.9625152840845048,0.14832274318046015,0.19607956586752517,6082,1825,807
dg_ch3,GPR[Matern_1.5 + White],0.3,30,7,6,C18,0.9883711528849233,0.09026486445395646,0.12302465707221294,0.9682120249814394,0.20816706062128063,0.2734199100173643,6285,1886,604
dg_ch3,GPR[Matern_1.5 + White],0.3,30,7,7,C19,0.9871403105586816,0.09660390351388527,0.13342710147523043,0.9725077964917586,0.16675538189812675,0.22084854734541384,6206,1862,683
dg_ch3,GPR[Matern_1.5 + White],0.3,30,7,8,C2,0.9858133671016968,0.1023663426464442,0.13890378913538232,0.977630095100115,0.12645474025527859,0.15437395084704023,6147,1845,742
dg_ch3,GPR[Matern_1.5 + White],0.3,30,7,9,C3,0.9883802343281111,0.09830669045019738,0.13269014195740478,0.9388961535276622,0.16202894275055124,0.22105682857047138,5729,1719,1160
dg_ch3,GPR[Matern_1.5 + White],0.3,30,7,10,C4,0.9890163143042752,0.0916988011596345,0.12633198755150896,0.8352686154433968,0.3329044146824079,0.4105443951746983,6340,1902,549
dg_ch3,GPR[Matern_1.5 + White],0.3,30,8,1,C1,0.9866528820984051,0.09831914471541377,0.13289378404861885,0.9561062930535398,0.17960524769054265,0.2191603161448499,6048,1815,841
dg_ch3,GPR[Matern_1.5 + White],0.3,30,8,2,C12,0.9887941776094903,0.09030709594748526,0.12228707132677147,0.9656064523740842,0.20809309134265805,0.2713641828347373,6210,1863,679
dg_ch3,GPR[Matern_1.5 + White],0.3,30,8,3,C13,0.9885679698254429,0.09259806979626596,0.12443193159450448,0.962581825773174,0.19888979665594939,0.26895133703027374,6483,1945,406
dg_ch3,GPR[Matern_1.5 + White],0.3,30,8,4,C14,0.9867130494613278,0.09955276761965975,0.13621815681724828,0.8008549042307672,0.4366658795121381,0.4853052470175029,6471,1942,418
dg_ch3,GPR[Matern_1.5 + White],0.3,30,8,5,C17,0.9884179809807006,0.09473421997608972,0.13121227491143894,0.963625847637619,0.14738052767734225,0.19315309238079223,6082,1825,807
dg_ch3,GPR[Matern_1.5 + White],0.3,30,8,6,C18,0.9865057010788854,0.09990780896086497,0.1320360355721017,0.9674897823304731,0.21125607519625664,0.27650859989728055,6285,1886,604
dg_ch3,GPR[Matern_1.5 + White],0.3,30,8,7,C19,0.9864147262531977,0.09808841542306664,0.13345563656837717,0.9660307524633636,0.18994464042345674,0.2454893948586493,6206,1862,683
dg_ch3,GPR[Matern_1.5 + White],0.3,30,8,8,C2,0.9843683158521903,0.10873587381596343,0.14837254263187258,0.9757732891654275,0.13098969800651283,0.16065312507775723,6147,1845,742
dg_ch3,GPR[Matern_1.5 + White],0.3,30,8,9,C3,0.9882893629199548,0.09865287328041869,0.13105329252346448,0.9481121455921445,0.14706125406045148,0.20370538813143854,5729,1719,1160
dg_ch3,GPR[Matern_1.5 + White],0.3,30,8,10,C4,0.9887428330128625,0.0955296420972829,0.13032113901554243,0.787206609513553,0.387733874520458,0.4666067534484237,6340,1902,549
dg_ch3,GPR[Matern_1.5 + White],0.3,30,9,1,C1,0.9876554243351443,0.09835501125058406,0.13710285933729122,0.9552906229114715,0.1804725303969003,0.2211872544826894,6048,1815,841
dg_ch3,GPR[Matern_1.5 + White],0.3,30,9,2,C12,0.9895687498184575,0.08695123349988425,0.11824152869541842,0.9684017129052557,0.20545452392243058,0.2601032674260158,6210,1863,679
dg_ch3,GPR[Matern_1.5 + White],0.3,30,9,3,C13,0.9894221867229841,0.09019099226580661,0.12126182717854049,0.9624101199747767,0.19973518554721678,0.2695677172725793,6483,1945,406
dg_ch3,GPR[Matern_1.5 + White],0.3,30,9,4,C14,0.9877535729916839,0.10129089441474605,0.1346261645705027,0.7090214866212561,0.5142535784195517,0.5866250973898376,6471,1942,418
dg_ch3,GPR[Matern_1.5 + White],0.3,30,9,5,C17,0.989216619414059,0.09275625850533539,0.1261303043817412,0.9590639308175978,0.15430486092902568,0.20490770715481663,6082,1825,807
dg_ch3,GPR[Matern_1.5 + White],0.3,30,9,6,C18,0.9875684593272683,0.09434915980163176,0.12584557546434566,0.9656142028528282,0.21706512782798992,0.2843729301400112,6285,1886,604
dg_ch3,GPR[Matern_1.5 + White],0.3,30,9,7,C19,0.9866288124457512,0.09869191754047138,0.13596878242820962,0.9703502090073176,0.18265020529835077,0.22935097467241725,6206,1862,683
dg_ch3,GPR[Matern_1.5 + White],0.3,30,9,8,C2,0.9887095778270333,0.09423088099885397,0.12783095792488364,0.9708132822642859,0.13960163771183798,0.17633339906497136,6147,1845,742
dg_ch3,GPR[Matern_1.5 + White],0.3,30,9,9,C3,0.9876230237878277,0.10367076820763073,0.13852834597813318,0.9412861538767463,0.15985122511034336,0.21669052674288095,5729,1719,1160
dg_ch3,GPR[Matern_1.5 + White],0.3,30,9,10,C4,0.9876537018847908,0.09550860862122747,0.12780515054218627,0.8448200810346964,0.31172693091722165,0.39846457174033567,6340,1902,549
dg_ch3,GPR[Matern_1.5 + White],0.3,30,10,1,C1,0.9900772267592615,0.08691101897915025,0.11874224080256512,0.9508289617084655,0.1884405658186497,0.23196126997035288,6048,1815,841
dg_ch3,GPR[Matern_1.5 + White],0.3,30,10,2,C12,0.9868758537215009,0.09643778310448754,0.13040825536789727,0.9706402963222752,0.1993633774859661,0.25072051518408683,6210,1863,679
dg_ch3,GPR[Matern_1.5 + White],0.3,30,10,3,C13,0.9904861644580167,0.08860818750912516,0.11867033707743595,0.9630887119487893,0.1935351455406734,0.2671234477356253,6483,1945,406
dg_ch3,GPR[Matern_1.5 + White],0.3,30,10,4,C14,0.9857587034117093,0.10619928551209579,0.14393911677255167,0.6840329122221167,0.5507182416302527,0.61129536468135,6471,1942,418
dg_ch3,GPR[Matern_1.5 + White],0.3,30,10,5,C17,0.9867758584200297,0.09996527453016844,0.13889912473026658,0.9623494402332609,0.1496976009566363,0.19651284515029113,6082,1825,807
dg_ch3,GPR[Matern_1.5 + White],0.3,30,10,6,C18,0.9871250365414515,0.09432163574361116,0.12883099406883708,0.9664581475689826,0.21775644092019036,0.28086151003335724,6285,1886,604
dg_ch3,GPR[Matern_1.5 + White],0.3,30,10,7,C19,0.9881759401913225,0.09233643323277306,0.12605766780302752,0.9655495549510301,0.19341254435148147,0.24722204258733457,6206,1862,683
dg_ch3,GPR[Matern_1.5 + White],0.3,30,10,8,C2,0.9863443295224696,0.10534731242748786,0.14244953385040665,0.9740662632333912,0.13720330244352497,0.16621664013711207,6147,1845,742
dg_ch3,GPR[Matern_1.5 + White],0.3,30,10,9,C3,0.9862793727906183,0.10368390272297535,0.14069289444465316,0.9492655526367328,0.14380597047253108,0.20142859672174684,5729,1719,1160
dg_ch3,GPR[Matern_1.5 + White],0.3,30,10,10,C4,0.9882863579568629,0.0965355336842322,0.1296886068216689,0.8116409087296652,0.3524187918237155,0.43900073400710815,6340,1902,549
