Observed,Predicted,Group
-2.6621415709589056,-2.9779384212685356,C1
-2.5320960534771997,-2.9646607246715706,C1
-2.4546928835341757,-2.9276282007169585,C1
-2.4822764051662642,-2.893653877989011,C1
-2.5603515704365263,-2.935074984854114,C1
-2.5290018303391264,-2.9217404953896904,C1
-2.4404524444195657,-2.8939581620596457,C1
-2.4299242946783957,-2.8705774501582573,C1
-2.523313257054355,-2.911165063635179,C1
-2.461929212956828,-2.888491848305095,C1
-2.425968732272281,-2.8563633911254183,C1
-2.349498205121633,-2.8356010333996644,C1
-2.513711239039434,-2.844529700067376,C1
-2.4535807331648085,-2.8061619782497456,C1
-2.3521282346937675,-2.777283988952638,C1
-2.3550692920864127,-2.764453740411261,C1
-2.9546770212133424,-3.2561197244451607,C1
-2.880414225038216,-3.249488721155469,C1
-2.787013815263332,-3.2176683509821045,C1
-2.7486051499598956,-3.15039947416083,C1
-2.8900841369762067,-3.209750092710539,C1
-2.828566099056992,-3.2030622965533886,C1
-2.771599641296995,-3.1804921170045914,C1
-2.73849922680172,-3.123816851009876,C1
-2.8239087409443187,-3.164981214737271,C1
-2.751536282448968,-3.1489546927144607,C1
-2.6501399178076688,-3.1220383893160313,C1
-2.626720106722504,-3.0755975423997626,C1
-2.8116340739368515,-3.119143254147615,C1
-2.6675615400843946,-3.087422225637258,C1
-2.60977163753087,-3.063756390121398,C1
-2.5888855814490954,-3.033739346350117,C1
-3.3102473038608435,-3.4902490660040413,C1
-3.2331411889785824,-3.47104555099788,C1
-3.169989064063882,-3.4487392012333147,C1
-3.0879374444114975,-3.3954409652736466,C1
-3.256098449514821,-3.4843677890653386,C1
-3.1709536631468174,-3.453999119156621,C1
-3.101384502583814,-3.441836266770915,C1
-3.0626827522375057,-3.388538030811247,C1
-3.1762650116012687,-3.4683381232893447,C1
-3.1345406773380353,-3.405590868799246,C1
-3.0374412642040363,-3.394424760066292,C1
-3.0012612837441823,-3.3513609431850706,C1
-3.1515029819096334,-3.4129151258879733,C1
-3.1012199867101744,-3.3458430628469378,C1
-3.01121815654636,-3.3379274219965533,C1
-2.9821322810364945,-3.3066756265235724,C1
-3.5785606097799505,-3.930597734003187,C1
-3.5227340045751476,-3.8791820554501033,C1
-3.476383580945629,-3.849403997686307,C1
-3.4586704223333062,-3.785669737678238,C1
-3.505149978319906,-3.9316823973703254,C1
-3.501827339363456,-3.8707727722827334,C1
-3.4207882197685007,-3.8511382118977964,C1
-3.383419469914114,-3.7874039518897273,C1
-3.474695990041761,-3.9066741982906987,C1
-3.420673796244745,-3.8133859886217256,C1
-3.3741732867142886,-3.796920791212119,C1
-3.340749531227339,-3.732617908532724,C1
-3.392974121565214,-3.863750458875755,C1
-3.384049948343599,-3.7749843123655724,C1
-3.3387553910406664,-3.7617695828385354,C1
-3.2781069837850425,-3.7041326052605688,C1
-3.2781069837850425,-3.6055875405021625,C1
-3.194091544925803,-3.551219784334698,C1
-3.110082316563794,-3.487968221178908,C1
-3.0354104125100965,-3.42828619470873,C1
-3.2115487929765445,-3.504451392775266,C1
-3.128777443240293,-3.4435905707689654,C1
-3.1248808345374317,-3.407275773723239,C1
-3.0130492121414836,-3.347593747253061,C1
-3.146484303243071,-3.477274408646413,C1
-3.1021530684204284,-3.3840350020587313,C1
-2.9419537696047184,-3.348716948665757,C1
-2.8914349762671656,-3.2992693412740257,C1
-3.0775859758543658,-3.395055399232713,C1
-3.0264565314675105,-3.2887288280190745,C1
-2.9336740746379624,-3.254680849180463,C1
-2.87484417041947,-3.2240065808980454,C1
-3.520136886976902,-3.825241382522494,C1
-3.3881705205016264,-3.7621719981150354,C1
-3.2886990400838343,-3.6988023278660926,C1
-3.2066287510810443,-3.644609017626153,C1
-3.4121768286810448,-3.760366998197937,C1
-3.345534666479854,-3.6908045479516423,C1
-3.2138877162801736,-3.6560428521808115,C1
-3.180192935409244,-3.601849541940872,C1
-3.3915809486827144,-3.7186761812578384,C1
-3.2524328372623748,-3.6167351464301625,C1
-3.2072582141652513,-3.585142813634662,C1
-3.1317083119821443,-3.5303808807233965,C1
-3.347850394598347,-3.648956429830566,C1
-3.276462238467943,-3.5515374581616803,C1
-3.167554958825889,-3.5212151999205425,C1
-3.0771189087917064,-3.49183530191884,C1
-3.725149679983335,-4.03747412294507,C1
-3.582196277360119,-3.9619520378507525,C1
-3.5341711846425636,-3.9145460535632473,C1
-3.4432152176929747,-3.8258673809089636,C1
-3.6649434805609085,-3.972599738620511,C1
-3.4956650881975357,-3.8905845876873593,C1
-3.473402290896548,-3.8491858506317063,C1
-3.37903156435571,-3.7605071779774226,C1
-3.611721136540361,-3.89063583224469,C1
-3.5114492834995557,-3.776242096730158,C1
-3.418050341626682,-3.7358401033272566,C1
-3.3334820194451193,-3.646592808001647,C1
-3.5138530031934274,-3.855180743409947,C1
-3.442974277613617,-3.7453090710542045,C1
-3.377268034835281,-3.7061771522056657,C1
-3.2895441356645754,-3.623327154590832,C1
-3.9500071430798576,-4.0968292775005635,C1
-3.8594919569618202,-4.009800740606976,C1
-3.7825160557860937,-3.9631648925978666,C1
-3.725611204449621,-3.8874563128353428,C1
-3.896196279044043,-4.068525801075917,C1
-3.813608784304507,-3.975004198343493,C1
-3.7126462272852536,-3.9219990491740497,C1
-3.6683702823700677,-3.846290469411527,C1
-3.762959208620809,-4.04175680806634,C1
-3.7358908436941918,-3.9203640266781887,C1
-3.6597542384320683,-3.8683556211615002,C1
-3.5595632338942265,-3.790876607087732,C1
-3.769806621130954,-4.018583695807706,C1
-3.6591594501876683,-3.9017129775783466,C1
-3.599462010608054,-3.8596768043691716,C1
-3.5319482085457623,-3.7828949759932042,C1
-4.454692883534176,-4.53453280163767,C1
-4.327625021253921,-4.5040036672462405,C1
-4.248182212263121,-4.498872721055641,C1
-4.21374560421022,-4.4676102075199,C1
-4.313721321932799,-4.500610242698303,C1
-4.220908796154501,-4.455684678943559,C1
-4.164563105198142,-4.419877278725639,C1
-4.10242788617427,-4.388614765189897,C1
-4.2648004515776865,-4.451775472753695,C1
-4.101603954069991,-4.378978730343227,C1
-4.018407882785919,-4.323589204989714,C1
-3.9796387173522922,-4.294475900226277,C1
-4.175353585281648,-4.458011823735759,C1
-4.033576654056307,-4.396584779261901,C1
-3.9570309266068198,-4.34490638434085,C1
-3.9423338960901706,-4.297962911320896,C1
-4.490259984429618,-4.634255213542184,C1
-4.361011840656318,-4.573551557576994,C1
-4.297052753818444,-4.56467490043422,C1
-4.269056306572264,-4.533412386898478,C1
-4.3081231774406685,-4.589055551220159,C1
-4.268250116472736,-4.513955465891653,C1
-4.184820869860581,-4.485679458104217,C1
-4.150642018338701,-4.454416944568475,C1
-4.288108450119421,-4.5402207812755515,C1
-4.209152096034568,-4.437249517291321,C1
-4.115148017254002,-4.389391384368293,C1
-4.098596173174748,-4.360278079604855,C1
-4.21645371772965,-4.540022377874992,C1
-4.136736636349519,-4.448420811827373,C1
-4.0678815279708775,-4.4042738093368055,C1
-4.047159143324299,-4.357330336316852,C1
-4.591929714112815,-4.737986050986156,C1
-4.612432220582812,-4.681378772966808,C1
-4.562090964460501,-4.61467919001317,C1
-4.505984625242856,-4.692518823163147,C1
-4.4752145506787775,-4.628518588231419,C1
-4.483068191131987,-4.57368216816886,C1
-4.3921162556430104,-4.542419654633118,C1
-4.393081474051709,-4.643684053218539,C1
-4.3663295939485565,-4.551812639631087,C1
-4.324955264044108,-4.477394094432936,C1
-4.295163393788596,-4.448280789669498,C1
-4.4185054577091005,-4.64348564981798,C1
-4.281913705216908,-4.562983934167138,C1
-4.239879214735432,-4.4922765194014485,C1
-4.249645911237292,-4.445333046381495,C1
-4.792904459580782,-4.771302833317197,C1
-4.6217838502501225,-4.655617793879363,C1
-4.686554629573586,-4.681445999427904,C1
-4.552221990705379,-4.706306872642089,C1
-4.686765708305276,-4.647779477306774,C1
-4.5968794788241825,-4.601076598643277,C1
-4.573163546196492,-4.6377155270664545,C1
-4.486649201194043,-4.478960319358811,C1
-4.447210149807218,-4.506937733679657,C1
-4.56304266933055,-4.658501167327202,C1
-4.47249898901888,-4.591809999456276,C1
-4.428407616638693,-4.503407920541107,C1
-4.385208208043583,-4.513555166605436,C1
-4.8344589232776265,-4.651355315686234,C1
-4.731422028117157,-4.604313285223085,C1
-4.669789215428472,-4.57164623920856,C1
-4.680269505669775,-4.57669982032926,C1
-4.722390785695909,-4.586359355011126,C1
-4.700492701299512,-4.54334323508312,C1
-4.487182241435127,-4.496330419544633,C1
-4.664742743565468,-4.517768009435492,C1
-4.566230166075134,-4.466637286482788,C1
-4.43937612545007,-4.394988764688009,C1
-4.410050398674293,-4.402191554581013,C1
-4.600499338685389,-4.543966289535888,C1
-4.450016388840311,-4.492786397072271,C1
-4.400007822415902,-4.4248490057099525,C1
-4.314526980277241,-4.414221627346441,C1
-4.850165303284215,-4.41559759517217,C1
-4.5707323335668315,-4.373223979526706,C1
-4.420559402860203,-4.355425815619277,C1
-4.429457060118103,-4.375085779500994,C1
-4.550059011226662,-4.3353984070537095,C1
-4.472112434047295,-4.291155510210924,C1
-4.380489279161502,-4.253957995658832,C1
-4.272296116314646,-4.273617959540548,C1
-4.356251314540474,-4.266807061478075,C1
-4.243439956993317,-4.214449561610593,C1
-4.162916849176814,-4.157669921922908,C1
-4.145147637582166,-4.179479094576928,C1
-4.30592153791924,-4.2805440814571485,C1
-4.208519883979999,-4.228137412078753,C1
-4.1491700401514695,-4.175068902823528,C1
-4.152489034796752,-4.179047907221034,C1
-4.44057220024051,-4.266448668691904,C1
-4.265360161012301,-4.213912747268425,C1
-4.18701983396052,-4.196104022229611,C1
-4.167491087293763,-4.1969889699299205,C1
-4.2914941190447635,-4.180110359824688,C1
-4.1703746466419505,-4.125705157203887,C1
-4.146545158631933,-4.088497081520411,C1
-4.088309841246139,-4.089382029220721,C1
-4.217169194797409,-4.177632357377344,C1
-4.058041583469186,-4.108781334867955,C1
-4.027612000892527,-4.06445340150007,C1
-3.8921119748172015,-4.061035719223579,C1
-4.238372815438417,-4.101632877629671,C1
-4.023787622882623,-4.032732685609369,C1
-4.0125124938669074,-3.9921158826739442,C1
-3.9812995013337567,-4.014053042054869,C1
-4.329939782526866,-4.077373971583518,C1
-4.068643849532072,-4.015619829926741,C1
-4.000912977374112,-4.014912890925576,C1
-3.9377941911802874,-3.9141694792043347,C1
-4.139961610192807,-4.031448110485556,C1
-3.958607314841775,-3.967775518120546,C1
-3.938547520912807,-3.938756288742788,C1
-3.8309136425129773,-3.8286893078026054,C1
-4.095338542084476,-4.031322369323689,C1
-3.9427143555817854,-3.9564872401547873,C1
-3.827689031478046,-3.9203481530926205,C1
-3.7937139555875676,-3.8106061745694038,C1
-4.017683530307934,-3.920385961805355,C1
-3.9030899869919438,-3.845550832636453,C1
-3.8677403104689554,-3.8220358157386767,C1
-3.747875447494356,-3.762033357444121,C1
-4.589391457431632,-4.544630035307448,C1
-4.621057301386562,-4.52388394470004,C1
-4.637329070274333,-4.47963407463234,C1
-4.486116814388907,-4.462913894560075,C1
-4.357733381097327,-4.450175714286394,C1
-4.271078353627141,-4.41657470208022,C1
-4.359220522655143,-4.411042729056706,C1
-4.2813322646837895,-4.386207945959743,C1
-4.147276089208794,-4.35388764055047,C1
-4.142969201727376,-4.3224358371166005,C1
-4.21339052735134,-4.431828369317453,C1
-4.22373478173189,-4.406944416709577,C1
-4.142848497312507,-4.378335241732765,C1
-4.0678815279708775,-4.32905327004238,C1
-4.310868802765502,-4.207034934143481,C1
-4.134540677338035,-4.175114721747541,C1
-4.082547008070336,-4.186910368201683,C1
-4.040720049869061,-4.183202733350703,C1
-4.179273237176166,-4.12683574602502,C1
-4.090443970758825,-4.093046252431758,C1
-3.9800533183211577,-4.085442548241237,C1
-3.9657727392294495,-4.081734913390258,C1
-4.053695145006525,-4.058244400449386,C1
-4.055862926841902,-4.016340303831427,C1
-3.934793871945688,-3.9891544745053107,C1
-3.914709421769935,-3.9875960484266355,C1
-4.116281798036041,-4.081875419065712,C1
-4.0254883072626715,-4.03992215293684,C1
-3.932557157223619,-4.0164474540431865,C1
-3.827689031478046,-3.9970588597079915,C1
-3.9430951486635273,-3.8812983962702847,C1
-3.8579235389267152,-3.851824761394508,C1
-3.7817271464285525,-3.833240993265668,C1
-3.755228238504705,-3.8107583422332785,C1
-3.8735438865681955,-3.7949600874030667,C1
-3.8616973018337184,-3.76361717132997,C1
-3.7321245806811025,-3.725634052556467,C1
-3.6996219351292976,-3.7031514015240776,C1
-3.876475019057268,-3.784529358880055,C1
-3.760450279159527,-3.728518444736878,C1
-3.6961562251113453,-3.6834154682789664,C1
-3.671416550285798,-3.6630820260188814,C1
-3.849243560139691,-3.737981685260247,C1
-3.753994095923971,-3.681921601606156,C1
-3.653255945395151,-3.640529755580706,C1
-3.577410160148518,-3.6390993162289305,C1
-3.7726275577103636,-3.6149850136503874,C1
-3.5736514262124923,-3.554306709297823,C1
-3.516698047641833,-3.552824727206633,C1
-3.4661008992034055,-3.4565819369554918,C1
-3.7358908436941918,-3.569059152552425,C1
-3.549289121853081,-3.5064623974916267,C1
-3.516412703031106,-3.4766681250238447,C1
-3.4943074925878,-3.3711017655537625,C1
-3.538651566352017,-3.568933411390559,C1
-3.4480623046351626,-3.495174119525868,C1
-3.4278256863869405,-3.458259989373677,C1
-3.361410916707283,-3.353018632320561,C1
-3.5845258318907645,-3.4814735978156675,C1
-3.4740486587519874,-3.4077143059509765,C1
-3.393618634889395,-3.3834242459631763,C1
-3.376647318462008,-3.3143398138325306,C1
-4.074739490480565,-4.07996698432722,C1
-3.7791077507804807,-4.037551490072371,C1
-3.669789215428472,-3.962961769896777,C1
-3.6449317936511494,-3.9583670923472956,C1
-3.8738685927380154,-4.023369872229375,C1
-3.771599641296995,-3.979085096777207,C1
-3.628193541492584,-3.9114754180379347,C1
-3.573976984310124,-3.9068807404884534,C1
-3.7888794587419508,-4.011588095138415,C1
-3.69637202361611,-3.966564950335128,C1
-3.5620909644605017,-3.8918354139114504,C1
-3.5159850373324373,-3.8893899451342735,C1
-3.8353497840657034,-3.9650404215186037,C1
-3.697669071315601,-3.9199681072044057,C1
-3.5565805382171827,-3.84894970121319,C1
-3.4438181533470886,-3.856329352270941,C1
-3.7883455994468176,-3.6958819634225444,C1
-3.4647058799572297,-3.6218674569738103,C1
-3.4314462879505574,-3.5714227909996556,C1
-3.352519226826324,-3.4956867246850947,C1
-3.5601937886066697,-3.639284851324698,C1
-3.4183916339679423,-3.563401063678644,C1
-3.3998987443086093,-3.5199364391408134,C1
-3.3027706572402824,-3.439249343219727,C1
-3.599807511407424,-3.6571807833088683,C1
-3.447210149807218,-3.5742274094478086,C1
-3.3237637832366884,-3.5236429272255694,C1
-3.318849250067579,-3.443280833721449,C1
-3.5395532161192795,-3.5652192296172247,C1
-3.401866354186762,-3.4822166862452506,C1
-3.2688142923659997,-3.435343334455473,C1
-3.151995728502732,-3.4044588740547885,C1
-3.6348865683724227,-3.3650161292220355,C1
-3.21289390696343,-3.234594576980129,C1
-3.2225731776106885,-3.184336745485485,C1
-3.1645631051981415,-3.0791128771780647,C1
-3.3279021420642825,-3.3488314648934447,C1
-3.103749437538362,-3.216491461943304,C1
-3.086663074067377,-3.1643007321530554,C1
-3.1385253311428314,-3.049753294626694,C1
-3.2649602949662793,-3.3690796581630935,C1
-3.1324735888002566,-3.232953352082642,C1
-3.0693565589578355,-3.1736427646079846,C1
-3.0055068771164875,-3.059420329498589,C1
-3.340178841944295,-3.2594438080857313,C1
-3.066107964235789,-3.1233175020052797,C1
-2.988006885340743,-3.076630984695013,C1
-3.0034445503666345,-3.020741511010559,C1
-3.4652126413705084,-3.097311993208439,C1
-2.9083330424043154,-2.9853657474140984,C1
-2.938547520912807,-2.8196565262496858,C1
-3.100015437450609,-3.082151404287525,C1
-2.940058111938045,-2.96828670778495,C1
-2.982549270489464,-2.870722768224881,C1
-2.6673595896125373,-2.8030382237035103,C1
-3.162222230446267,-3.1023995975571736,C1
-2.8096683018297086,-2.984748597924288,C1
-2.75300930075845,-2.88006480067981,C1
-2.996970529446382,-2.8127052585754053,C1
-3.282329496997738,-3.0219096101456357,C1
-2.904830648568245,-2.899585678055366,C1
-2.7894139750948437,-2.8075259509752786,C1
-2.7404061211140514,-2.7686515666466414,C1
-2.8271053022478236,-2.9884929399749147,C1
-2.676129393459491,-2.960335165755476,C1
-2.5379016188648444,-2.9028330600266177,C1
-2.5483670525430093,-2.8716276560167424,C1
-2.6759234202605136,-2.9200263356533975,C1
-2.6101254416090147,-2.874259333649212,C1
-2.580209413893637,-2.8180273024747162,C1
-2.495121540589784,-2.792397368757487,C1
-2.7572101905213233,-2.761872124364883,C1
-2.549442990581671,-2.728428281917957,C1
-2.5380515047962384,-2.6482398252975803,C1
-2.4901257149952807,-2.634278389989695,C1
-2.5696024086130334,-2.681229361365661,C1
-2.5164127030311056,-2.6461155222390924,C1
-2.4879830305038735,-2.597539518589034,C1
-2.4452686233240333,-2.5778912524620377,C1
-3.2211255279972604,-3.4657443623298687,C1
-3.0916222275676053,-3.375266088559241,C1
-3.0736060997303176,-3.3364652856059194,C1
-3.023695883447997,-3.2979304567356693,C1
-3.167491087293764,-3.3783424645603275,C1
-3.089002283689357,-3.304664519657284,C1
-3.106071873457393,-3.257737954178274,C1
-2.975514332300833,-3.22477859560067,C1
-3.0638885683251456,-3.2759959512969745,C1
-3.0130492121414836,-3.20850994160561,C1
-2.9037854146535946,-3.137626950680719,C1
-2.846795099915716,-3.112151255014213,C1
-3.0079769722361496,-3.1965325332395307,C1
-2.9570309266068198,-3.127376526868524,C1
-2.846795099915716,-3.078329896996811,C1
-2.791558643561433,-3.047167370511194,C1
-3.5131446447230568,-3.7942006042133802,C1
-3.422738046414185,-3.6825683188057226,C1
-3.379447555270565,-3.6474932364498747,C1
-3.3307761260691944,-3.610070481598314,C1
-3.5240384108075764,-3.65843759223162,C1
-3.4252744164059266,-3.5812148634762933,C1
-3.331148351917481,-3.538014018594757,C1
-3.267767119779502,-3.512679611317792,C1
-3.406271001292089,-3.565550931424254,C1
-3.325598187154718,-3.516506587124099,C1
-3.2842472831771405,-3.4493493167966816,C1
-3.227238352855968,-3.4314985724308147,C1
-3.325230685984574,-3.4653262459879217,C1
-3.3131850454926832,-3.4081742915254845,C1
-3.2287800980504664,-3.3463115547388105,C1
-3.1894986522334703,-3.3280883050733667,C1
-3.8329782042097436,-4.016739561608883,C1
-3.7382614526474622,-3.9051069589114022,C1
-3.674484336636852,-3.8612222159481533,C1
-3.6773672883077766,-3.7893140986822487,C1
-3.7068585165490693,-3.8809765496271207,C1
-3.703115524461453,-3.803753503581973,C1
-3.6212388246836267,-3.7517429980930355,C1
-3.5897290357478155,-3.6919232284017265,C1
-3.682563503464901,-3.8074657016692646,C1
-3.6181632000016566,-3.735476825177987,C1
-3.5598783968121963,-3.6595098942431687,C1
-3.5697636465884894,-3.609214640719278,C1
-3.6322714539130234,-3.692492386392611,C1
-3.6101254416090147,-3.6123958997390515,C1
-3.5355104525660286,-3.5417235023449765,C1
-3.4928190227397593,-3.491055743521509,C1
-3.7493360805367564,-3.985321405827796,C1
-3.651305809734459,-3.833742647791122,C1
-3.3737623148530997,-3.601531723959862,C1
-3.7015836199387055,-3.87490548434116,C1
-3.515130967279598,-3.7577362829568215,C1
-3.474307475494989,-3.629177335215811,C1
-3.331893762067269,-3.522568387700483,C1
-3.5536181877775577,-3.8155882296027674,C1
-3.425968732272281,-3.7031196499877987,C1
-3.3397987986193183,-3.574751714362596,C1
-3.229958445680331,-3.4615021418949916,C1
-3.568797115443483,-3.6997182583016057,C1
-3.4005536242747243,-3.5863132780344853,C1
-3.3432312207339834,-3.457351006587163,C1
-3.1615917215058134,-3.3537728251397443,C1
-3.8904214530956134,-4.058234623989737,C1
-3.714217726220605,-3.9102862117857775,C1
-3.626536278367631,-3.810287892501551,C1
-3.616005210558267,-3.7042102658985887,C1
-3.858236769724212,-3.958431770462432,C1
-3.752763450493236,-3.8448929149108078,C1
-3.576918041702769,-3.736768833100893,C1
-3.540155357611792,-3.630159885585565,C1
-3.7387371312075066,-3.9205881146096253,C1
-3.6424462802569186,-3.811749880827371,C1
-3.508218224415834,-3.689046348511705,C1
-3.4308602745275407,-3.5757967760441005,C1
-3.697669071315601,-3.8119998028836544,C1
-3.5694412304772425,-3.702225168449248,C1
-3.4748255721647285,-3.5789273003114626,C1
-3.3665315444204134,-3.475349118864044,C1
-4.100179497572904,-4.320662042189262,C1
-3.9546770212133424,-4.161036731680738,C1
-3.8404328067663798,-4.0535797105625875,C1
-3.838631997765025,-3.9580069340168063,C1
-3.9821322810364945,-4.28135853767074,C1
-3.9013562741829433,-4.156142783814549,C1
-3.8074325466634544,-4.020967694451064,C1
-3.6952941017872347,-3.9063362430386013,C1
-3.9734667354767033,-4.214442253129563,C1
-3.862329462763245,-4.089048365989393,C1
-3.765735875621211,-3.983958342446747,C1
-3.6842395093342653,-3.862686266082012,C1
-3.9295926782598802,-4.147183554240645,C1
-3.8155925145876797,-4.016345860522668,C1
-3.752763450493236,-3.9106615011579016,C1
-3.5949953349496306,-3.78004980543325,C1
-4.254300773397494,-4.452341049104,C1
-4.192464971931146,-4.323692737558913,C1
-4.105683937315562,-4.191772599898386,C1
-4.184156709336733,-4.413037544585478,C1
-4.107182175690424,-4.318798789692724,C1
-4.017547848615011,-4.159160583786863,C1
-3.975925012692574,-4.05667864941988,C1
-4.129186576084402,-4.346121260044301,C1
-3.9888526392242025,-4.223295941967898,C1
-3.9476909003526766,-4.093742801882879,C1
-3.8413360191860106,-3.984620242563613,C1
-4.093772736947641,-4.299770173752135,C1
-3.9767475403662886,-4.171501049097924,C1
-3.9125735429637145,-4.056557069679187,C1
-3.8133261325002548,-3.9380948910000053,C1
-4.553929064298995,-4.5755983037685795,C1
-4.421934116163908,-4.502801561358111,C1
-4.316412682427233,-4.43646239131911,C1
-4.233215484502141,-4.402908858727748,C1
-4.476123524361869,-4.473351547016716,C1
-4.330311291943792,-4.403286350747449,C1
-4.254222782110241,-4.311670168341213,C1
-4.06023122454665,-4.268822238166677,C1
-4.3436142809413125,-4.406435262475538,C1
-4.189565844077327,-4.339194624480315,C1
-4.090443970758825,-4.221467008508811,C1
-3.9943905546397196,-4.181549031085014,C1
-4.248874928464416,-4.328385229157569,C1
-4.140741582532693,-4.231261345542545,C1
-4.041866324323765,-4.134678034947647,C1
-3.9931062920520994,-4.075376541844171,C1
-4.601539150391777,-4.5512676308879545,C1
-4.469416140354882,-4.448296366903724,C1
-4.3865810549654265,-4.400438233980696,C1
-4.288361461767651,-4.371324929217258,C1
-4.467755356373417,-4.442586119753468,C1
-4.358129454523687,-4.34234640191044,C1
-4.288277108172765,-4.269211256620176,C1
-4.153910419642016,-4.230803554273565,C1
-4.382580253262823,-4.375669835212291,C1
-4.216882862509533,-4.278254675643305,C1
-4.150396341917553,-4.179008096787774,C1
-4.104964402547678,-4.143530347191902,C1
-4.367643953760926,-4.300876744127037,C1
-4.1944991418416,-4.189540819301651,C1
-4.111595832262953,-4.1114385458227245,C1
-3.999565922520681,-4.056577280547174,C1
-4.471597562046383,-4.4884409440453386,C1
-4.4185054577091005,-4.459327639281901,C1
-4.420673796244745,-4.4726608759350075,C1
-4.248797905411647,-4.334557616023011,C1
-4.443456291516486,-4.501887931291015,C1
-4.300162274132754,-4.408569149667873,C1
-4.223444089296738,-4.28276215853722,C1
-4.153662887870195,-4.247284408941348,C1
-4.455559862682308,-4.44769208850797,C1
-4.259953275948506,-4.350834728119344,C1
-4.187621488845806,-4.246172042365297,C1
-4.0915149811213505,-4.191310777089746,C1
-4.827981190575444,-4.629592904821543,C1
-4.641494088509765,-4.562950906461531,C1
-4.515700160653214,-4.498815111434745,C1
-4.592779107072603,-4.525914869526723,C1
-4.429223631205252,-4.408524647811857,C1
-4.4110563572599855,-4.427207664549529,C1
-4.545460015035181,-4.502489117675682,C1
-4.478208350360877,-4.46331074861223,C1
-4.352519226826324,-4.349493437160539,C1
-4.29627884007298,-4.37110640664895,C1
-4.559720786764411,-4.458221582630923,C1
-4.411728293157671,-4.415504634801987,C1
-4.296021174991614,-4.3129467299787985,C1
-4.267686672528757,-4.315176183787531,C1
-1.6522797829659617,-1.986824513715022,C1
-1.575935474582512,-1.9406848313283276,C1
-1.4352156154960132,-1.932138184711454,C1
-1.4681380509041906,-1.8957705539251588,C1
-1.5922692719736646,-1.9554485001818624,C1
-1.4445427827953505,-1.9092520249277094,C1
-1.5238932831598087,-1.8939893215126176,C1
-1.3930814740517088,-1.8682153015528815,C1
-1.532687937019448,-1.924779923752068,C1
-1.4835968515525968,-1.8834475095099104,C1
-1.3565473235138126,-1.8638386822451867,C1
-1.341035157335565,-1.8360119965204098,C1
-1.5721894273240098,-1.8771123732780919,C1
-1.5188441291719648,-1.821275479941918,C1
-1.3597173703033192,-1.8126926475625262,C1
-1.3635121036466347,-1.7985105892658746,C1
-2.023054249440758,-2.4703540670569106,C1
-1.9948194874962197,-2.4334900293434565,C1
-1.9251835593548252,-2.419717220757037,C1
-1.8934691461776187,-2.3833495899707424,C1
-1.9738754832545498,-2.4337116351330605,C1
-1.9229956732066498,-2.3967908045521478,C1
-1.91721462968355,-2.379761949890176,C1
-1.8419392060633948,-2.3539879299304407,C1
-1.9006647223140423,-2.4125799492789946,C1
-1.834458923277627,-2.3805231797100768,C1
-1.7607005208731075,-2.359148201198473,C1
-1.7840981867959684,-2.3313215154736966,C1
-1.9051796196452002,-2.356512030488674,C1
-1.8265223565470055,-2.301103910116013,C1
-1.7649768405047765,-2.290754926489741,C1
-1.712198270069774,-2.2765728681930897,C1
-2.4001169279263124,-2.7236212945544724,C1
-2.369572124974976,-2.7035382595279844,C1
-2.2767906895948884,-2.6802499500398382,C1
-2.2023170650851007,-2.658479976679295,C1
-2.297914278564175,-2.700614629507018,C1
-2.264081883468703,-2.6804748016130713,C1
-2.2239529288182203,-2.6664366827494925,C1
-2.1935486767527377,-2.6552603202155085,C1
-2.262886905694039,-2.6841140736807554,C1
-2.1869530348398922,-2.6688383067988037,C1
-2.1289527386945006,-2.6504540640855927,C1
-2.1152046360510193,-2.637225035786568,C1
-2.2395775165767877,-2.6219273175834354,C1
-2.130299026326122,-2.590957044213937,C1
-2.1001248039789893,-2.5758232693832954,C1
-2.0631847688023672,-2.5762388685123954,C1
-2.677160727313679,-3.160278870056515,C1
-2.700057099977233,-3.1516715851591104,C1
-2.6167233495923496,-3.121625521559315,C1
-2.640354207325457,-3.084255768474345,C1
-2.7166987712964503,-3.1372722050090607,C1
-2.615646585862494,-3.1286081272441972,C1
-2.64569943765464,-3.1078122542689695,C1
-2.6230582428532414,-3.0810361120105583,C1
-2.6959405337824007,-3.1171491730623773,C1
-2.4924139602369895,-3.113349156309509,C1
-2.6055483191737836,-3.0882071594846487,C1
-2.532391894416367,-3.0593783514611967,C1
-2.6179829574251317,-3.051415829779754,C1
-2.5759354745825123,-3.0319213065393384,C1
-2.4753442876422227,-3.010029777597048,C1
-2.4994890894736628,-3.003337290962332,C1
-1.9229956732066498,-2.1110711643074107,C1
-1.9901243662878398,-2.066210136466072,C1
-1.8745187342994059,-1.9935893677067564,C1
-1.867100230055517,-2.018162073598947,C1
-1.6819366650372385,-1.9520033991494314,C1
-1.6382721639824072,-1.8698072896129503,C1
-1.665546248849069,-1.7469359313153454,C1
-1.5082182244158342,-1.6292068905230777,C1
-1.575935474582512,-1.764057277279401,C1
-1.4313290219901034,-1.6169095592043643,C1
-1.4198736745884175,-1.696876547506276,C1
-1.266401539038661,-1.538596106986039,C1
-1.4179366370882913,-1.557128936589615,C1
-1.3147958655289853,-1.470844597519369,C1
-1.2073282108584327,-1.372444609894803,C1
-1.1840239990280144,-1.4481154268466674,C1
-1.077845674768941,-1.2839334789716625,C1
-1.195451691611944,-1.2002121905235479,C1
-1.1380476250785483,-1.4390764339550672,C1
-0.868702203402377,-1.225398440118308,C1
-1.0450342689415792,-1.2684036469056226,C1
-0.7785857621576613,-1.0241442384984514,C1
-1.8434508486682186,-1.4335317164250592,C1
-1.8021683066710972,-1.377147255623541,C1
-1.6587633767613077,-1.2663134428775322,C1
-1.5253467466379373,-1.4963558113397346,C1
-1.362210170637771,-1.2980743093051197,C1
-1.4223933226374643,-1.3200751491960583,C1
-1.25500332596144,-1.069177429362877,C1
-1.3371477667352039,-1.3018195262662147,C1
-1.1518724894321253,-1.0180245735907414,C1
-1.2086602960348605,-1.4360241564725147,C1
-1.005155150446602,-1.215188381109716,C1
-1.0157878332385661,-1.1834841525599948,C1
-0.8658228924232337,-0.9917088534066373,C1
-0.7870138152633318,-0.9000374251672999,C1
-0.893129455521346,-1.1931590637410383,C1
-0.6291169832223942,-0.9566312621059206,C1
-0.7875460389597242,-0.9587050968882184,C1
-0.5106040782728706,-0.6947399686153098,C1
-0.6918626213619614,-0.9384578987323868,C1
-0.39544996742873867,-0.660186973492706,C1
-1.7173778871219374,-1.9686161156781126,C1
-1.621783850250122,-1.7710427708401149,C1
-1.556893543262734,-1.6511952175076385,C1
-1.5973947580800851,-1.919879051852396,C1
-1.4329736338409396,-1.6457523343666554,C1
-1.3476569449372853,-1.5016003134043137,C1
-1.3559555071852512,-1.7005851411816273,C1
-1.1225710592117801,-1.393033508601182,C1
-1.261615876487844,-1.5275465694486925,C1
-0.996970529446382,-1.146631601216781,C1
-1.1754186237665174,-1.4329702781822016,C1
-0.9051796196452001,-1.0356514831216455,C1
-0.8645493006544862,-1.313310746861347,C1
-0.6655462488490691,-1.0555025890738001,C1
-0.556893543262734,-0.9865109368116928,C1
-0.6544302439436078,-1.083752418023066,C1
-0.4538276316830574,-0.8014793798978247,C1
-0.33254704711004607,-0.6946575299869159,C1
-0.5798791519142971,-1.2536402771100734,C1
-0.28158135817034435,-0.9575883047268161,C1
-0.4774253673088232,-1.0586828390168135,C1
-0.16399254087446855,-0.7191508286262138,C1
-0.38742804593482383,-1.0256784502986254,C1
-0.053007659251627676,-0.6673313999288725,C1
-1.5007254181077827,-1.5046003304938058,C1
-1.3573376685579646,-1.3486058053305794,C1
-1.2235894111926577,-1.2942208485847086,C1
-1.29860473098608,-1.3017282858688626,C1
-1.0634862575211066,-1.0828074587973722,C1
-1.0126019008629825,-1.0011624208615235,C1
-1.194227368064331,-1.2628603872536792,C1
-0.9597933724252888,-1.0443834461236539,C1
-1.1309443812980922,-1.0210998090724197,C1
-0.8335698861567173,-0.7630382829405504,C1
-0.7092977567121456,-1.0092057856367396,C1
-0.7354182707619225,-0.727040842977377,C1
-0.9404365820987324,-1.2489163572704254,C1
-0.763462738511306,-1.0602464979225885,C1
-0.637329070274333,-1.0020515048875245,C1
-0.5712174885030455,-0.7767226762740376,C1
-0.4492825765307173,-0.6902234732685378,C1
-0.6455073994105635,-1.1437376230333203,C1
-0.2965366581167069,-0.8929935140255046,C1
-0.5592482995208146,-0.9279446224173861,C1
-0.17496355877864628,-0.6385521929554748,C1
-0.46419970917510234,-0.9086791822291223,C1
-0.08772478950118764,-0.6003080233430548,C1
-2.081340706578177,-2.273093249400143,C1
-1.9730583720409707,-2.211284041254769,C1
-1.9055288713583551,-2.174351284125889,C1
-1.9093892921715934,-2.1608064360191515,C1
-1.9480760839538935,-2.2358420016303575,C1
-1.9641701747471718,-2.15752907745906,C1
-1.839831707041488,-2.129641921887305,C1
-1.8645493006544862,-2.115560609767705,C1
-1.9389246763702082,-2.1678935751783674,C1
-1.8213107602244103,-2.087647050955802,C1
-1.8136087843045068,-2.035803469938166,C1
-1.823041019413092,-2.038628099471473,C1
-1.940815382368629,-2.1237251995234083,C1
-1.8699880503280957,-2.0447610260352236,C1
-1.7754669373939143,-2.00799512434874,C1
-1.7522721670902768,-2.009958557148835,C1
-2.394587201846949,-2.4259316128924793,C1
-2.280088935801661,-2.4015294810659373,C1
-2.4503837604809147,-2.36114849538212,C1
-2.5861974832306487,-2.3472803161747566,C1
-2.372839047625224,-2.386094204780573,C1
-2.2617745518574948,-2.3528452012443037,C1
-2.2747419336400387,-2.3137342901148488,C1
-2.1336535772503984,-2.2993296468946234,C1
-2.125228362815702,-2.3015759342184716,C1
-2.0681354865079684,-2.2690402269152927,C1
-2.0116640441439495,-2.205972890339957,C1
-1.9871627752948278,-2.198300915378177,C1
-2.115827930476087,-2.242105098180513,C1
-2.027010773144651,-2.210851741611715,C1
-1.9566377219788704,-2.1652855029889704,C1
-1.9546770212133426,-2.156752331293979,C1
-2.5460704079422714,-2.7335107693200644,C1
-2.5128616245228135,-2.7091086374935225,C1
-2.410944468947656,-2.668727651809705,C1
-2.5617741923954704,-2.664219047673861,C1
-2.528561592610701,-2.6874358412145924,C1
-2.568797115443483,-2.6541868376783233,C1
-2.441291429466834,-2.6150759265488683,C1
-2.3106911408763797,-2.610030858400162,C1
-2.489723155582645,-2.5751930197916457,C1
-2.539252458155803,-2.542657312488467,C1
-2.401428336517859,-2.479589975913131,C1
-2.400226060853612,-2.4812775760228702,C1
-2.571379327328061,-2.5197148507817833,C1
-2.626536278367631,-2.4808024295759505,C1
-2.2945639534147495,-2.435236190953206,C1
-2.3192113884933176,-2.4360625943297336,C1
-3.2548471049231,-3.0398989351809775,C1
-3.0991414952980083,-3.018873564262175,C1
-3.14381507327283,-2.9799806339553063,C1
-3.1076827392775197,-2.949005283525393,C1
-3.218891164270534,-3.002358097981032,C1
-3.150089441698504,-2.972485855352502,C1
-3.0174574176970568,-2.934862999599996,C1
-3.038721320914957,-2.911842879117832,C1
-3.0937188442278467,-2.9167627715935374,C1
-3.144299169164563,-2.8949819507814465,C1
-3.086239113587677,-2.8334026695830596,C1
-2.9453869454431123,-2.8220510475102394,C1
-3.156269034887908,-2.8546203848608664,C1
-3.14248658522331,-2.8220012692446765,C1
-3.0248900103138388,-2.776426199876159,C1
-3.0084195428256604,-2.7642133810701273,C1
-2.654430243943608,-3.0534738523350087,C1
-2.6036262724634933,-3.0256881881055664,C1
-2.545307550760523,-2.9711958474040214,C1
-2.574302786637409,-2.9428579366201633,C1
-2.5970511706555954,-2.9968383824535456,C1
-2.5111673656175997,-2.9514434904393565,C1
-2.5083582065224137,-2.898221224292174,C1
-2.4375881670502726,-2.875458783800962,C1
-2.6230582428532414,-2.829170276273074,C1
-2.486516043295743,-2.7952121376385293,C1
-2.4920092751803087,-2.718033446045466,C1
-2.3686577135160674,-2.71074777961647,C1
-2.5395532161192795,-2.7692335928602807,C1
-2.4321505494268933,-2.7336054575460933,C1
-2.3798639450262424,-2.6880392189233486,C1
-2.2770371910575102,-2.679892355761141,C1
-2.974284616098659,-3.2643612652964054,C1
-2.927750102386485,-3.235490781073257,C1
-2.885389015767827,-3.18924424986031,C1
-2.8921119748172015,-3.151675392546765,C1
-2.938170692705301,-3.22475158028108,C1
-2.838332587562264,-3.178271868273185,C1
-2.7358908436941918,-3.1332954116146006,C1
-2.7770235501066085,-3.1013020245937013,C1
-2.99225222199926,-3.0924750749398315,C1
-2.767512133647014,-3.0648102418949295,C1
-2.678608721688311,-2.995877359790464,C1
-2.6524748400013105,-2.9755524711789088,C1
-3.071143466418089,-3.023657425273398,C1
-2.8401321529074335,-2.9943225955488533,C1
-2.713094647027625,-2.9487475261803358,C1
-2.73471037413917,-2.927561440835569,C1
-3.503623945987599,-3.757119855960213,C1
-3.4020855287974716,-3.6666415821895852,C1
-3.2829955929594528,-3.5991431341527167,C1
-3.265680319140993,-3.544731955045409,C1
-3.385735712641295,-3.6798435484416343,C1
-3.3902988976206005,-3.606165603538591,C1
-3.1830961606243395,-3.530541392976034,C1
-3.1573283662392115,-3.4817056841613723,C1
-3.4391373052725354,-3.5496909441604108,C1
-3.205372555335492,-3.4822049344690464,C1
-3.1082395985433284,-3.3826242984606085,C1
-3.0939883747285872,-3.341272252557045,C1
-3.3723269682333843,-3.4860199047280194,C1
-3.263046046216854,-3.4168638983570125,C1
-3.0764451419324508,-3.347374263636124,C1
-3.1516876963727154,-3.305161020999349,C1
-3.7939841232366556,-4.046626689780501,C1
-3.768785352037399,-3.924695592703145,C1
-3.7169250252645285,-3.885157996487978,C1
-3.657577319177794,-3.808896367409461,C1
-3.7757259857057424,-3.939829753762142,C1
-3.7961515362537654,-3.852308213337119,C1
-3.6407338353932515,-3.8046448545962632,C1
-3.644356949779131,-3.740471573092342,C1
-3.878112014896319,-3.8756045828160692,C1
-4.021545566634772,-3.7933172119449163,C1
-3.7883455994468176,-3.72169742775818,C1
-3.7510463845042925,-3.6650078091653566,C1
-3.834458923277627,-3.8035299891013654,C1
-3.8164454663811385,-3.7131350080679306,C1
-3.7274622226247627,-3.6468097574219374,C1
-3.663140179083191,-3.594573267615437,C1
-3.257824956776323,-3.430402597783457,C12
-3.204815410317576,-3.313342919788939,C12
-3.1583902878315646,-3.2630659242063462,C12
-3.1367961409713705,-3.229124144957974,C12
-3.274415027729306,-3.4449295570785994,C12
-3.2006594505464183,-3.3338941327738327,C12
-3.126563136777963,-3.2726482058105524,C12
-3.095284454721319,-3.2241330407978515,C12
-3.233215484502141,-3.3221593155597224,C12
-3.1508878338154225,-3.2262515524909836,C12
-3.095230374093405,-3.1543190610748404,C12
-3.0479344098149497,-3.106193894580006,C12
-3.1990768181867817,-3.282456450769375,C12
-3.109132061188559,-3.1773585577384136,C12
-3.024706084643794,-3.1438662862762756,C12
-2.999565922520681,-3.0733543565624206,C12
-3.518700726667144,-3.5496887638377954,C12
-3.4597957001579402,-3.4447895307694707,C12
-3.4309774139704365,-3.3869420435345226,C12
-3.3510548178343273,-3.3704348487808793,C12
-3.4932244633933567,-3.549886636330235,C12
-3.3984832163499896,-3.460494502740076,C12
-3.361710464585743,-3.378014289482805,C12
-3.3225755622987525,-3.340588546969792,C12
-3.431798275933005,-3.438875305792319,C12
-3.4428538576816368,-3.368008369244454,C12
-3.280420142286277,-3.27484159153432,C12
-3.3022477258322454,-3.2378058475391733,C12
-3.4384216316990392,-3.390311248721867,C12
-3.3532043112215306,-3.3222997194515327,C12
-3.2668830185579356,-3.2675731616954042,C12
-3.2333641136897326,-3.208150654481237,C12
-3.919012953089113,-3.8798048345266216,C12
-3.815876645760329,-3.751726856800537,C12
-3.6940041172291953,-3.730413676910034,C12
-3.708631149548417,-3.7121188768306266,C12
-3.910094888560602,-3.8814486268086497,C12
-3.802168306671097,-3.7766710711371827,C12
-3.6998394630486477,-3.730725165224357,C12
-3.655018586072742,-3.69151181738558,C12
-3.8236193077567298,-3.7533743124828503,C12
-3.749579997691106,-3.684059543536053,C12
-3.6703987516434813,-3.6274270731703644,C12
-3.595166283380062,-3.5886037238494537,C12
-3.7864822430036953,-3.7088613193512705,C12
-3.6693833327055616,-3.642401957682004,C12
-3.6087119514047026,-3.6242097072703205,C12
-3.552841968657781,-3.5740523078001383,C12
-4.348431261134208,-4.474031182966518,C12
-4.0435434165901,-4.215964952372248,C12
-4.113509274827518,-4.200927471092537,C12
-4.33913452199613,-4.461482635461092,C12
-4.194635092533555,-4.271717510290267,C12
-4.099086932262331,-4.202084100899116,C12
-4.110362199593332,-4.166128071860034,C12
-4.204885014369637,-4.362411776075924,C12
-4.155460697870992,-4.197505647025723,C12
-4.035881856848515,-4.067133727965044,C12
-3.9948194874962195,-4.060424248591549,C12
-4.197979248228024,-4.272747768267201,C12
-4.08259953204475,-4.138936516830081,C12
-3.9888526392242025,-4.0309627522989455,C12
-3.9763360818022067,-3.9709351070835233,C12
-3.9072793553159006,-3.8896624016092853,C12
-3.7340036295049206,-3.755542856762771,C12
-3.657379957446652,-3.723651865174175,C12
-3.7342390832823895,-3.7085595380954772,C12
-3.827689031478046,-3.8544964804703152,C12
-3.713543530253017,-3.7388043562672446,C12
-3.6794383198047633,-3.6949045902757836,C12
-3.6728454875905685,-3.6661459373438685,C12
-3.7859513205880586,-3.741042892807713,C12
-3.7272304134482406,-3.660813555329312,C12
-3.6181632000016566,-3.606227224884988,C12
-3.577082019232338,-3.5778585704709394,C12
-3.754240644032723,-3.6967192959606354,C12
-3.6163641316381203,-3.614893785172387,C12
-3.5851937204989874,-3.580965466319415,C12
-3.526075306583843,-3.53693765853396,C12
-4.190642329788894,-4.226268042519562,C12
-4.0,-4.08880662981829,C12
-3.9164973801697327,-4.031978384452598,C12
-3.932557157223619,-4.018510206486217,C12
-4.089162235007317,-4.18835568811529,C12
-3.989700043360188,-4.053435099637595,C12
-3.869344650977969,-3.9846741483426595,C12
-3.880414225038216,-3.9575396445230626,C12
-4.053400374984867,-4.091718835075258,C12
-3.944621668625,-3.9866648927907886,C12
-3.8722474841670267,-3.880719046037982,C12
-3.795066477645855,-3.882831091883973,C12
-4.002701007590486,-4.000942850880671,C12
-3.84740592207253,-3.9269837862092785,C12
-3.7969671129852895,-3.8256538856233666,C12
-3.7332980331159122,-3.7701226624052957,C12
-4.448062304635163,-4.652038513765944,C12
-4.4566770993530875,-4.456588500852438,C12
-4.34756025241058,-4.468649132047993,C12
-4.478469658721289,-4.594093306552357,C12
-4.280668713016273,-4.401184117862429,C12
-4.229516190568892,-4.389780810428925,C12
-4.2217763732339035,-4.347119992487338,C12
-4.335264031481295,-4.493736932500842,C12
-4.227091805028728,-4.325686739931538,C12
-4.2098556349570995,-4.253544922828506,C12
-4.123205023799299,-4.240130654552505,C12
-4.2429837652687,-4.367805595029164,C12
-4.120158944013437,-4.230850280072941,C12
-4.082231997552244,-4.1633244091368,C12
-4.034187046963397,-4.112035495097613,C12
-4.6916490514132745,-4.736829031212173,C12
-4.485717952139622,-4.49695996417716,C12
-4.518987579043427,-4.697154292642017,C12
-4.452471423540218,-4.441481627843656,C12
-4.465593100862123,-4.39647083186362,C12
-3.9037854146535946,-4.353810013922033,C12
-4.544698228342924,-4.642158774711144,C12
-4.509900994936695,-4.382262308694464,C12
-4.471083299722345,-4.579645146748904,C12
-4.37120251443329,-4.3402284695104045,C12
-4.280254507470423,-4.239095110027732,C12
-4.296107046367456,-4.196745952459723,C12
-4.659159450187668,-4.799848736353945,C12
-4.324680016660708,-4.587009368986139,C12
-4.32910504647979,-4.543624739323014,C12
-4.669992299127241,-4.685129507182335,C12
-4.336016545391733,-4.424898199264477,C12
-4.319573829141855,-4.367847243748135,C12
-4.518844129171965,-4.575920387775234,C12
-4.314885530953461,-4.279320002146428,C12
-4.224098421108326,-4.241807227127982,C12
-4.432268037451931,-4.518876575760387,C12
-4.3375254962496905,-4.3114874245384724,C12
-4.242528052234332,-4.228987039057984,C12
-4.2009352806489915,-4.162539374747528,C12
-4.316322701181308,-4.422210072057765,C12
-4.302509112828943,-4.386209156082799,C12
-4.171597921508407,-4.200386071004391,C12
-4.1690266026773495,-4.147042475211516,C12
-4.3081231774406685,-4.403559902749405,C12
-4.198116292874761,-4.209607638102571,C12
-4.146788665496683,-4.150053107915946,C12
-4.111932886592563,-4.067774622831062,C12
-4.002351545103794,-4.163435846915825,C12
-3.9083330424043154,-4.054894864434235,C12
-3.932557157223619,-4.032004355552971,C12
-3.889410289700751,-3.951138994690958,C12
-3.8900841369762067,-3.9063449619446473,C12
-3.9689957186364633,-3.975207801780558,C12
-4.004584201457585,-3.924454791687235,C12
-3.8807441107220635,-3.8200358166135633,C12
-3.8236193077567298,-3.7947799643651474,C12
-3.9888526392242025,-3.890385997572045,C12
-3.882397308309916,-3.8597807229802044,C12
-3.837137006678074,-3.75536174790653,C12
-3.844663962534938,-3.7263569578778304,C12
-3.608183076386751,-3.8897436127713947,C12
-3.602755418989614,-3.9322101316208715,C12
-3.593971055036385,-3.866523776627921,C12
-3.584025588623434,-3.8678994161235045,C12
-3.600326278518962,-3.800778640258018,C12
-3.5898979233571393,-3.7225972780166954,C12
-3.563360368307339,-3.719349513633913,C12
-3.622329560665677,-3.6482285451593492,C12
-3.631713115097869,-3.6973026778346334,C12
-3.5533075336284727,-3.595567701381652,C12
-3.5570501304221382,-3.611858117496765,C12
-3.61475131759678,-3.5927705303199784,C12
-3.5851937204989874,-3.661992398496744,C12
-3.587875593826683,-3.5602574220437626,C12
-3.5489815478445426,-3.543435111009448,C12
-3.1558957693024867,-3.5558393101348384,C12
-3.149721447481963,-3.3804721604685612,C12
-3.1483136845575723,-3.441141987311067,C12
-3.228633029142219,-3.4169519565131132,C12
-3.264480941184829,-3.388977934535179,C12
-3.192464971931147,-3.308449681599913,C12
-3.2062794431864767,-3.2607060365903,C12
-3.1627904721987936,-3.2522701951102615,C12
-3.1743791749965,-3.1195677070828425,C12
-3.166215625343521,-3.228953104033668,C12
-3.2095740826088894,-3.181209459024055,C12
-3.2131776205008125,-3.161685362963983,C12
-3.000608438280909,-3.3912546110396877,C12
-2.984221243610959,-3.3769312669225755,C12
-2.9909742579130896,-3.3785408823399226,C12
-3.058289851058354,-3.3362433960800995,C12
-3.002744710179897,-3.270814294451246,C12
-2.9423338960901706,-3.274694258327163,C12
-2.96617430604669,-3.2638088664961384,C12
-2.9730583720409705,-3.21688797635795,C12
-2.95506845385084,-3.2009064394914724,C12
-2.9292235371565654,-3.2077007699046924,C12
-2.905528871358355,-3.173261763862009,C12
-2.8867253075356496,-3.164253778711366,C12
-2.938547520912807,-3.1300907466135404,C12
-2.910094888560602,-3.182686280597777,C12
-2.8917733436250717,-3.1482472745550933,C12
-2.9318141382538383,-3.1403445086958506,C12
-2.850165303284215,-2.927923582807374,C12
-2.669789215428472,-2.8268008384256214,C12
-2.69058277422186,-2.8275657905647944,C12
-2.663740447985807,-2.751200764052814,C12
-2.792904459580782,-2.8551828905051018,C12
-2.674074044228534,-2.7678941528108085,C12
-2.638461028730721,-2.75616409770161,C12
-2.6055483191737836,-2.6751756673112643,C12
-2.700057099977233,-2.785275035545328,C12
-2.6583676642219456,-2.707269478663201,C12
-2.558147824226708,-2.684309108082277,C12
-2.5754450233932866,-2.6412335826794773,C12
-2.6687752189792677,-2.74320356455082,C12
-2.6516951369518393,-2.7109992112397094,C12
-2.60223374387355,-2.688038840658786,C12
-2.5309147008768798,-2.6541207829541293,C12
-2.550830267834799,-2.6113314025759924,C12
-2.347173697438995,-2.487075021230963,C12
-2.2392006883692823,-2.391173109017586,C12
-2.5175552080817347,-2.5420321672240287,C12
-2.360513510731414,-2.4547434295297355,C12
-2.3669357273085008,-2.4327785799597224,C12
-2.518414063632378,-2.4521167421762935,C12
-2.3880643749598773,-2.3723339860730914,C12
-2.292344676468813,-2.3391388210313533,C12
-2.2220659511622207,-2.2702936207774993,C12
-2.4615519482897827,-2.424757015278849,C12
-2.364717362001788,-2.3795057451741504,C12
-2.244658816188452,-2.3463105801324122,C12
-2.2235167441663184,-2.292604610129858,C12
-3.001087095641214,-2.9493235798589184,C12
-3.067779986122881,-3.0619576215045328,C12
-2.7883455994468176,-2.9872486700643246,C12
-2.9854794612420763,-2.98033833787882,C12
-2.8523236757589014,-2.8384382171640286,C12
-2.9546770212133424,-2.969275566802672,C12
-2.8138916201867947,-2.885962507467725,C12
-2.8934691461776185,-2.874428771403855,C12
-2.557990840859048,-2.749728296518986,C12
-2.7101881608823786,-2.878893302307041,C12
-2.802168306671097,-2.7720266287604347,C12
-2.7335331045597586,-2.7442569336681184,C12
-2.719194071606333,-2.701935401026065,C12
-2.654234306885512,-2.808376381771603,C12
-2.756465898167938,-2.6819697491199412,C12
-2.688246138944246,-2.6351370944113213,C12
-2.2318801058152027,-2.711968438013169,C12
-2.335264031481295,-2.778009001352478,C12
-2.3344190089820467,-2.770596020322568,C12
-2.3419886033428874,-2.744738819976809,C12
-2.285335007137463,-2.6252384130962203,C12
-2.382789905442566,-2.7094822844285584,C12
-2.142848497312507,-2.6934651955039093,C12
-2.231583911783668,-2.662984591279785,C12
-2.281000362121282,-2.625455844191545,C12
-2.3151546383555877,-2.7239905464086505,C12
-2.292770580672706,-2.669069146206628,C12
-2.2790968291865425,-2.6223525829540573,C12
-2.1060164327881528,-2.6022082677010205,C12
-2.098650674584358,-2.678018944875609,C12
-2.196952789508871,-2.597503106621078,C12
-2.2822463067892844,-2.543917057623637,C12
-2.010861775784211,-2.279957318397805,C12
-1.9419537696047182,-2.2708569314585607,C12
-2.0922662630023448,-2.2639321012206888,C12
-2.1862189218259176,-2.226380017584766,C12
-2.221270076003888,-2.198861485113202,C12
-2.1285438259770464,-2.2644740911608476,C12
-2.140141479519007,-2.271840091807743,C12
-2.0502197916379994,-2.223057692700095,C12
-1.9931062920520994,-2.1793032012000846,C12
-2.1291865760844026,-2.2616766486579336,C12
-2.155709256745657,-2.246318624262312,C12
-2.0825995320447492,-2.1719417871021554,C12
-1.9783972839717578,-2.121317809857275,C12
-1.8965383779052953,-2.0072422832290364,C12
-1.9111554372729957,-1.9979172417284945,C12
-1.7493360805367564,-1.9909924114906226,C12
-1.6466609046886953,-1.9023762807246356,C12
-2.532391894416367,-2.397047718703648,C12
-2.5717031860171207,-2.3418218324933546,C12
-2.3690638809358084,-2.29353044930625,C12
-2.344189505504748,-2.2445878890821107,C12
-2.6151092034694456,-2.3629178517987763,C12
-2.493765640387874,-2.3185989257824957,C12
-2.6236055579627338,-2.2684891610198124,C12
-2.3965308402661614,-2.2142805904802016,C12
-2.6619421245802437,-2.4049456066878285,C12
-2.429340329978466,-2.3621137218159616,C12
-2.5179844235492883,-2.2926964885340726,C12
-2.3215726775661327,-2.2407834804170372,C12
-2.5689580546641144,-2.3864911340259924,C12
-2.654430243943608,-2.3484507201895464,C12
-2.47977856411804,-2.301431641437202,C12
-2.295420550303701,-2.2191679695775104,C12
-2.8452717925598443,-2.594793858572942,C12
-2.7682756166714837,-2.545430424690791,C12
-2.705533773838407,-2.492577905107561,C12
-2.7785857621576615,-2.439595026148672,C12
-2.8184422261372135,-2.551781089006105,C12
-2.6667543010380372,-2.4971657995133376,C12
-2.6501399178076688,-2.442494898354529,C12
-2.64569943765464,-2.393128911742134,C12
-2.8992849134269183,-2.547320411828315,C12
-2.7358908436941918,-2.4941921634799615,C12
-2.614930223668065,-2.4202137938019472,C12
-2.6221475809932455,-2.373143369612128,C12
-2.8359447081065485,-2.5058649650076856,C12
-2.901356274182943,-2.4435465866971096,C12
-2.8279811905754437,-2.39196637154864,C12
-2.720105019988362,-2.314545283616164,C12
-3.2353009362016323,-2.924285434235042,C12
-3.1974315016860437,-2.869819200007138,C12
-3.0770151842911173,-2.9231027026429715,C12
-3.050854047580056,-2.8796659407414325,C12
-3.4424927980943423,-2.8693527234771943,C12
-3.1049644025476772,-2.8096346336386744,C12
-3.235524972565591,-2.861099754698929,C12
-3.310868802765502,-2.8212798851438845,C12
-3.2079586892879175,-2.822439311615835,C12
-3.2325472819022267,-2.777848883013343,C12
-3.124128809272634,-2.806026512998331,C12
-2.9590023075765095,-2.7690445031597477,C12
-3.166151950468852,-2.7947384131595547,C12
-3.0856568428805593,-2.74095785459484,C12
-3.0045842014575848,-2.791533639109373,C12
-3.1047432468551053,-2.7253116413534837,C12
-3.7164726351383064,-3.4972179212116163,C12
-3.621057301386563,-3.396117721344777,C12
-3.532687937019448,-3.366688623982456,C12
-3.4782083503608767,-3.3422195166343087,C12
-3.796695083861517,-3.441279809866551,C12
-3.5612994670992637,-3.34441060017751,C12
-3.6907958203295923,-3.299499326597975,C12
-3.6029294500405915,-3.264355075078008,C12
-3.625251653989896,-3.3732635644972078,C12
-3.535957794561189,-3.2949195518504606,C12
-3.6294869104014076,-3.2393217138180628,C12
-3.4960731958064897,-3.207015322014557,C12
-3.5421181032660076,-3.3095110802234764,C12
-3.651111276928562,-3.23402247485426,C12
-3.721246399047171,-3.2168648567758673,C12
-3.568475415812549,-3.183241157251861,C12
-2.9689957186364633,-2.887529975719675,C12
-2.983802646487561,-2.83807011710233,C12
-2.8629625452104874,-2.7704099250363243,C12
-2.9821322810364945,-2.7030156950403024,C12
-2.9918258159935736,-2.8963682150951615,C12
-2.9476909003526766,-2.8718740632282236,C12
-2.938170692705301,-2.79324493978153,C12
-2.8353497840657034,-2.7205846994700367,C12
-2.9804683154687446,-2.827150045538096,C12
-3.12366667091362,-2.8041429348155718,C12
-2.747875447494356,-2.710953315335583,C12
-2.8138916201867947,-2.63814077624807,C12
-2.904481957676849,-2.80340853997082,C12
-2.9597933724252887,-2.785192900283717,C12
-2.7867479478036032,-2.7144014353332726,C12
-2.9248181453813085,-2.598995200983157,C12
-3.240709966975696,-3.2035533144296506,C12
-3.249800272170818,-3.145040813114,C12
-3.0457574905606752,-3.1699059258772064,C12
-3.033764375901418,-3.0747101341168754,C12
-3.247260306064672,-3.1971428500476495,C12
-3.31238187042823,-3.147437239677777,C12
-3.240256632402275,-3.1091256870021615,C12
-3.2035644411898256,-3.060907117776703,C12
-3.0497812333581367,-3.0553954965773635,C12
-3.137928280620006,-2.9636642983875077,C12
-3.1073489661226996,-3.081799490099088,C12
-3.125286311242221,-3.024390790911407,C12
-3.0939883747285872,-3.0412773242416122,C12
-3.015652742414136,-2.908063106614504,C12
-3.64569943765464,-3.4638198897976933,C12
-3.46344155742847,-3.356014767766135,C12
-3.412064651363644,-3.230775293153114,C12
-3.414990720097539,-3.457409425415692,C12
-3.551912333307659,-3.3584111943299124,C12
-3.421704694879174,-3.310301696274785,C12
-3.396855627379818,-3.225819680682698,C12
-3.4517334548292546,-3.360281071512487,C12
-3.333107788933464,-3.276410501662735,C12
-3.3846813433885212,-3.2123679234351497,C12
-3.483068191131987,-3.1282759063609293,C12
-3.4355706730020166,-3.3189885620976725,C12
-3.405165644416682,-3.225927862285698,C12
-3.774690718274137,-3.2003255040121177,C12
-4.036212172654444,-3.5880515840721596,C12
-3.77780395369828,-3.47999155894598,C12
-3.9788107009300617,-3.4221440717110316,C12
-3.929962133392245,-3.4015266495692953,C12
-3.8927900303521317,-3.5792277758430253,C12
-3.785421046429501,-3.489457487451038,C12
-3.96738123914928,-3.406977274193767,C12
-3.692290076595193,-3.375684707880211,C12
-4.139721900247765,-3.4793592412996306,C12
-3.8579235389267152,-3.408114149949937,C12
-3.773915884024176,-3.3149473722398035,C12
-4.035881856848515,-3.2840448044441137,C12
-3.9197343726601552,-3.4530480069993295,C12
-2.667965722972482,-2.662589297415948,C12
-2.515842575634619,-2.66140794229753,C12
-2.577246058698652,-2.6335145456982905,C12
-2.59773861754532,-2.6700042617078226,C12
-2.531504975492931,-2.6170085831454877,C12
-2.515700160653214,-2.6021634333854347,C12
-2.4220488722702447,-2.575774080199432,C12
-2.566070234391536,-2.6893688384047385,C12
-2.302683458267617,-2.6506639907271707,C12
-2.318306607995436,-2.6204681439014035,C12
-2.4383024673460065,-2.5778428316869544,C12
-2.4121768286810448,-2.7042172668629236,C12
-2.397505931192719,-2.642788394142839,C12
-2.319483190618745,-2.5976771351283956,C12
-2.3565473235138126,-2.537503311305244,C12
-1.919012953089113,-2.154716494375087,C12
-2.0720653182588205,-2.14221987722473,C12
-1.9211808169011513,-2.112281245914675,C12
-1.962972120244225,-2.066808873832527,C12
-1.9812995013337567,-2.140136503921537,C12
-1.9086848403027772,-2.130374170371965,C12
-1.960982678002588,-2.1004355390619103,C12
-1.8184422261372137,-2.056467210392999,C12
-2.0106836950100484,-2.15467800844649,C12
-2.0135865945345315,-2.1574293065606103,C12
-1.9496202437385421,-2.1162603597788303,C12
-1.8018930011265986,-2.0560560720814727,C12
-1.9143527117031434,-2.1445729202030583,C12
-1.8110715162391466,-2.124600193274662,C12
-1.8728952016351923,-2.072997048970566,C12
-1.8455760268853532,-1.9952442496645049,C12
-1.6987529113637887,-1.6700223519289417,C12
-1.4063816918704641,-1.6575257347785843,C12
-1.563519304990505,-1.6418347766664698,C12
-1.509900994936695,-1.6088038200632662,C12
-1.5358086293590005,-1.6465802303357222,C12
-1.47456644657118,-1.6368178967861502,C12
-1.5856953118716683,-1.614894149524379,C12
-1.3863695650747594,-1.583367236334412,C12
-1.5059846252428561,-1.6393369655516399,C12
-1.4332090876184083,-1.6420882636657597,C12
-1.4770344045080135,-1.6089342009322631,C12
-1.4169146336523124,-1.5611713287138496,C12
-1.516698047641833,-1.643824707077052,C12
-1.4943074925878,-1.6483987570918106,C12
-1.4501388115280571,-1.5903132586546838,C12
-1.4332090876184083,-1.5416626632445558,C12
-1.28878347567891,-1.54186259591318,C12
-1.2250453109198614,-1.4487936436972484,C12
-1.356646038023137,-1.4207155222576122,C12
-1.1897674820049158,-1.394436781718767,C12
-1.3285494457875053,-1.5236214900517768,C12
-1.2290007948360593,-1.4332868214366306,C12
-1.2155253562374837,-1.3989759108473376,C12
-1.1860855799513965,-1.3742012137217292,C12
-1.1702460810750248,-1.5446313132500555,C12
-1.1273193928480703,-1.466810276298601,C12
-1.055221318876493,-1.4212690502375829,C12
-1.0966386637446814,-1.3700480380813318,C12
-1.3836295277087305,-1.5490400730821712,C12
-1.2280452510360509,-1.4730417880313555,C12
-1.1580776883205492,-1.397505429991205,C12
-1.0711946291067158,-1.3405514136297476,C12
-0.5246194068566388,-0.37604184419757003,C12
-0.45892023222337114,-0.2812874004258785,C12
-0.4240043797967324,-0.27994399733617137,C12
-0.4153296155356513,-0.2698609101833094,C12
-0.47521455067877766,-0.36675393930635897,C12
-0.423773862550395,-0.2670136895998492,C12
-0.3927594961682573,-0.2578436932596292,C12
-0.3832095136702842,-0.24152781695711026,C12
-0.45432185020797444,-0.3714152496426929,C12
-0.3971806575673002,-0.2782582294682956,C12
-0.36632959394855624,-0.2624918025923774,C12
-0.3533022687006655,-0.24617592628985846,C12
-0.42666415993393236,-0.3594975112906417,C12
-0.37120251443328983,-0.2681632430168831,C12
-0.3459197646934294,-0.22298416577097446,C12
-0.3281794398167511,-0.20796630955669665,C12
-0.08767164203958999,-0.02782288432167881,C12
-0.02751945012352412,0.08501709504787545,C12
0.001300933020418072,0.1018091207631714,C12
0.014520538757923713,0.11189220791603348,C12
-0.049148541111453566,-0.006151872175717512,C12
0.003029470553617962,0.1092572660770995,C12
0.034628456625320346,0.13387588504290823,C12
0.04844180355040453,0.15019176134542725,C12
-0.023100049017062144,-0.00027088877637674035,C12
0.01619735351243906,0.10481726573424115,C12
0.05880548667590681,0.13603231523574819,C12
0.07371835034612269,0.15234819153826715,C12
0.009450895798693935,0.011646849575674434,C12
0.05804623039528174,0.1046909875336673,C12
0.09166695759568456,0.1653186874051649,C12
0.10277661488344131,0.18033654361944265,C12
0.19975517725347472,0.3107156141351053,C12
0.2692793897718986,0.44555760311946574,C12
0.3049211619008917,0.47084705957941986,C12
0.3207692283386865,0.4753618398854402,C12
0.24328614608344612,0.33624034962603505,C12
0.31048089146267516,0.4655012659064008,C12
0.33585891131981793,0.4911972831682458,C12
0.3577443251803756,0.4927925591480057,C12
0.2734642726213463,0.3672620830848482,C12
0.3356584522893015,0.49252580974030424,C12
0.3773062510681988,0.5248182575378473,C12
0.40001963506515853,0.5264135335176072,C12
0.30792370361188165,0.3791798214368994,C12
0.37106786227173627,0.4923995315397306,C12
0.41547416810923576,0.5541046297072644,C12
0.44466923093852445,0.554401885598783,C12
0.395675785269936,0.6004328339844722,C12
0.4608978427565479,0.6615150041634571,C12
0.5056925074122001,0.7069333212915546,C12
0.545554507234065,0.7297203764675394,C12
0.4452927694259718,0.6259575694754019,C12
0.5187770689267749,0.6814586669503921,C12
0.5530330162024399,0.7272835448803805,C12
0.5888317255942073,0.7500706000563653,C12
0.47581641303131816,0.6344053071043285,C12
0.5467893516312581,0.6859092149544092,C12
0.5957166199434244,0.7383305234200958,C12
0.6140531059872193,0.7611175785960805,C12
0.5247854493212224,0.6463230454563799,C12
0.5922878159521306,0.6857829367538355,C12
0.6547539332529303,0.7676168955895126,C12
0.6708949535202102,0.7806639388808103,C12
-0.478469658721289,-0.3786108610279977,C12
-0.4650858955701331,-0.41401326674392286,C12
-0.544850478820172,-0.4038154570964266,C12
-0.4936302829044959,-0.2883536745461836,C12
-0.4518563625651545,-0.3434586557812529,C12
-0.25758911941950746,-0.3948374084417892,C12
-0.09140776115243056,-0.3012771680643435,C12
-0.257117828562727,-0.36013535000564006,C12
-0.09701860020249718,-0.25625733317048943,C12
-0.2197547161346474,-0.3374898470101775,C12
-0.07680780957933252,-0.21783094900253105,C12
-0.0025699262025288046,-0.13001352929573373,C12
0.11727129565576427,-0.022288049090390602,C12
0.153814864344529,-0.03168957891661928,C12
-0.0069166393019380315,-0.018888949383886702,C12
0.10551018476997394,0.11886213907542933,C12
0.1610683854711746,0.10109469361836279,C12
0.153814864344529,0.18912272286858428,C12
0.44994098877333766,0.3091268368362886,C12
0.21058602490515654,0.25706646404205274,C12
0.42324587393680785,0.3855378432625683,C12
0.20790353038605164,0.2855953686697011,C12
0.5120169694961266,0.43288101818192415,C12
0.00475115559100102,-0.06781099100194465,C12
0.08635983067474821,0.062112576423725835,C12
0.1872386198314787,0.1467105341388957,C12
-0.007534852191956694,-0.08586921103009783,C12
0.1513698502474604,0.141279368865396,C12
0.2588766293721313,0.2412934938840015,C12
0.18383903705642116,0.12923069884482566,C12
0.3974185423513477,0.3496124893057263,C12
0.20682587603184974,0.19724182313194918,C12
0.42716140292596555,0.47438140262194156,C12
0.2337573629655105,0.21242387927159578,C12
0.47596158919242376,0.5161265612138014,C12
0.3845326154942486,0.3732039838424564,C12
0.5100085129402347,0.44513239620117406,C12
0.5721743136130595,0.5120786008162787,C12
0.4452927694259718,0.46309923685646415,C12
0.5892792212359672,0.6180292454880258,C12
0.6939027410660606,0.700468924866422,C12
0.5581083016305497,0.4916368501168978,C12
0.7488854400095167,0.6053075507318139,C12
0.6380897219845058,0.5637529631403875,C12
0.8301393874253428,0.7606319692439177,C12
0.6730209071288962,0.5858969481027131,C12
0.8739015978644614,0.8087109499885665,C12
-3.5495969138446335,-3.4413688369413746,C12
-3.424465781680136,-3.3321745914509937,C12
-3.3925449767853313,-3.286607821783066,C12
-3.3512497873019806,-3.24712707805021,C12
-3.4717262228329564,-3.425038208017186,C12
-3.4396150770279843,-3.323311400121036,C12
-3.430509045651217,-3.2794757191655024,C12
-3.3621101834192095,-3.235061199874106,C12
-3.5454600150351814,-3.3253620816974823,C12
-3.4475751542959148,-3.2387629350373603,C12
-3.367441485467328,-3.1789941739093686,C12
-3.300943145452332,-3.1349696531358386,C12
-3.5176982327765574,-3.290110797494513,C12
-3.408378961786681,-3.1898699402847903,C12
-3.33338843158097,-3.1507591907481505,C12
-3.378823718224965,-3.1021301151182534,C12
-3.9833844524428224,-3.762681775842323,C12
-3.8979094744881633,-3.6499706957918607,C12
-3.773915884024176,-3.59159943495058,C12
-3.5856953118716683,-3.5748592964070296,C12
-3.939679971311715,-3.7320220601154315,C12
-3.7754669373939143,-3.6362612634476146,C12
-3.6753060861382254,-3.5659572966770927,C12
-3.69058277422186,-3.537938220579961,C12
-3.9058784041594388,-3.642835660063765,C12
-3.718739312944987,-3.565600060438242,C12
-3.7084091743419987,-3.484609529214857,C12
-3.6399749108106025,-3.4569804516355918,C12
-3.912218582190458,-3.5974720769767616,C12
-3.692503962086787,-3.518640304041391,C12
-3.668167955563751,-3.4583077844093584,C12
-3.5764264802672643,-3.426074151973726,C12
-4.1558335895497995,-3.950120069103603,C12
-3.925915310971756,-3.8431810224508425,C12
-3.8632794328435933,-3.7479235701097835,C12
-3.7880789156914907,-3.7199891598245878,C12
-3.959397659885927,-3.8343378370647567,C12
-3.880414225038216,-3.7271476787944566,C12
-3.7947956360518553,-3.6879343309556796,C12
-3.988006885340743,-3.833124565244207,C12
-3.95116991347165,-3.7730024481673174,C12
-3.8350526273781584,-3.6551257254441545,C12
-3.83209218999852,-3.616302376123244,C12
-3.9681877286696294,-3.789912944782992,C12
-3.8751698505861407,-3.7281946543962547,C12
-3.795880017344075,-3.6309759432644437,C12
-3.6996219351292976,-3.5986007521569148,C12
-4.387852161673513,-4.276475214204548,C12
-4.471983658810799,-4.146621953586029,C12
-4.162600975657978,-4.096146590530372,C12
-4.0590355065072,-4.055891115497672,C12
-4.331520897067414,-4.235010461039833,C12
-4.193006486317893,-4.089345594353915,C12
-4.295935320591433,-4.026937525369019,C12
-4.346594509335499,-4.134908948886063,C12
-4.207468238098692,-4.019110728393372,C12
-4.2790968291865425,-3.9195177639506036,C12
-4.253833035622715,-3.9111751148897325,C12
-4.300856312605516,-4.045244941077339,C12
-4.134599881820699,-3.9605415981977283,C12
-4.067779986122881,-3.8655645799218505,C12
-3.959397659885927,-3.821685973381706,C12
-3.6861327796308467,-3.857135368320873,C12
-3.609241471261283,-3.8263712187267447,C12
-3.501827339363456,-3.792828507714259,C12
-3.6873995607387404,-3.7924053273540475,C12
-3.4838614232829257,-3.711437402005385,C12
-3.399462705635531,-3.6704079790455957,C12
-3.783042792638903,-3.737167321864653,C12
-3.55129368009492,-3.5954608868464617,C12
-3.6587633767613075,-3.710083332983773,C12
-3.4914702810287133,-3.5683768979655817,C12
-3.3988094673846665,-3.518719378908193,C12
-3.7488486568246455,-3.8265715332280346,C12
-3.593800576336687,-3.760660103779679,C12
-4.049391775215769,-4.041278980920179,C12
-3.7947956360518553,-3.7667558278394586,C12
-3.715794932298206,-3.6941337932804887,C12
-3.518700726667144,-3.6531043703206993,C12
-3.750068243365805,-3.720409875057164,C12
-3.6362000545208906,-3.5870493308286653,C12
-3.595850750790305,-3.5752664575344637,C12
-3.7664962396588657,-3.71126212879114,C12
-3.610656688747922,-3.577901584562641,C12
-3.7293211638552934,-3.5272292730440284,C12
-4.106848786870134,-4.221603080462939,C12
-3.8728952016351923,-3.9958048886787236,C12
-3.9442395353122652,-3.927757197974217,C12
-3.774690718274137,-3.75151887080473,C12
-3.8239087409443187,-3.6963674570195795,C12
-3.7765040590376056,-3.6725985594651522,C12
-4.230622673923862,-4.1435517644909226,C12
-3.939302159646388,-3.898704760619668,C12
-3.8495505905391196,-3.7147433710006648,C12
-3.7471469690201067,-3.6620395841542286,C12
-4.22018713682942,-4.2608285527663,C12
-4.353008462522878,-4.375392632569195,C12
-4.189095719331299,-4.174108095920166,C12
-3.890759031411797,-4.0227425028124015,C12
-4.287939857538925,-4.337920344483654,C12
-4.131767131577535,-4.1372431420546,C12
-4.042728020007057,-3.972348076143007,C12
-3.9689957186364633,-3.9543855889428916,C12
-4.230992129056226,-4.112455341790291,C12
-4.0264565314675105,-3.947560275878695,C12
-3.9164973801697327,-3.900662899386571,C12
-3.7244583115986902,-3.8111942507101504,C13
-3.802719441874381,-3.7622641768611507,C13
-3.9288547095489172,-3.7443091743159016,C13
-3.9336740746379624,-3.7790169175884984,C13
-3.862645888629267,-3.7127941274048855,C13
-3.7164726351383064,-3.701747960626852,C13
-3.827689031478046,-3.6788976264550097,C13
-3.7597004179972875,-3.6201283762521954,C13
-3.6765416331505323,-3.612451021990808,C13
-3.8639139026159026,-3.775642852559575,C13
-3.6910089709998357,-3.643482607867702,C13
-3.7328282715969863,-3.6049069653108963,C13
-3.7923656326110384,-3.5691125231708605,C13
-4.066816520825386,-4.12980496512577,C13
-3.955852379121277,-4.101390649744481,C13
-4.0129597130207335,-4.0490614263302,C13
-3.9601894458516496,-4.048905511555329,C13
-4.1784209720879915,-4.177637804479038,C13
-3.9800533183211577,-4.019812138327332,C13
-4.056456022846546,-3.9543370591728904,C13
-4.030351159519275,-3.9575499569146664,C13
-4.109802613789971,-4.154757261810047,C13
-3.9168558568569476,-3.9907269589234926,C13
-3.95116991347165,-3.9572056208907056,C13
-3.9829666607012197,-3.906153223359913,C13
-4.599289363226768,-4.455831371317033,C13
-4.62324060459512,-4.2378999513548035,C13
-4.562566556202029,-4.150285763704383,C13
-4.977159389123472,-4.10326950750872,C13
-4.708631149548418,-4.420054012317587,C13
-4.626904012921273,-4.189237074000265,C13
-4.437112618706121,-4.099608497139328,C13
-4.451979305094469,-4.059501076710881,C13
-4.507239610973163,-4.320105112871532,C13
-4.432385557269155,-4.095406790217601,C13
-4.329754146925876,-3.992632357616502,C13
-4.311491192343479,-3.9558937497047024,C13
-4.419759491734624,-4.279441081842913,C13
-4.3019864960608185,-4.055309783998844,C13
-4.2693792021127175,-3.9844890925193974,C13
-4.242528052234332,-3.893485189335029,C13
-4.916497380169733,-4.56298769668988,C13
-4.088363066870558,-4.36990731072933,C13
-4.903437561625864,-4.523779958682082,C13
-4.841637507904751,-4.321244433374792,C13
-4.890421453095613,-4.240808588402976,C13
-4.8523236757589014,-4.200701167974531,C13
-5.082652062372229,-4.445992690435244,C13
-4.639785386704648,-4.266137330379923,C13
-4.79805693659835,-4.187901864955542,C13
-3.869344650977969,-4.151163257043742,C13
-4.826522356547006,-4.447596747720672,C13
-4.807153884811158,-4.250610239026117,C13
-4.12280148472821,-4.1760789184604885,C13
-4.62745619924093,-4.084561825365032,C13
-4.51173138450454,-4.26846558260393,C13
-4.73849922680172,-4.466738531764155,C13
-4.520568662802264,-4.181283179501991,C13
-4.388807939131565,-4.078646174103382,C13
-4.43086027452754,-4.299382277217714,C13
-4.640543979879014,-4.25972833801396,C13
-4.484258583330635,-4.226232311038473,C13
-4.154839922348054,-4.061807513758443,C13
-4.134008199873724,-3.9704002317004425,C13
-4.034892414150944,-3.9255562426483834,C13
-4.10242788617427,-3.9071980508315702,C13
-3.974284616098659,-3.86160147827875,C13
-3.9645702618154517,-3.819772720607846,C13
-3.152119002554625,-3.6510246549910366,C13
-3.222790741854315,-3.5183283213891996,C13
-3.209011524911184,-3.535229778816683,C13
-3.1219380187099874,-3.473995869625634,C13
-3.1688343660905574,-3.4539880188014243,C13
-3.266401539038661,-3.3952368755150077,C13
-2.988006885340743,-3.3884366238701924,C13
-3.1811804924524636,-3.3676761895452225,C13
-3.1898347154568505,-3.3414020907622275,C13
-3.0010000277816795,-3.3239180620264364,C13
-2.9219058495935895,-3.3437876570255174,C13
-2.884056823060945,-3.2501347256696134,C13
-3.009927665307847,-3.25044626248554,C13
-2.975925012692574,-3.1917854007569124,C13
-2.9010103605988227,-3.207230581348748,C13
-2.982549270489464,-3.1910819785485316,C13
-2.9307019878844707,-3.1824283506537925,C13
-2.927750102386485,-3.1452572985360923,C13
-2.814457845145625,-3.1388585007042584,C13
-2.6757175447023074,-3.0167143182888103,C13
-2.5756084455897224,-2.9237229022254962,C13
-2.70730099695607,-2.918342225609264,C13
-2.664141088680182,-2.9019199339500354,C13
-2.641684359917804,-2.8393421185939953,C13
-2.6472388082761693,-2.872053413458017,C13
-2.5835259208997794,-2.821075301413714,C13
-2.638839004804974,-2.7680888592682096,C13
-2.3883828894456642,-2.5870541342636937,C13
-2.4645792819438266,-2.5484842981234053,C13
-2.0007824344698966,-2.4835227814115726,C13
-2.3497896453396407,-2.556655731761929,C13
-2.159517512786558,-2.48683206234051,C13
-2.1870866433571443,-2.4350290074379846,C13
-2.3107799627361643,-2.5521234099959855,C13
-2.183559832043861,-2.46162611047967,C13
-2.3256901110585226,-2.404863610281128,C13
-2.8204482088348124,-3.116133002931106,C13
-2.6910089709998357,-3.0717444024329095,C13
-2.5897290357478155,-2.9822338633861962,C13
-2.90031935889075,-3.017513093127242,C13
-2.74521031260279,-3.0095521251608206,C13
-2.850472986245652,-2.8512978513555303,C13
-2.987584625237567,-2.9012182328132714,C13
-2.745935547085662,-2.841098144048084,C13
-2.564474148501345,-2.863587875998286,C13
-2.90622821850127,-2.755063953485817,C13
-2.750801642608887,-2.804231751442799,C13
-2.7878123955960423,-2.776588707181032,C13
-2.546987608878545,-2.7557412507615546,C13
-2.426316306906202,-2.905621184719554,C13
-2.383839687152417,-2.8980890323196196,C13
-2.4035128662634557,-2.8831535459482116,C13
-2.4791236183116583,-2.8783991147755668,C13
-2.4005536242747243,-2.872579179096299,C13
-2.595850750790305,-2.87968817841306,C13
-2.4537041648785576,-2.8592225179750166,C13
-2.3948027326116224,-2.8549087510802473,C13
-2.533725678210708,-2.820480663966195,C13
-2.5113083016830595,-2.8477249126170117,C13
-2.427012291801795,-2.8362311935497475,C13
-2.387640052032226,-2.7969537956513535,C13
-2.337809009140993,-2.3596767989851144,C13
-2.0651481970343393,-2.2477474934470245,C13
-2.509339346643863,-2.2601483771275563,C13
-2.1545298670183266,-2.245212890756148,C13
-2.1198154471735666,-2.1856029489942768,C13
-2.1667253607094366,-2.2048763242337595,C13
-2.2830789268332388,-2.221990957770464,C13
-2.167938385409273,-2.1975760646998124,C13
-2.2115487929765445,-2.1528731832962564,C13
-2.2577463300934064,-2.16433515162747,C13
-2.237621570688036,-2.1903718194166517,C13
-2.173212761183708,-2.16863459540526,C13
-2.2191068913129213,-2.0889680829980795,C13
-1.913996294381618,-1.8580312723559642,C13
-1.7772835288524167,-1.8084257253576381,C13
-2.5416643740080525,-2.5120608365119033,C13
-2.5205686628022637,-2.3639210379118727,C13
-2.3361107013773386,-2.3461395770975875,C13
-2.341893164493607,-2.3524102289281474,C13
-2.600672467841321,-2.466665779276468,C13
-2.466227941615282,-2.3349487992765585,C13
-2.463820467862775,-2.3177175864858657,C13
-2.5705707356182126,-2.321515991312427,C13
-2.5365549682295723,-2.4517011562572035,C13
-2.5603515704365263,-2.3120560236094416,C13
-2.496754228534887,-2.25130349645017,C13
-2.399571674267869,-2.266292842735212,C13
-2.563837352959244,-2.4501526417710964,C13
-2.653451441451526,-2.3044844001166216,C13
-2.422738046414185,-2.2514383152160096,C13
-2.5331323796458904,-2.229403231184408,C13
-2.710857164067667,-2.833070257422315,C13
-2.7318902701915215,-2.7410097493116163,C13
-2.6413039004261893,-2.7366642658468905,C13
-2.6015391503917766,-2.7123830049662025,C13
-2.8716007312821934,-2.7525240076211017,C13
-2.7274622226247627,-2.676886318110524,C13
-2.7387371312075066,-2.6800663206964086,C13
-2.6633401765455798,-2.653312812811722,C13
-2.9507819773298185,-2.7104746765096697,C13
-2.6935749724493125,-2.6362388558726177,C13
-2.677160727313679,-2.595045183996133,C13
-2.5890541413122254,-2.5817135219131946,C13
-2.7964232250220276,-2.6987077888074373,C13
-2.7512912643990823,-2.6184488591636725,C13
-2.699187205881883,-2.5849616295458473,C13
-2.6069515335832216,-2.544823910362391,C13
-3.1799299656876743,-3.277723944247566,C13
-3.0404339533620726,-3.125273682881773,C13
-3.1204453990610257,-3.1103926069373498,C13
-3.069968385049027,-3.088014029392567,C13
-3.2197547161346476,-3.195799786219318,C13
-3.1303576553484054,-3.059772343453646,C13
-3.0204971512125987,-3.045098113341703,C13
-3.1337126609158052,-3.0202472887929215,C13
-3.2175990475034704,-3.1178338610869294,C13
-3.0542360768888264,-3.009603212382904,C13
-3.044504670815873,-2.967242319398416,C13
-3.0596329540143348,-2.951482183316645,C13
-3.1644996721326812,-3.1069481597530406,C13
-3.0656530732617444,-2.989981412989271,C13
-3.075875846814175,-2.9571587649481303,C13
-3.0748426728241016,-2.914592571765841,C13
-3.7444862871804667,-3.4089020856531564,C13
-3.7084091743419987,-3.406811506880399,C13
-3.44105155402196,-3.4150286388800435,C13
-3.8563607647254567,-3.465071705581526,C13
-3.5066813917678985,-3.33367383333743,C13
-3.537003387971944,-3.3251003894702165,C13
-3.4373503277880832,-3.3308452744658625,C13
-3.613679426105954,-3.447485041121511,C13
-3.4964816872759252,-3.3224313106971346,C13
-3.5830268273969637,-3.28104330596288,C13
-3.4243503852447805,-3.293499893016928,C13
-3.5557990111358406,-3.4402904398790666,C13
-3.50210325708678,-3.292957014587761,C13
-3.5083582065224137,-3.261107254796854,C13
-3.4537041648785576,-3.2495270853453873,C13
-2.964170174747172,-2.7400035731915846,C13
-2.9863203027088074,-2.7106195696684945,C13
-3.0496838360754,-2.588916784887112,C13
-3.0662597005030645,-2.6569736368431123,C13
-3.0443122496864943,-2.5273426994138775,C13
-3.039053804266169,-2.6474040676817086,C13
-3.085498177172686,-2.5059514347566028,C13
-3.178617500252701,-2.4369937669109913,C13
-3.1695396499690327,-2.9624176352745706,C13
-3.169283050563102,-2.819690133059358,C13
-3.270187492839064,-2.9116416005169885,C13
-3.5132862240175147,-2.7911355033910548,C13
-3.247413821259591,-2.8622643987806424,C13
-3.3244049436132537,-2.7431601705282347,C13
-3.538201442474891,-2.702349848754058,C13
-3.2163107636526838,-2.85049751107841,C13
-3.313721321932799,-2.7195715873301314,C13
-3.422278475490979,-2.6864677078146144,C13
-3.5287082889410613,-3.387008203323937,C13
-3.6343248595440825,-3.263313511994359,C13
-3.4017568083463776,-3.338665755686284,C13
-3.4596705252091264,-3.237192469445985,C13
-3.4345063701311376,-3.22071480122556,C13
-3.455188088242224,-3.2688498298628503,C13
-3.4640732586044307,-3.195173337684198,C13
-3.4782083503608767,-3.153195794802018,C13
-3.4038429190838277,-3.2579641285289616,C13
-3.4197594917346237,-3.169752951801407,C13
-3.503485481302255,-3.1373136538625745,C13
-3.9800533183211577,-3.6696636894239365,C13
-4.006211186181295,-3.6078160619179673,C13
-4.022459294053466,-3.4863809389615588,C13
-4.090390489509831,-3.5772066608060857,C13
-4.045902279520811,-3.462115679669397,C13
-3.450138811528057,-3.4260260181334155,C13
-3.3926522232315866,-3.3041668768158194,C13
-3.363712747901487,-3.271635881445959,C13
-3.3950183703925685,-3.259449398504824,C13
-3.6472388082761693,-3.366137445793524,C13
-3.5114492834995557,-3.2718594436923216,C13
-3.4640732586044307,-3.225816512156259,C13
-3.407268233606038,-3.2111577822111252,C13
-3.517841304588724,-3.2824638297160154,C13
-3.4590451910738675,-3.2159826216764595,C13
-3.382999658879101,-3.1715328527522813,C13
-3.3242216583259148,-3.1635858248655495,C13
-3.549442990581671,-3.261587340897678,C13
-3.3989182722159765,-3.1834790396729313,C13
-3.4474534520443396,-3.1485675156921005,C13
-3.3934036908207146,-3.1138144307048505,C13
-3.6435916729610187,-3.6808442422649987,C13
-3.869666231504994,-3.537187714219311,C13
-3.597910649427903,-3.491019387924135,C13
-3.9469215565165805,-3.644389543180125,C13
-3.9037854146535946,-3.528314154350831,C13
-3.8315025164769674,-3.4619621838663934,C13
-3.6619421245802437,-3.4623808647170433,C13
-3.781464494783472,-3.5761514136218775,C13
-3.637894680706227,-3.4664201666123033,C13
-3.5694412304772425,-3.3944707428601375,C13
-3.6194269969331128,-3.398030100183438,C13
-3.7624562618571256,-3.568956812379433,C13
-3.677780705266081,-3.431147284013772,C13
-3.604324214730064,-3.3687361052049534,C13
-3.685290307044826,-3.348258706022739,C13
-3.817585347565446,-4.023060217452074,C13
-3.975104039892515,-3.9017322796277525,C13
-3.858863909879261,-3.845646547978149,C13
-3.7637147225519714,-3.8055413164888643,C13
-4.1851533313955365,-3.9866055183672,C13
-3.8941493256148565,-3.877170961104022,C13
-3.843148098929989,-3.8190708402439024,C13
-3.8347556738746893,-3.77649336175062,C13
-4.125866221172028,-3.8993746668783085,C13
-4.003575896044909,-3.8028146345760754,C13
-3.846185135655471,-3.734312919903126,C13
-3.962972120244225,-3.712441224493973,C13
-4.012825498912458,-3.8930107464868535,C13
-3.9488474775526186,-3.7809373352139106,C13
-3.9574244875598095,-3.7443893616626114,C13
-3.9193735130781944,-3.7101511132709275,C13
-4.542118103266008,-4.601390532186947,C13
-4.304781081094849,-4.429008530772205,C13
-4.271971045579481,-4.365500430804015,C13
-4.0205426819021515,-4.308712809454401,C13
-4.642827742276967,-4.527115434512411,C13
-4.445874418486987,-4.366046147459866,C13
-4.185486047631762,-4.30052365828116,C13
-4.229295231784221,-4.241263789927548,C13
-4.476513667656772,-4.460124826515502,C13
-4.264560796748519,-4.294609674320743,C13
-4.311580177997289,-4.218685591329206,C13
-4.203633845022479,-4.180131506059723,C13
-4.454445492765935,-4.368505691079275,C13
-4.249106079617874,-4.17469922323805,C13
-4.366531544420414,-4.130728881368164,C13
-4.140201452519435,-4.063982939393484,C13
-2.262489309326524,-2.4377373573560566,C13
-2.538651566352017,-2.4027283812707574,C13
-2.673664139071249,-2.365407899612448,C13
-2.608183076386751,-2.3422984276415253,C13
-2.632644078973981,-2.360385301760897,C13
-2.7226200253327453,-2.345449815389489,C13
-2.719649306953994,-2.3029803287624646,C13
-2.5907433479610904,-2.3166569504226846,C13
-3.5445460312213717,-2.3493849762587518,C13
-2.6080069277402873,-2.3249700831881004,C13
-2.477425367308823,-2.291012903111873,C13
-2.4846561069116193,-2.276115777816395,C13
-3.018453194954764,-2.3177658379049393,C13
-2.369775589247568,-2.296028613893548,C13
-2.408378961786681,-2.227107802813696,C13
-2.478469658721289,-2.12227393960521,C13
-2.3016384339448903,-2.0657763878167206,C13
-2.231954185897583,-2.0828489177762655,C13
-2.1181020264269885,-2.0647664612195005,C13
-1.8279811905754435,-2.0498309748480925,C13
-2.1950432001425084,-1.9982912266125086,C13
-1.9546770212133426,-2.0920453009679214,C13
-2.0460471167680767,-2.0886039961278517,C13
-2.005111204635089,-2.051072162894454,C13
-1.91721462968355,-2.017114982818227,C13
-2.0095723415147364,-2.0515041283616315,C13
-2.02525809549905,-2.056984857774039,C13
-1.8965383779052953,-2.022130693599903,C13
-1.6621415709589056,-1.9532098825200503,C13
-1.620694482249418,-1.812086839601651,C13
-1.507938395487401,-1.7754242990000735,C13
-1.518557371497695,-1.7533156124796192,C13
-1.586700235918748,-1.7586284474036984,C13
-1.5730010412434627,-1.7506070517411407,C13
-1.5662301660751343,-1.7233368291419842,C13
-1.5262211653532751,-1.6397654356947626,C13
-1.5355104525660286,-1.7073390320654864,C13
-1.5644741485013454,-1.7139587881196243,C13
-1.5421181032660076,-1.6861787869214921,C13
-1.455188088242224,-1.6184413630846204,C13
-1.6073030467403342,-1.7004970534727288,C13
-1.5489815478445426,-1.705977782885136,C13
-1.491604966866947,-1.6586631782338377,C13
-1.5273898024039554,-1.5859663091009486,C13
-1.3659259745125316,-1.5891971039666675,C13
-1.2012112860487507,-1.4163480203115582,C13
-1.399789693590672,-1.535738711768715,C13
-1.2461106685401666,-1.4524537395803987,C13
-1.2605067692183851,-1.3792908759269054,C13
-1.365724305374056,-1.5084900827240846,C13
-1.28878347567891,-1.4293387714844046,C13
-1.2159535841918867,-1.3639621801798893,C13
-1.3666325548829932,-1.4906002955638988,C13
-1.2910694641933838,-1.496081024976306,C13
-1.2133905273513401,-1.3973951102834599,C13
-1.2898826348881838,-1.3270590736829273,C13
-0.1027578971946346,-0.03890862592443175,C13
0.06744284277638066,0.1393803622582625,C13
0.1195857749617838,0.15081158869481906,C13
-0.07857365898473448,-0.06216965562306689,C13
0.08529057823006501,0.1515045639896124,C13
0.19256745333654565,0.2163339009059412,C13
0.1726029312098599,0.19748375211354835,C13
0.32735893438633035,0.3873546646661888,C13
0.17753649992986212,0.20363990657119901,C13
0.38147609027503,0.45097510415215686,C13
0.17231096852195424,0.2183645913833837,C13
0.4008832155483627,0.48001639865086554,C13
0.33385014510254507,0.3774015393215152,C13
0.45423489574826553,0.46092270782805345,C13
0.51241754860084,0.5236061599603365,C13
0.372175286115064,0.45865493497582915,C13
0.5278875659527047,0.599215788249956,C13
0.5926208213219823,0.6876565754789881,C13
0.5560611590095326,0.5255106538003053,C13
0.7165041637732169,0.6448615727827134,C13
0.5531545481696254,0.6044417280482499,C13
0.7375901662857216,0.8113259222145461,C13
0.5809249756756193,0.6256828392558149,C13
0.800166990201364,0.8169862350729813,C13
-0.3733517315259897,-0.34952482429106124,C13
-0.2628869056940387,-0.2881138918671757,C13
-0.2128230075294461,-0.20950762129959122,C13
-0.31930197030236496,-0.2814448699416674,C13
-0.23515164280658923,-0.21036449073508778,C13
-0.1806535159195472,-0.127965041143613,C13
0.14332712999204641,0.019370393815948284,C13
0.29950729870048765,0.1580890996928026,C13
0.21958452621425473,0.06741178937096234,C13
0.20655604409902956,0.202065248386159,C13
0.3463529744506387,0.08822426640474419,C13
0.3785795761157748,0.23840440334500185,C13
0.3362595520141933,0.3722122243909295,C13
0.4522465745204372,0.40862017590762423,C13
0.4913616938342727,0.48510587486391915,C13
0.3946267642722091,0.52494249213536,C13
0.5200903281128425,0.5758623738437606,C13
0.6011905326153335,0.6557247353566374,C13
0.6379897807846853,0.5848924049050352,C13
0.5193028492354287,0.5335157816236075,C13
0.6864575104691117,0.7156525958039659,C13
0.7446840632768864,0.7491117405045851,C13
-3.1891628488595116,-2.773127416290191,C14
-3.1284270644541214,-2.698578614154639,C14
-2.8890737577335797,-2.532494883740179,C14
-2.8648673486232252,-2.536921910981427,C14
-3.0314703556251605,-2.7868735990602906,C14
-3.014932966849499,-2.7155967221783084,C14
-2.918292729902651,-2.539771364602516,C14
-2.767257937279263,-2.53865272092186,C14
-3.206419132631844,-2.746594025877757,C14
-2.88706002391592,-2.680218326824464,C14
-2.809948582240794,-2.4911916422413403,C14
-2.7101881608823786,-2.4971353089013166,C14
-2.8914349762671656,-2.7321579285851456,C14
-2.768785352037399,-2.6764200432046183,C14
-2.7569619513137056,-2.485898683138172,C14
-2.643400564275029,-2.4856305654150033,C14
-3.378927628856374,-3.046601814597082,C14
-3.2284125191187445,-3.0172704842794307,C14
-3.1685141607513425,-2.9009972813679137,C14
-3.1106422631110684,-2.879698310412228,C14
-3.258769588974529,-3.0214723457609773,C14
-3.126970187938956,-2.9932291829538817,C14
-3.104853810624008,-2.877758187071763,C14
-3.140681534902884,-2.8509135451941727,C14
-3.2349277988972083,-2.9875977046537785,C14
-3.1914514487595946,-2.9642557196753723,C14
-3.0787298144901873,-2.822942398289255,C14
-3.109467208072255,-2.8031600667522976,C14
-3.1525507375008273,-2.9499713180089975,C14
-3.114921615850776,-2.931088076034441,C14
-2.959397659885927,-2.804263343062375,C14
-2.858863909879261,-2.7782692271422724,C14
-3.615646585862494,-3.3373123143760783,C14
-3.4274769021503624,-3.307980984058427,C14
-3.3231235680268627,-3.2360718226474496,C14
-3.3567447749752284,-3.196016225197667,C14
-3.523313257054355,-3.3093749309813165,C14
-3.3696738451960533,-3.281131768174221,C14
-3.319030281534103,-3.210024813792642,C14
-3.2885302181256724,-3.164423545420955,C14
-3.3615107430453626,-3.2823240871081834,C14
-3.2874344721266917,-3.258982102129777,C14
-3.1542200328881105,-3.1746738207408667,C14
-3.1725014918665413,-3.1361348627098122,C14
-3.318668294030834,-3.240753939403005,C14
-3.2366468912517847,-3.2218706974284483,C14
-3.162159138344477,-3.1533009033019903,C14
-3.1511952989481964,-3.108550160887791,C14
-3.8784401558124992,-3.820387492475456,C14
-3.704872914747809,-3.74463854820659,C14
-3.6985359268567004,-3.6316706724090806,C14
-3.585862637815523,-3.5945205767279775,C14
-3.791289980093599,-3.774195523687284,C14
-3.7088532382681145,-3.7027368970445314,C14
-3.555955204081924,-3.59057122827642,C14
-3.502932063601495,-3.5478754616734127,C14
-3.688246138944246,-3.7386402974749258,C14
-3.6356366453842694,-3.675193331134295,C14
-3.45296410025999,-3.5521407624959864,C14
-3.506402550999473,-3.5165073062336116,C14
-3.602581457648652,-3.6810071125572885,C14
-3.529883646848996,-3.622018889220507,C14
-3.4710832997223453,-3.5147048078446512,C14
-3.4233131947990043,-3.494631378152846,C14
-3.1682581663543616,-2.994802894492157,C14
-2.998699066979582,-2.996812488912175,C14
-3.0262719413119727,-2.9597117911518516,C14
-3.071706587767798,-2.9518255288695876,C14
-3.646083769079637,-3.2404853831533287,C14
-3.5409092103994135,-3.221839651528919,C14
-3.307064997468862,-3.219948826358957,C14
-3.1384655891409623,-3.1713604737175607,C14
-3.7493360805367564,-3.4331907256971554,C14
-3.7380238086021875,-3.409034425898621,C14
-3.6811022853725133,-3.3864332243300317,C14
-3.5272435506827877,-3.333296033415334,C14
-4.1580776883205495,-3.87158820124404,C14
-4.025995203102585,-3.838914044924426,C14
-3.721703791908726,-3.8033588187120677,C14
-3.7647241233129476,-3.7042292043123464,C14
-3.6595558851598815,-3.421575866690993,C14
-3.4953932293580463,-3.3736305985868484,C14
-3.3721223054200284,-3.306836949883354,C14
-3.7084091743419987,-3.4030234149612677,C14
-3.428990327690695,-3.356166314367679,C14
-3.278684119394101,-3.2917872036658538,C14
-3.2037032599482083,-3.231836612863214,C14
-3.4817493486915,-3.3766821917409704,C14
-3.3364875295848444,-3.3378367514495033,C14
-3.1272611725273314,-3.2768498928972667,C14
-3.173860382064085,-3.2105251776459847,C14
-3.3971806575673003,-3.3389008235266973,C14
-3.257903597696756,-3.30451412623908,C14
-3.2606650398039205,-3.2592657549492956,C14
-3.094906031672129,-3.18878263301726,C14
-3.8091082830778302,-3.7351629647820244,C14
-3.446116973356126,-3.6337451615260346,C14
-3.5332806283184013,-3.5800607660013957,C14
-3.784362436564938,-3.7869170431806927,C14
-3.621420423884225,-3.71545841653794,C14
-3.521000868326643,-3.6131105515327815,C14
-3.3233063903751336,-3.553880485086238,C14
-3.651305809734459,-3.749673451274609,C14
-3.492413960236989,-3.686226484933978,C14
-3.3677452233152865,-3.5843941864346234,C14
-3.273354279759088,-3.518789995539438,C14
-3.612610173661271,-3.6873696040305872,C14
-3.411952503013917,-3.628381380693806,C14
-3.351932870551065,-3.542287569456904,C14
-3.2354502809355328,-3.501893563861184,C14
-3.931443104927637,-4.008225147645417,C14
-3.862329462763245,-3.9199636934435227,C14
-4.008109696063975,-4.1045966372278855,C14
-3.7961515362537654,-3.9807404299509255,C14
-3.7594507517174,-3.89853514548611,C14
-3.8239087409443187,-3.85145319474046,C14
-3.785156151952302,-4.06487435748515,C14
-3.7677664788852665,-3.9702127309683646,C14
-3.749579997691106,-3.8886980098290147,C14
-3.6322714539130234,-3.8419175824092515,C14
-3.7899491501248628,-4.017774209780299,C14
-3.737786294523583,-3.927571326267363,C14
-3.710857164067667,-3.8445619296446902,C14
-3.5683146553139884,-3.8229916875243926,C14
-4.561457651213889,-4.37870778895486,C14
-4.356251314540474,-4.3952173708536515,C14
-4.086398050270843,-4.155969517532762,C14
-4.091139826982723,-4.078572417512594,C14
-4.287266140930048,-4.297090742380857,C14
-4.139063379299906,-4.134156416376678,C14
-4.0168700752653,-4.060454282610066,C14
-3.8847224086040986,-3.993990813240384,C14
-4.213461519502197,-4.243030278333141,C14
-3.9943905546397196,-4.080095952328962,C14
-4.0240170562874535,-4.00639381856235,C14
-3.9469215565165805,-3.949708532215066,C14
-3.6250684460218117,-3.5231310418440636,C14
-3.5069604116823485,-3.480533939041613,C14
-3.5114492834995557,-3.4113346375287636,C14
-3.626720106722504,-3.5093973215153667,C14
-3.514704561273911,-3.4616741890120983,C14
-3.397505931192719,-3.3810357589841167,C14
-3.2770371910575102,-3.3550414155841164,C14
-3.545612532853045,-3.4952850931720656,C14
-3.4825401734597676,-3.434367645516251,C14
-3.2093630380682967,-3.357121467637858,C14
-3.452225294612177,-3.431797193855601,C14
-3.4426131179404926,-3.375338489203636,C14
-3.2225731776106885,-3.3270503229220774,C14
-4.218963061378868,-3.9878402690143813,C14
-3.8016178699917056,-3.9122463586384755,C14
-3.7344746647809264,-3.79614883817404,C14
-3.654234306885512,-3.783939360557723,C14
-3.8155925145876797,-3.9653200337733643,C14
-3.6912222263352787,-3.884600093696641,C14
-3.677160727313679,-3.764049676203321,C14
-3.604324214730064,-3.7462945276650994,C14
-3.7198771036976925,-3.9504568680493035,C14
-3.629301907424423,-3.856542612820034,C14
-3.6101254416090147,-3.724814661764123,C14
-3.4631891340084584,-3.7006853887772593,C14
-3.7420815496859414,-3.8720137197781286,C14
-3.584025588623434,-3.7825582075527087,C14
-3.6127881996862694,-3.679788268093632,C14
-3.417255034308723,-3.6872825017771214,C14
-4.014798141635429,-4.048133406894146,C14
-3.8544928285903373,-3.964742752152772,C14
-3.8377343857019786,-3.9332814755567913,C14
-4.021865152601711,-4.1564058407840525,C14
-3.8443603662402235,-4.017448438015779,C14
-3.771599641296995,-3.9296048862455204,C14
-3.680685695909488,-3.8925979387276355,C14
-3.9129287940934647,-4.107743291106922,C14
-3.7520267336381936,-3.977579299155857,C14
-3.6788159726976857,-3.890426310711063,C14
-3.674484336636852,-3.865289940819946,C14
-3.8329782042097436,-4.069848049343519,C14
-3.7486051499598956,-3.9441428003963033,C14
-3.6757175447023074,-3.856989811951509,C14
-3.771599641296995,-3.8634769487307454,C14
-4.107849722098636,-4.2686252196470225,C14
-4.093718844227847,-4.167183946473811,C14
-4.348625056086957,-4.466722588656559,C14
-4.073811950892794,-4.2714540234236384,C14
-4.0682371115188225,-4.1965615029157,C14
-3.910094888560602,-4.156984291908116,C14
-4.2111955069553515,-4.3876487255294165,C14
-3.9706162223147903,-4.221029999425847,C14
-4.04200982159317,-4.131570868535184,C14
-3.8236193077567298,-4.102927288178084,C14
-4.123724411322121,-4.337723464007321,C14
-3.9295926782598802,-4.171104737903752,C14
-3.8979094744881633,-4.081645607013089,C14
-3.8486301497525397,-4.069193531049273,C14
-3.7741740085381066,-4.012149219418845,C14
-3.6972362915270183,-3.936573214431783,C14
-3.581864501574768,-3.8366649582942216,C14
-3.624885315307775,-3.7770562826526555,C14
-3.7649768405047763,-4.0067217525073495,C14
-3.6593576224392947,-3.90162148730784,C14
-3.575118363368933,-3.7961680648226865,C14
-3.547293773488971,-3.7418758153552902,C14
-3.660151216962363,-3.968648380870055,C14
-3.5107448316307397,-3.8854688275383884,C14
-3.478600371884624,-3.7807059683787,C14
-3.3370533856673754,-3.7200395944626616,C14
-3.623788149717327,-3.914786939594248,C14
-3.6579723119125283,-3.836066129266431,C14
-3.4685210829577446,-3.72980859462342,C14
-3.4467239538629006,-3.6903509106854058,C14
-3.958607314841775,-3.988824412598225,C14
-3.7770235501066085,-3.9409169752497117,C14
-3.7226200253327453,-3.9364027852588257,C14
-3.9132843360551175,-4.1038774213555325,C14
-3.7481185454474724,-3.9408872206360956,C14
-3.6038006529042637,-3.8874346169399905,C14
-3.534319788401722,-3.8882368531232743,C14
-3.833866029694891,-4.038259212705389,C14
-3.631341287607773,-3.9039188511153,C14
-3.6192462291961,-3.83589963703647,C14
-3.474436941729933,-3.837003396545641,C14
-3.7520267336381936,-3.996157108944283,C14
-3.614036429399303,-3.861816747354193,C14
-3.6726410656136697,-3.793797533275363,C14
-3.4686488354169405,-3.800677980485489,C14
-4.083440780698886,-4.271621716109582,C14
-3.944621668625,-4.084885970914319,C14
-3.8024437868464633,-4.049593490440957,C14
-3.7859513205880586,-3.961483834021921,C14
-4.025949097207123,-4.232217344185108,C14
-3.9006647223140423,-4.036948778952189,C14
-3.8265223565470055,-3.9961111321312366,C14
-3.881404634776238,-3.913317901886369,C14
-3.9645702618154517,-4.1553826443839155,C14
-4.150519162756014,-3.988763918280347,C14
-3.9366666410482503,-3.9333596610766692,C14
-3.712870379280889,-3.850867954157687,C14
-3.925183559354825,-4.089764196587881,C14
-3.730253626869233,-3.9231454704843127,C14
-3.6859220082207873,-3.867741213280635,C14
-3.6524748400013105,-3.791026194062608,C14
-4.015022873584507,-3.9949024713661023,C14
-4.0467236633326955,-3.920196648103358,C14
-4.372429335819457,-4.23690679731582,C14
-4.067830754079208,-4.0416382320829,C14
-3.9164973801697327,-3.9917973033343594,C14
-4.040052784291501,-3.9224079062457844,C14
-4.067983093565799,-4.194760821186972,C14
-3.915066425063284,-4.03332415820823,C14
-3.969805214643249,-3.968916619076964,C14
-3.8648673486232252,-3.8998287453142764,C14
-4.054974798757537,-4.168923642791914,C14
-4.059533322336471,-4.000032523921459,C14
-4.02429253646282,-3.9356249847901923,C14
-3.9597933724252887,-3.8455851901150284,C14
-2.4553119776973227,-2.5321381086535055,C14
-1.8113527040002826,-2.499344990867989,C14
-1.9804683154687446,-2.4783808602576,C14
-2.0173670056051503,-2.4898202618846197,C14
-1.4625587165920524,-2.461949781001516,C14
-2.236871623200863,-2.4380920973192652,C14
-1.785421046429501,-2.4447137906175818,C14
-1.8982529260536338,-2.462323264453138,C14
-1.7926349625309281,-2.4218950313847487,C14
-1.6649434805609085,-2.393605157252634,C14
-1.685922008220787,-2.4104992811461985,C14
-1.7584535194034516,-2.420654299090041,C14
-2.038483988551051,-2.3802260660216517,C14
-2.1139042675622526,-2.3350435023493117,C14
-1.8722474841670267,-2.0206165211296305,C14
-1.3984832163499898,-1.8796228456032975,C14
-1.4135252214286034,-1.975113729608049,C14
-1.606073993414163,-1.945158632182384,C14
-1.51427857351842,-1.823319956803265,C14
-1.6565914061961426,-1.936832123719948,C14
-1.881404634776238,-1.9196026509447213,C14
-1.3867926478962402,-1.881768367451921,C14
-1.4602967610521744,-1.8191867985854964,C14
-1.2494144726589913,-1.6803692776518027,C14
-1.5055671012736014,-1.5486025419824365,C14
-0.8827287043442357,-1.536859707069575,C14
-1.025856900097785,-1.473903457842375,C14
-1.3138107657559763,-1.5783004930316507,C14
-1.260190400978641,-1.561071020256424,C14
-1.0886292928838621,-1.5232367367636244,C14
-0.9931062920520995,-1.4606036172428534,C14
-1.1665341398293076,-1.7443319254578824,C14
-1.3001622741327543,-1.6810985412053023,C14
-1.0190426837703799,-1.6292777145098523,C14
-1.2068384707544493,-1.6493410395783437,C14
-1.0860802350485341,-1.6203463699310354,C14
-1.0403386297265045,-1.5610454061283732,C14
-0.9783972839717577,-1.6268781750808086,C14
-1.0797722885430714,-1.6008321689354124,C14
-1.2937090427412365,-1.5493749151366618,C14
-0.8594919569618205,-1.4750281950234538,C14
-4.146727775979317,-3.6712880634653535,C14
-4.0742239461632535,-3.9730254544805783,C14
-4.079615757821642,-3.715450898032225,C14
-3.7408841558149337,-3.6266498785508516,C14
-4.2636831920958915,-3.9242119493188423,C14
-3.795880017344075,-3.646371272296818,C14
-3.6373290702743333,-3.543003642432719,C14
-3.99012436628784,-3.9111203094600215,C14
-3.8843894883257004,-3.633279632437997,C14
-3.4862498499181767,-3.5299120025738984,C14
-4.240181122625174,-4.050508902209639,C14
-4.07448164182257,-3.736878660335144,C14
-4.278519145229951,-4.043025150465979,C14
-4.048031415507089,-3.804117941687611,C14
-3.7934439559009703,-3.6952720911788846,C14
-4.300075597257523,-4.011851660258987,C14
-4.0816026611563,-3.7526783309069467,C14
-3.88706002391592,-3.6292658700154954,C14
-3.9833844524428224,-3.9971209125286085,C14
-4.015337693809894,-3.7379475831765703,C14
-3.756465898167938,-3.614535122285119,C14
-4.3715088950328775,-4.2744017442121915,C14
-4.588211995456131,-4.249460148146284,C14
-4.081864773833641,-3.9275689860658534,C14
-4.292344676468813,-4.212345380153323,C14
-4.560667306169737,-4.007270073629132,C14
-4.091193400594325,-3.879009647672654,C14
-4.619969752032169,-3.852933093576894,C14
-4.118729496070642,-3.847181646093299,C14
-4.479647495916682,-4.411935355314684,C14
-4.397289055042442,-4.36796013715664,C14
-4.8843894883257,-4.111921879796653,C14
-4.196474604423468,-4.028979306145633,C14
-4.674895017028592,-4.335993348162515,C14
-4.885389015767827,-4.1137869930567055,C14
-4.107794054024227,-3.9855679467512695,C14
-4.791289980093599,-4.326380201247076,C14
-4.045902279520811,-3.968500343944116,C14
-3.370284667352868,-3.3179478548370627,C14
-3.065047292182142,-3.356671688395402,C14
-3.239125361947811,-3.3652799520961625,C14
-2.8722474841670267,-3.2568047209016755,C14
-3.1332402165048916,-3.2748020924490437,C14
-3.1285438259770464,-3.3118665013166084,C14
-3.096801452957022,-3.312752012450848,C14
-2.9538952127539613,-3.238219094391988,C14
-2.9415739755429944,-3.2727487709120275,C14
-2.893129455521346,-3.2491954625872275,C14
-3.4596705252091264,-3.245648783271603,C14
-2.8989406450918844,-3.2186526686623655,C14
-2.9538952127539613,-3.2457278892906913,C14
-3.0237417507429547,-3.2221745809658913,C14
-2.9480760839538935,-3.2369639069306313,C14
-2.86518562967954,-3.04776194030222,C14
-2.9083330424043154,-3.0642844437191474,C14
-2.787546038959724,-3.0244353851178696,C14
-2.703115524461453,-2.982611249487379,C14
-2.7486051499598956,-3.0061720031960095,C14
-2.7146677723561154,-2.9941065358082417,C14
-2.7297871451037574,-3.0318722612107947,C14
-2.73471037413917,-3.006580430552975,C14
-2.7864822430036953,-2.940443302286153,C14
-2.651500429716162,-2.9239456444485215,C14
-2.613144470815276,-2.9889816329703764,C14
-2.725149679983335,-2.956235346420843,C14
-2.6008456660417836,-2.890098218154021,C14
-2.704432900037521,-2.8919365655967537,C14
-2.6540384581868586,-2.809971711228986,C14
-2.7050930893948077,-2.7780346879814286,C14
-2.4825401734597676,-2.751184224953017,C14
-2.648590248074561,-2.7897403579832254,C14
-2.6074789100680675,-2.731559992766633,C14
-2.489454989793388,-2.723266731621415,C14
-2.4977094720852273,-2.7032781917802313,C14
-2.5641556340155587,-2.753443221743188,C14
-2.5922692719736644,-2.7085737527926423,C14
-2.5138530031934274,-2.6541447068613864,C14
-2.597222930389653,-2.6297239765703386,C14
-2.4047242881979005,-2.7304578545556843,C14
-2.507938395487401,-2.6855883856051386,C14
-2.608183076386751,-2.6311593396738826,C14
-2.347173697438995,-2.625074614663199,C14
-2.50017550416042,-2.5961908310305666,C14
-2.454198242840724,-2.538926231989398,C14
-2.416801226031377,-2.5069892087418406,C14
-2.344381416458778,-2.4161080282057115,C14
-2.3949105381184195,-2.482119046639656,C14
-2.287013766405617,-2.4239386814230635,C14
-2.2488749284644163,-2.415645420277846,C14
-2.276462238467943,-2.357110293960115,C14
-2.3796557002455065,-2.427699933624057,C14
-2.2805858402974066,-2.382830464673511,C14
-2.2571963415308343,-2.328401418742255,C14
-2.2426039712069756,-2.258676449257043,C14
-2.279014255846261,-2.4253061056019862,C14
-2.2468767553182873,-2.3804366366514405,C14
-2.0985416786038877,-2.3260075907201845,C14
-2.130592250617798,-2.264755175687691,C14
-0.3329207945357833,-0.5774451531209583,C14
-0.3459197646934294,-0.471870450406737,C14
-0.22687207596666528,-0.42757492342813097,C14
-0.20683847075444928,-0.5266602486675152,C14
-0.15255073750082712,-0.3960554463113052,C14
-0.12708655837960472,-0.34626743159005996,C14
0.028164419424469872,-0.05212714298404604,C14
-0.042871802323186915,-0.02900532875891266,C14
0.07736790528415652,0.09996635278888835,C14
0.13161866434912553,0.024699909965041532,C14
0.22968184231767583,0.1823045209529154,C14
0.26623169668989327,0.39601104696431805,C14
-0.2662411644127973,-0.43585445950988455,C14
-0.18078520011761592,-0.3520581459887152,C14
-0.1861522457711457,-0.2647272738796348,C14
-0.19887081242029592,-0.46391571883507793,C14
-0.07925073872429171,-0.3434885254202579,C14
-0.02200219004126029,-0.21195789468300621,C14
-0.08449463824562346,0.01011627009763955,C14
-0.011173592954724193,0.1579857011478897,C14
-0.021271822861508152,0.035842339881696536,C14
-0.017095882207371908,0.19688103169241358,C14
0.08564728829685654,0.045022591489201846,C14
0.0799044676667207,0.24178186330371332,C14
-3.9262816496538773,-3.9369693734649696,C17
-3.7318902701915215,-3.778728423419664,C17
-3.5691190535471087,-3.6747924712459468,C17
-3.957818405484234,-3.8697037684545417,C17
-3.6722325100972713,-3.7251192078270576,C17
-3.5212892444872406,-3.6203632536189057,C17
-3.565111879132684,-3.605113194498547,C17
-3.73969005420508,-3.7879227326240805,C17
-3.5851937204989874,-3.6570736146127474,C17
-3.588211995456131,-3.535001460170668,C17
-3.4649591867488394,-3.522605998157803,C17
-3.7423214251308154,-3.6609803167803263,C17
-3.5754450233932866,-3.5496914263328003,C17
-3.4539511335982658,-3.4430824110688865,C17
-3.371304617285977,-3.412441068775054,C17
-4.0428238695951535,-4.002599478110955,C17
-3.944621668625,-3.857875270516781,C17
-3.8797552044536348,-3.793872092685292,C17
-3.7569619513137056,-3.7672878118844935,C17
-3.9637704559137052,-3.9745394071767284,C17
-3.867420152340263,-3.831320909187765,C17
-3.77780395369828,-3.7346814603165783,C17
-3.7185121120599187,-3.7019184782123964,C17
-3.935916564036404,-3.898508476657002,C17
-3.8233300673318507,-3.7554729106495235,C17
-3.6712127996454655,-3.6415172615444096,C17
-3.6655462488490693,-3.6116088765477214,C17
-3.850472986245652,-3.778470347769378,C17
-3.755228238504705,-3.654995009325707,C17
-3.6272720591144045,-3.5565024993987584,C17
-3.5590909179347823,-3.5083482341211027,C17
-4.3472703039307525,-4.1592864487019146,C17
-4.081864773833641,-4.030569080916361,C17
-4.096259059378461,-3.9499735565310394,C17
-3.9527251326158206,-3.9286372679942163,C17
-4.095122233036595,-4.120709935288741,C17
-3.9913998282380825,-3.994627087328872,C17
-3.907981529247203,-3.9032196266621493,C17
-3.849243560139691,-3.8757046368219426,C17
-4.067171233099153,-4.100441444928729,C17
-4.00850811108984,-3.942917350106191,C17
-3.935916564036404,-3.8341936892055415,C17
-3.876475019057268,-3.8095332964728286,C17
-4.0530076592516275,-4.036496706783481,C17
-3.955460239607589,-3.8985328395247523,C17
-3.8535618647142256,-3.805272317802268,C17
-3.803547458296611,-3.7623660447885876,C17
-4.316772793958565,-4.325728470492469,C17
-4.298691114771925,-4.22680293304999,C17
-4.195656081520134,-4.146207408664667,C17
-4.136974703770529,-4.124871120127842,C17
-4.2207643683241365,-4.172851693839644,C17
-4.13335827943396,-4.08144423317292,C17
-4.087884270921146,-4.0539292433327105,C17
-4.41150419899279,-4.280156608891912,C17
-4.2753964846032835,-4.121141956616963,C17
-4.144359719109855,-4.012418295716312,C17
-4.061380218497319,-3.9877579029836,C17
-4.305307073668516,-4.229317378011376,C17
-4.161087972594001,-4.073262674301198,C17
-4.074739490480565,-3.980002152578716,C17
-3.9714287473074625,-3.9370958795650353,C17
-4.466863711721361,-4.422752539022233,C17
-4.28844583174983,-4.377587687086142,C17
-4.305658089635819,-4.2997799418463005,C17
-4.228927216778805,-4.280268447356519,C17
-4.34371009880864,-4.378002275401358,C17
-4.151133788505221,-4.215569873974225,C17
-4.080921907623926,-4.17709083470023,C17
-4.273028416317123,-4.309484840809383,C17
-4.120445399061025,-4.204230874040822,C17
-4.100179497572904,-4.098294992285653,C17
-3.99012436628784,-4.062670550119152,C17
-4.150273555803672,-4.264730447910305,C17
-4.053547734986927,-4.151185439193866,C17
-3.9948194874962195,-4.060712696616863,C17
-3.8658228924232336,-4.006842374169397,C17
-4.7342390832823895,-4.472879520166489,C17
-4.465973893943865,-4.427714668230398,C17
-4.434388275097941,-4.349906922990557,C17
-4.372531727540291,-4.323132285894684,C17
-4.412401270278755,-4.415340632011362,C17
-4.36301089818777,-4.34152791210547,C17
-4.272865576239512,-4.252908230584229,C17
-4.279427279635739,-4.214429191310233,C17
-4.3441895055047475,-4.359698667588467,C17
-4.249414472658991,-4.254444700819906,C17
-4.153353671422883,-4.148508819064737,C17
-4.1938200260161125,-4.1128843768982355,C17
-4.257431965633858,-4.330089145935613,C17
-4.113058294016585,-4.126071394642171,C17
-4.1301231867332335,-4.072201072194704,C17
-4.506820879317485,-4.57024192628516,C17
-4.565750547603525,-4.440373014352601,C17
-4.4769041617474326,-4.421176539880621,C17
-4.518557371497695,-4.450771655416111,C17
-4.46826569072345,-4.310265134521296,C17
-4.370488465799546,-4.28387378184622,C17
-4.612254340391137,-4.451493174118153,C17
-4.436756298859602,-4.3405173658696645,C17
-4.368150537840182,-4.26340367940344,C17
-4.310158590862495,-4.235357399860831,C17
-4.488651484509787,-4.42692761756874,C17
-4.351639989019068,-4.315960162223947,C17
-4.292429823902063,-4.25796016707698,C17
-4.237546517636453,-4.211668007253406,C17
-4.640543979879014,-4.430422368471418,C17
-4.549135307620234,-4.516797366323202,C17
-4.494578672416719,-4.420481737643481,C17
-4.619065536669298,-4.561002351497841,C17
-4.513711239039433,-4.492240162677485,C17
-4.497026940934369,-4.437203972933821,C17
-4.440213031799444,-4.396792345036056,C17
-4.6439741428068775,-4.537592847601038,C17
-4.357535479757878,-4.50843538711496,C17
-4.33856594960608,-4.384255995776368,C17
-4.249106079617874,-4.3409032233333,C17
-4.413075291855179,-4.41908097165874,C17
-4.331987028358168,-4.361275643202861,C17
-4.176460566343141,-4.239167639953899,C17
-4.079094395835976,-4.204032043072433,C17
-4.338187314462739,-4.367052913862804,C17
-4.196816111464658,-4.277806338544256,C17
-4.101658834272491,-4.1383821350613665,C17
-4.0260413138932964,-4.106101135287395,C17
-4.277366077466188,-4.322298520963726,C17
-4.095663207797505,-4.208753512247287,C17
-4.033060836978887,-4.084792447942564,C17
-3.9601894458516496,-4.034265567887627,C17
-4.603277721496227,-4.499710995791706,C17
-4.450016388840311,-4.454546143855615,C17
-4.417822962311591,-4.363855074244743,C17
-4.313810765755976,-4.309895716803054,C17
-4.541966807503494,-4.384899872111196,C17
-4.33856594960608,-4.311087152205304,C17
-4.270673190353139,-4.222467470684062,C17
-4.2041894753325915,-4.183988431410067,C17
-4.506402550999473,-4.316382437519221,C17
-4.234033575214286,-4.211128470750659,C17
-4.219538667138282,-4.10519258899549,C17
-4.105794740857916,-4.069568146828989,C17
-4.351249787301981,-4.271628044620143,C17
-4.243668232678942,-4.1580830359037035,C17
-4.136439235473757,-4.067610293326701,C17
-4.036353813515157,-4.013739970879234,C17
-4.657182685364267,-4.54701833624392,C17
-4.447696890661646,-4.456327266633048,C17
-4.500725418107782,-4.415437427254525,C17
-4.56431486205837,-4.465996501735012,C17
-4.465212641370508,-4.403559344593609,C17
-4.333762904104195,-4.3149396630723675,C17
-4.347173697438995,-4.289530141861538,C17
-4.508918586576812,-4.4377063109331525,C17
-4.383209513670284,-4.351297814831764,C17
-4.320481256304211,-4.245361933076595,C17
-4.245575210722741,-4.222807008973259,C17
-4.478338984887927,-4.424398712597815,C17
-4.31560352158098,-4.329699174548548,C17
-4.202455485638274,-4.2428769841126375,C17
-4.15676722190199,-4.202076179728336,C17
-4.562725202589877,-4.528684345736019,C17
-4.593800576336688,-4.508099616962352,C17
-4.5821962773601195,-4.5326843339855865,C17
-4.368860749743189,-4.377104065505083,C17
-4.5932895413902095,-4.527810082376605,C17
-4.425968732272281,-4.34515766082547,C17
-4.36845477216569,-4.322991913208671,C17
-4.540004743952609,-4.503244525827192,C17
-4.416801226031377,-4.394750338242675,C17
-4.391260080931212,-4.339714148499011,C17
-4.325138859262188,-4.2993025206012465,C17
-4.543482142194738,-4.6244285554859825,C17
-4.554707230574028,-4.564281182285971,C17
-4.541815564429737,-4.456767913633824,C17
-4.441771578196675,-4.469274522073511,C17
-4.452840878672583,-4.437743840701364,C17
-4.405386490839902,-4.342022512333745,C17
-4.416914633652312,-4.382989279825318,C17
-4.356646038023137,-4.354883688194582,C17
-4.43486084803021,-4.274986118962665,C17
-4.330776126069194,-4.2502460480491555,C17
-4.365724305374056,-4.358423723275905,C17
-4.321572677566133,-4.3303264845488645,C17
-4.31069114087638,-4.269542606636206,C17
-4.278024598414047,-4.226556655441731,C17
-4.32910504647979,-4.27044175744537,C17
-4.409046764812015,-4.1528556610579415,C17
-4.269540739954231,-4.108515442300703,C17
-4.262250926108443,-4.155581231628532,C17
-4.215953584191887,-4.054690296100768,C17
-4.198939470152144,-4.043836383149568,C17
-4.202732459169283,-4.012385191246773,C17
-4.23047497982895,-4.078411215775964,C17
-4.184422251675732,-3.9895946656125885,C17
-4.237471477553,-3.9684395602232208,C17
-4.15857795559764,-3.9410258310253488,C17
-4.153168247176743,-4.024258820134675,C17
-4.105075022640457,-3.9485368175863598,C17
-4.155026061853112,-3.9273817121969916,C17
-4.102372908709558,-3.881722102718151,C17
-4.276626432981016,-4.4225816583742885,C17
-4.191383964573008,-4.372905179089006,C17
-4.18025870272699,-4.309123857558197,C17
-4.213106674738684,-4.293964452555186,C17
-4.080555789534763,-4.272506803313112,C17
-4.0773264321414455,-4.242211787588341,C17
-4.021089422824429,-4.228300836017964,C17
-4.1007815821486275,-4.215984378807585,C17
-4.041818502435052,-4.169970704751891,C17
-4.067983093565799,-4.1513819911995595,C17
-4.005814871797683,-4.1427182918470375,C17
-4.059533322336471,-4.1432485765972435,C17
-3.9476909003526766,-4.121766059753563,C17
-3.9812995013337567,-4.084931465920266,C17
-4.042105512787102,-4.083348406964239,C17
-4.001827878060559,-3.9612188635063488,C17
-3.947306058075032,-3.867825214051457,C17
-3.919012953089113,-3.7990565480603076,C17
-4.013452186585276,-3.9823080094212333,C17
-3.929962133392245,-3.8868300989592006,C17
-3.880084589742009,-3.826922755310346,C17
-3.8110715162391466,-3.75853674327444,C17
-3.9069286936239367,-3.933487945715717,C17
-3.7864822430036953,-3.850084420618073,C17
-3.857610533881164,-3.7657377283922875,C17
-3.7796303675486054,-3.7013891790613034,C17
-3.9069286936239367,-3.9023870878787,C17
-3.8395314688809625,-3.836778731869905,C17
-3.7785857621576615,-3.7618434667693674,C17
-3.7153437172114843,-3.679249037157416,C17
-4.474955192963154,-4.345919426484307,C17
-4.264002115908206,-4.296823591317413,C17
-4.344477403746582,-4.27786076321167,C17
-4.215953584191887,-4.281099853089076,C17
-4.252976822548372,-4.23492421250146,C17
-4.177439663057307,-4.182078190017335,C17
-4.145451064187049,-4.225197921043632,C17
-4.203564441189825,-4.2318621006624495,C17
-4.252665890384095,-4.195741275398484,C17
-4.158640529545145,-4.135706358498093,C17
-4.221559316428767,-4.1641680896615485,C17
-4.14923127307112,-4.1511865633690235,C17
-4.112045296191199,-4.134179429424317,C17
-4.112495225764622,-4.05589863224296,C17
-4.070683273246504,-4.036203724099583,C17
-4.070121476343217,-3.985042387085821,C17
-4.0277508640374045,-3.9109161519167066,C17
-4.048711062722328,-3.958139885023914,C17
-4.034516075754861,-3.9351973780533624,C17
-3.9649707177976317,-3.875822180766376,C17
-3.9515581964495956,-3.8433691678111725,C17
-3.963371104637839,-3.898499448241253,C17
-3.9219058495935895,-3.899996838586135,C17
-3.962175249411658,-3.8476366490949068,C17
-3.770318157682324,-3.8024913215898835,C17
-4.001435541739059,-3.8385946234365007,C17
-3.8350526273781584,-3.831041835876864,C17
-3.8948305720006684,-3.797795337704894,C17
-3.774432286560529,-3.7344041299189032,C17
-3.975104039892515,-3.8988411614246896,C17
-3.8309136425129773,-3.762899948399475,C17
-3.883060353449244,-3.749585539846637,C17
-3.670805584911549,-3.696088135171038,C17
-3.919012953089113,-3.8345340023512877,C17
-3.7947956360518553,-3.715287950185737,C17
-3.715118285344547,-3.684906480695503,C17
-3.591251393815756,-3.630774161884225,C17
-3.669992299127241,-3.7310922494039445,C17
-3.6167233495923496,-3.638508807597337,C17
-3.5948244537820107,-3.615142345902861,C17
-3.833273944419948,-3.6903011159184502,C17
-3.6108339156354674,-3.5724478314849457,C17
-3.782779344355481,-3.616982198527828,C17
-3.47729500726525,-3.4237256020674196,C17
-3.686976889676762,-3.5748780423129234,C17
-3.438779321066056,-3.391206017910977,C17
-3.655804284128565,-3.505214486047411,C17
-3.4316809149048884,-3.3410819236614038,C17
-3.251424383069008,-3.2650473885572477,C17
-3.5646334933873387,-3.487474890366186,C17
-3.3622101706377707,-3.3355509956467984,C17
-2.007269796045857,-1.937725771272609,C17
-1.9677842967020185,-1.9105924376346697,C17
-1.9396799713117148,-1.8554356609111933,C17
-1.9006647223140423,-1.831756370386071,C17
-1.995248844408999,-1.8862691380005157,C17
-2.0420576645545956,-1.865434968592228,C17
-1.886390848926972,-1.8244361129005005,C17
-1.9901243662878398,-1.8154179649844517,C17
-2.024108863598207,-1.8221783684217152,C17
-2.0648959788485506,-1.7734209097600513,C17
-1.8677403104689554,-1.7190431412545442,C17
-1.9208187539523751,-1.7204524959397856,C17
-1.9041335465214573,-1.7781705476924914,C17
-1.9118639112994487,-1.742113279951298,C17
-1.8253588073395515,-1.6877355114457908,C17
-1.872571222148401,-1.6795118749489815,C17
-2.3808022842070526,-2.3854364617097676,C17
-2.3852082080435824,-2.3549248212922147,C17
-2.3370533856673754,-2.315596128765328,C17
-2.4505062867849867,-2.2851828983675992,C17
-2.330497165895657,-2.328476441399418,C17
-2.4624327428473247,-2.299118419612355,C17
-2.2547690154718594,-2.2696242960793556,C17
-2.291749111408622,-2.2536575359583626,C17
-2.2527436025578558,-2.240614145055617,C17
-2.3896592885478434,-2.2059923951816107,C17
-2.1970895105809602,-2.169367069524892,C17
-2.17204947169737,-2.1745338722841967,C17
-2.2701065960367623,-2.162340632991724,C17
-2.2834124223243077,-2.14912544851455,C17
-2.1673633724032966,-2.1125001228578313,C17
-2.3348882629249488,-2.1080339344350847,C17
-2.6701954778359305,-2.724001204430587,C17
-2.744004273277598,-2.7124792994178493,C17
-2.661145253747677,-2.6481802539033508,C17
-2.7164726351383064,-2.620678102475331,C17
-2.606600304706898,-2.6773460741585544,C17
-2.6470460882899123,-2.6669777877763066,C17
-2.485452247339714,-2.601508493284,C17
-2.5624079677460387,-2.588452812132716,C17
-2.502379350218712,-2.6223333641336506,C17
-2.5103227083363016,-2.6067013496644593,C17
-2.476643793345207,-2.5341008530484332,C17
-2.48758245139916,-2.53147267449844,C17
-2.6088883862971977,-2.540040097361841,C17
-2.634137784597445,-2.50788261908374,C17
-2.3459197646934293,-2.4515105511949673,C17
-2.372839047625224,-2.439249381462923,C17
-3.089962876446949,-3.1431111568311176,C17
-3.111202932543319,-3.1147887932257268,C17
-3.00629930517965,-3.045059087733518,C17
-3.1258662211720276,-3.0175569363054984,C17
-3.128310334314485,-3.096456026559085,C17
-3.1701175535565067,-3.069287281584184,C17
-2.9377941911802874,-2.998387327114167,C17
-3.1236089381808125,-2.985331645962883,C17
-3.0535968661009454,-3.03024561097747,C17
-3.162159138344477,-3.0101013285496,C17
-3.013631406429727,-2.9237614805851475,C17
-3.023054249440758,-2.980543675910267,C17
-2.9935339577507682,-2.9237286087895313,C17
-2.885389015767827,-2.861925880923048,C17
-2.8642314854321778,-2.8439841983702805,C17
-2.110810387952927,-2.037222642135159,C17
-2.0849168983487996,-2.046243183322579,C17
-2.091193400594326,-1.9894369683583852,C17
-2.1002889054288554,-1.9510168384938655,C17
-2.160647671104579,-1.9953820278379732,C17
-2.1024278861742696,-2.0107017332550465,C17
-2.0123337350737254,-1.9680534393226012,C17
-2.0441199137746247,-1.944294452067155,C17
-1.9909742579130898,-1.9002489262626308,C17
-1.9041335465214573,-1.893763739229232,C17
-1.895854449445992,-1.8579090389823174,C17
-1.9637704559137055,-1.8401462190611049,C17
-2.072373037555046,-1.8473421422992613,C17
-2.0685929864434267,-1.8535571461863327,C17
-1.8300318260031077,-1.8177024459394182,C17
-1.7999707334462298,-1.790306634836155,C17
-2.416801226031377,-2.363726957779438,C17
-2.4929541275726743,-2.32709692055898,C17
-2.39211625564301,-2.2729782549071667,C17
-2.4008814349446372,-2.2389700501160745,C17
-2.3147062186132157,-2.3154815211521207,C17
-2.40340290437354,-2.2800051025621526,C17
-2.274578449925741,-2.2399000343627984,C17
-2.3242216583259148,-2.2279212990064368,C17
-2.2164537177296504,-2.2538570719473983,C17
-2.303643611266668,-2.2192353220733914,C17
-2.2867615384543383,-2.1921715582496266,C17
-2.3611115752949243,-2.1861889902274996,C17
-2.3244966152720434,-2.179367290829099,C17
-2.3440935818197848,-2.166152106351926,C17
-2.2414665777627136,-2.139088342528161,C17
-2.2449640662322286,-2.123472783323982,C17
-2.696803942579511,-2.742403297704156,C17
-2.668572703479257,-2.724762995888513,C17
-2.7791077507804807,-2.6489262087709027,C17
-2.7880789156914907,-2.6133178689402152,C17
-2.683191247946978,-2.6950592963687154,C17
-2.7918274733328783,-2.6785726131835625,C17
-2.6597542384320683,-2.601565577088144,C17
-2.7964232250220276,-2.587986706692187,C17
-2.6726410656136697,-2.640066147252999,C17
-2.7772835288524167,-2.624434132783808,C17
-2.6675615400843946,-2.5604684010639787,C17
-2.657182685364267,-2.547824071498269,C17
-2.5434821421947373,-2.57021889130184,C17
-2.6305985863033756,-2.538061413023739,C17
-2.503070351926785,-2.490324110031163,C17
-2.529295570277212,-2.468046789283402,C17
-3.101603954069991,-3.136749474072837,C17
-3.106071873457393,-3.104177909607576,C17
-3.042871802323187,-3.0225634307212146,C17
-3.122628654130226,-2.986955090890527,C17
-3.0942580726083984,-3.0894054727373965,C17
-3.092105164583717,-3.0579875269026253,C17
-2.9329291439546297,-2.9752027990384557,C17
-2.998699066979582,-2.961623928642499,C17
-2.8598063214213685,-3.0453130297451407,C17
-3.0174574176970568,-3.027037943260306,C17
-2.9175736991392283,-2.9442532153961363,C17
-2.9657727392294495,-2.935421334780747,C17
-2.895854449445992,-2.9974802906209725,C17
-2.9657727392294495,-2.940665223500237,C17
-2.8709549401120418,-2.8741089243633207,C17
-3.0070931817766877,-2.85564405256588,C17
-2.940815382368629,-2.9239251278032317,C17
-3.066715227651305,-2.906284825987589,C17
-2.95116991347165,-2.835734091631825,C17
-2.9714287473074625,-2.7811066651422536,C17
-2.86043573382415,-2.8551734369134145,C17
-2.874193541860473,-2.8386867537282616,C17
-2.8190144192132696,-2.761679717632843,C17
-2.761201437286083,-2.729081760578002,C17
-2.8038238149600265,-2.772022850265918,C17
-2.774949303861951,-2.7563908357967266,C17
-2.774690718274137,-2.6924251040768974,C17
-2.815024809301739,-2.664574136802624,C17
-2.8184422261372135,-2.687965770628385,C17
-2.805485658117533,-2.655808292350284,C17
-2.605023280445436,-2.608070989357708,C17
-2.6757175447023074,-2.570587030901383,C17
-3.1807193530275186,-3.1940289897721295,C17
-3.223298816011589,-3.179761434249408,C17
-3.1400815147992844,-3.1034330081248935,C17
-3.1961333657150157,-3.048805581635322,C17
-3.135666944966607,-3.110849720765771,C17
-3.1858190189598132,-3.0977357838735395,C17
-3.188492020054673,-3.01495105600937,C17
-3.2492602487646494,-2.982353098954529,C17
-3.172243137021383,-3.0359895549054117,C17
-3.121765531324956,-3.0360184773631165,C17
-3.0394340971818026,-2.953233749498947,C17
-3.0191788333556646,-2.9253827822246734,C17
-2.997833938243492,-2.9739469920948696,C17
-3.004233220950026,-2.935435933916674,C17
-2.943857737940948,-2.8688796347797574,C17
-2.8989406450918844,-2.8313956763234325,C17
-3.4890530513270273,-3.4689317020912807,C17
-3.4675004139053374,-3.4161050741604893,C17
-3.458545571252411,-3.3443736914696167,C17
-3.392974121565214,-3.30120840136199,C17
-3.4791236183116583,-3.4432329130986283,C17
-3.4373503277880832,-3.391559903798327,C17
-3.337998120610083,-3.3221350353866472,C17
-3.277201603129095,-3.2856104968570405,C17
-3.3937261468300117,-3.363955933044684,C17
-3.415329615535651,-3.333205974381127,C17
-3.3389449151466213,-3.24646490573552,C17
-3.3435184842095014,-3.218665151556201,C17
-3.4174821163959375,-3.3112969739020044,C17
-3.3603143387573184,-3.2536430383127946,C17
-3.3018124301338774,-3.193322047109344,C17
-3.3413209714175514,-3.1633196158430668,C17
-3.8428455600937186,-3.901738326706848,C17
-3.8241983671517206,-3.8280961070915516,C17
-3.839231438138872,-3.770710852054117,C17
-3.732593581247096,-3.7261036327060766,C17
-3.811352704000283,-3.8523619789251313,C17
-3.743763466794077,-3.7798733779403246,C17
-3.715118285344547,-3.6950838400676567,C17
-3.684449465578095,-3.6520753742383647,C17
-3.725611204449621,-3.7594801168098835,C17
-3.686554629573586,-3.6956263758278465,C17
-3.658961368322477,-3.593520637721251,C17
-3.588211995456131,-3.559236956242247,C17
-3.663940722133651,-3.6537135974761576,C17
-3.637894680706227,-3.597841713317995,C17
-3.546528766277064,-3.514849666530658,C17
-3.5397036732425247,-3.4623201047706864,C17
-2.935916564036404,-3.069573388959265,C17
-3.137868620686963,-3.0002848349998135,C17
-2.8880657236673186,-2.943061206595695,C17
-2.9430951486635273,-2.8816348683616835,C17
-3.0400527842915013,-2.9695051420479306,C17
-3.0079769722361496,-2.931146968038763,C17
-2.8738685927380154,-2.8540234258766395,C17
-2.9909742579130896,-2.812242694182728,C17
-2.8541822855081724,-2.8807540717832087,C17
-2.8541822855081724,-2.8432505664900027,C17
-2.8259401922749747,-2.790638999563488,C17
-2.7323590176540846,-2.74773507040735,C17
-2.771599641296995,-2.8034925392702785,C17
-2.8018930011265986,-2.749463570168163,C17
-2.7622050067260773,-2.7130804319689013,C17
-2.7647241233129476,-2.660543511630712,C17
-3.4505062867849867,-3.460415648069425,C17
-3.4366375905133926,-3.3603491880620475,C17
-3.427012291801795,-3.2847021364912683,C17
-3.412962882256544,-3.215845484162164,C17
-3.381951903287907,-3.356120413377055,C17
-3.3763372926437953,-3.2869843333199613,C17
-3.2394267460556057,-3.1901153226862227,C17
-3.227898430722988,-3.1409042768972184,C17
-3.247490599211157,-3.249774916645643,C17
-3.294221787171402,-3.208099814140065,C17
-3.0847585026938056,-3.1112308035063263,C17
-3.226652458019177,-3.0608965602550957,C17
-3.2956778591777645,-3.1759366224437655,C17
-3.2799234272318594,-3.107357543012535,C17
-3.1034186724942674,-3.036908609820953,C17
-3.2168113089247425,-2.9843716894827637,C17
-3.6683702823700677,-3.630938072806118,C17
-3.5943122133272225,-3.500521923797478,C17
-3.561932549546506,-3.4453149413559796,C17
-3.516412703031106,-3.3918950412630315,C17
-3.576262750017671,-3.5257310009941265,C17
-3.490663041982356,-3.4262452319357704,C17
-3.4575480526240234,-3.356277160636924,C17
-3.377785977033705,-3.317005494440857,C17
-3.4685210829577446,-3.41151357598047,C17
-3.4041732229267767,-3.3472689757604375,C17
-3.4500163888403113,-3.259984704227664,C17
-3.3978314486210026,-3.2235676351390907,C17
-3.438779321066056,-3.3376752817785924,C17
-3.394587201846949,-3.2465267046329074,C17
-3.3054825461888435,-3.1856625105422904,C17
-3.2992962828549808,-3.1470427643667587,C17
-3.829151796356691,-3.8288581374318267,C17
-3.784362436564938,-3.7022040048145213,C17
-3.6779875614175994,-3.646412052621227,C17
-3.731656086048935,-3.6211918397005047,C17
-3.7775436633207535,-3.747284218354375,C17
-3.7153437172114843,-3.6515604656873535,C17
-3.6769542645182987,-3.5723370078362677,C17
-3.6449317936511494,-3.545876310955716,C17
-3.707743928643524,-3.6534626364041336,C17
-3.6790233226571765,-3.592980052575436,C17
-3.6276404174756762,-3.4964403944904228,C17
-3.5787252087896535,-3.472834294717365,C17
-3.6447400944726214,-3.585120199820044,C17
-3.5941416006823634,-3.507121298587148,C17
-3.5627252025898763,-3.410581640502135,C17
-3.514704561273911,-3.3847728636421186,C17
-3.5231683714877393,-3.5135727739374567,C17
-3.45917018588892,-3.3831566249288167,C17
-3.4250432242354933,-3.310078046297011,C17
-3.418277840050901,-3.251837353600452,C17
-3.4523483416400307,-3.399773903230402,C17
-3.396855627379818,-3.313464912480562,C17
-3.3027706572402824,-3.2204864200907513,C17
-3.2539109569437996,-3.1935633486546564,C17
-3.3289197672611506,-3.2584802511417155,C17
-3.2802545074704232,-3.2125130118435803,C17
-3.2497230848460075,-3.1195345194537696,C17
-3.2213423680526447,-3.0954660451251685,C17
-3.343997679317043,-3.175421177957635,C17
-3.272458742971444,-3.102549961733847,C17
-3.229516190568892,-3.0323409946451,C17
-3.195383583012745,-3.0060698432295405,C17
-3.6375175252488257,-3.707259927333588,C17
-3.6167233495923496,-3.5806057947162824,C17
-3.589391457431632,-3.518051653966018,C17
-3.5107448316307397,-3.4929218142580836,C17
-3.624885315307775,-3.6151987847268976,C17
-3.5272435506827877,-3.532651810368392,C17
-3.4770344045080135,-3.446666163960336,C17
-3.4240043797967323,-3.4374652276561553,C17
-3.529883646848996,-3.4962989229601624,C17
-3.43937612545007,-3.454093700053362,C17
-3.4295738216410276,-3.3507918534113785,C17
-3.397505931192719,-3.3444455142146916,C17
-3.4861168143889074,-3.4456701707390285,C17
-3.424696666577601,-3.3859486304280297,C17
-3.3171332043376753,-3.2789962316449537,C17
-3.2494916051486538,-3.2704472153613082,C17
-3.874193541860473,-3.8700837274412336,C17
-3.83238732727247,-3.7821517569403817,C17
-3.713768145971447,-3.7184821902217506,C17
-3.6942188487450176,-3.6886013551631254,C17
-3.7587026128900067,-3.800069969520042,C17
-3.682563503464901,-3.725794388437012,C17
-3.6577747706392096,-3.6347205388831476,C17
-3.6296719922204894,-3.616173925504962,C17
-3.7356544929499074,-3.69534476472937,C17
-3.6430185990068686,-3.6348046262624907,C17
-3.605023280445436,-3.526414576474699,C17
-3.553462832926356,-3.510722560204007,C17
-3.6649434805609085,-3.5859991655972987,C17
-3.600326278518962,-3.533440883954294,C17
-3.545612532853045,-3.4405139733446677,C17
-3.474695990041761,-3.4065760767930082,C17
-3.9637704559137052,-4.1380712296008255,C17
-3.949620243738542,-4.021156854873491,C17
-3.923359556329658,-3.9449324449138152,C17
-3.911155437272996,-3.912088592091575,C17
-4.045275209020937,-4.084195013281934,C17
-3.915066425063284,-3.969915158380285,C17
-3.8910968723326866,-3.8828788121392064,C17
-3.815024809301739,-3.8438562580135827,C17
-3.9480760839538935,-4.054228872451997,C17
-3.881735273910521,-3.9085077706876805,C17
-3.8178707859470014,-3.8041552242126744,C17
-3.7667499904588997,-3.7679872671945445,C17
-3.8790971823854727,-3.983487711625445,C17
-3.7923656326110384,-3.845748466685003,C17
-3.780939667551139,-3.7568590593881623,C17
-3.6798537138889458,-3.695282503089208,C17
-3.899629454882437,-3.849632232608289,C17
-3.8016178699917056,-3.6847535043110304,C17
-3.7734000947926427,-3.65176107216052,C17
-3.8350526273781584,-3.785325073534887,C17
-3.7899491501248628,-3.7427704150597463,C17
-3.7609509068598084,-3.643222773455785,C17
-3.7084091743419987,-3.609595427169595,C17
-3.876148359032914,-3.7004992503884844,C17
-3.8063189704587184,-3.678418691243847,C17
-3.7358908436941918,-3.5858860574356437,C17
-3.7323590176540846,-3.539566396599634,C17
-3.7664962396588657,-3.6280129820661786,C17
-3.7619538968712045,-3.600244169854252,C17
-3.6243363860391145,-3.526825227365307,C17
-3.6468534537860204,-3.4751143266094644,C17
-3.8013429130455774,-3.6322416249718357,C17
-3.7404061211140514,-3.5251023792983873,C17
-3.608183076386751,-3.4575889592066327,C17
-3.6455073994105636,-3.3866563970618278,C17
-3.7801536139756395,-3.5610947227123098,C17
-3.6001532872870774,-3.4706506378985256,C17
-3.6294869104014076,-3.3174096127854917,C17
-3.753501419204199,-3.49026463571709,C17
-3.571865205971211,-3.4264831612622486,C17
-3.549135307620234,-3.340752236810883,C17
-3.5350635708782674,-3.266225238758378,C17
-3.632644078973981,-3.4600448604923892,C17
-3.576918041702769,-3.3977219299423562,C17
-3.527097348196336,-3.3119910054909907,C17
-3.48758245139916,-3.2320727675186527,C17
-3.609241471261283,-3.3521918552940506,C17
-3.6115435472997333,-3.19359207204192,C17
-3.379343520180379,-3.1437258162511847,C17
-3.2297372618294067,-3.077075254217594,C17
-3.5332806283184013,-3.306052512973515,C17
-3.515557792357593,-3.1741043627172427,C17
-3.291494119044763,-3.1090604100947896,C17
-3.2885302181256724,-3.042792502016442,C17
-3.4355706730020166,-3.2363889567080024,C17
-3.3622101706377707,-3.131103416810673,C17
-3.218891164270534,-3.0589363158452163,C17
-3.3067128429943446,-2.988691317903925,C17
-3.3864752971463474,-3.213001804753001,C17
-3.401647290130716,-3.1138754302342724,C17
-3.1619699170146798,-3.0511197563940637,C17
-3.1230320325674152,-3.0955845696849336,C17
-3.2428318077857274,-2.9518025479851846,C17
-3.1504577479949836,-2.8213902899558985,C17
-3.0090842454939155,-2.7980617324753214,C17
-3.2358986235237714,-3.0450975388853605,C17
-3.137868620686963,-2.9279671501814697,C17
-3.1296546289190403,-2.782377195320466,C17
-3.194363233694065,-2.7554861337181555,C17
-3.170760571858611,-2.972768243930879,C17
-3.08634506491338,-2.882300465585931,C17
-3.062933687982572,-2.733670703197034,C17
-2.9030899869919438,-2.696138896031501,C17
-3.281332264683789,-2.9476819358368607,C17
-3.0719115403350292,-2.8633733228705136,C17
-3.0807126594956173,-2.7147435604816166,C17
-2.9574244875598095,-2.6718205133962507,C17
-2.2435160355573904,-1.992361421705444,C17
-1.9193735130781941,-1.8318958224770991,C17
-1.7079655640052636,-1.7235916431388816,C17
-1.661145253747677,-1.6178366598237321,C17
-2.0222763947111524,-1.8608155871697813,C17
-1.8551145817128578,-1.6548517068588622,C17
-1.641113795594131,-1.5427817349547848,C17
-1.5723516288130674,-1.422653917520701,C17
-2.0026573093983777,-1.7756942999715795,C17
-1.7064164865038831,-1.5881258551064033,C17
-1.839831707041488,-1.4672926304126688,C17
-1.6287473708750606,-1.3365240674153622,C17
-1.995248844408999,-1.7141025793967837,C17
-2.05124481983173,-1.5368174823149285,C17
-1.678815972697686,-1.4159842576211943,C17
-1.5346171485515816,-1.2798244547040554,C17
-1.6968039425795112,-1.4372764495977397,C17
-1.5503673495299253,-1.349745148181204,C17
-1.2429837652686995,-1.1957690156440686,C17
-1.3374310330667398,-1.071963695614274,C17
-1.6615435063953952,-1.3613889902250194,C17
-1.3338565727084417,-1.2536569375545497,C17
-1.2275315969467195,-1.1154246598485071,C17
-1.000608438280909,-0.9798992083489066,C17
-1.2949063894521269,-1.2743445732181666,C17
-1.1296546289190403,-1.1850079559934399,C17
-1.0806080732261407,-1.0399355553063911,C17
-0.9034375616258645,-0.8937693582435675,C17
-1.458420756053419,-1.223463973598427,C17
-1.199833009798636,-1.1363410352828294,C17
-0.9621752494116581,-0.9912686345957807,C17
-0.9366666410482505,-0.8451024375329573,C17
-0.90204892900585,-0.6374541432462106,C17
-2.3550692920864127,-2.1289687721976214,C17
-2.2346295197083514,-2.1009174834927373,C17
-2.082652062372228,-2.0358299942662823,C17
-2.083546051450075,-1.9721467895024167,C17
-2.2300321986705574,-2.0379271091473146,C17
-2.1666616110606025,-1.9965219391660833,C17
-2.1322379753497995,-1.9427730775061254,C17
-2.064240896254688,-1.8424268621678557,C17
-2.182699121606679,-1.9732082063315384,C17
-2.075307296979814,-1.9318030363503087,C17
-1.9385475209128067,-1.8826379802146582,C17
-1.9374180157718368,-1.7868144248340823,C17
-2.0666139580969456,-1.9337808060353217,C17
-2.045275209020937,-1.892375636054092,C17
-1.9419537696047182,-1.8432105799184415,C17
-1.8904214530956134,-1.7582023201840264,C17
-2.151564544668529,-1.7635913632731754,C17
-2.0248900103138388,-1.7235008237501914,C17
-1.9430951486635273,-1.6827265476075335,C17
-1.747389659432627,-1.5897809377491627,C17
-1.7980569365983499,-1.6763510232453334,C17
-1.680685695909488,-1.622906602446003,C17
-1.6304131092636556,-1.5835144817336484,C17
-1.5608252601565316,-1.4623790226250344,C17
-1.7198771036976923,-1.6116321204295587,C17
-1.6004993386853894,-1.5581876996302284,C17
-1.5499049241283978,-1.5233793844421812,C17
-1.555486793665957,-1.406766585291261,C17
-1.6367641955163061,-1.5816904485165768,C17
-1.5705707356182124,-1.5282460277172465,C17
-1.858236769724212,-1.4934377125291993,C17
-1.470826396738277,-1.3781544806412052,C17
-1.6428277422769664,-1.5498996611955187,C17
-1.5294425147827257,-1.502001539239229,C17
-1.4119525030139173,-1.4319857710355233,C17
-1.3783045376707213,-1.3228275864291095,C17
-1.6363880201078558,-1.5070481979262953,C17
-1.480565805086297,-1.4457961946936593,C17
-1.39211625564301,-1.3771625819202569,C17
-1.2839966563652008,-1.2398145480635998,C17
-1.5511391543925592,-1.4477647754951737,C17
-1.4242350194632807,-1.3865127722625377,C17
-1.2915790998652872,-1.3262788734552493,C17
-1.3025962767995123,-1.193453499556286,C17
-2.06303410289213,-1.4178231035821918,C17
-1.3895527785578787,-1.3565711003495557,C17
-1.4007721372262036,-1.2963372015422674,C17
-1.2690563065722642,-1.178022204505822,C17
-1.853871964321762,-1.230983235789877,C17
-1.4198736745884175,-1.1786214845777265,C17
-1.4116162316212721,-1.147425840266363,C17
-1.3367703654671323,-1.008626104130927,C17
-1.5459177292689101,-1.1904352119292916,C17
-1.3632113109656252,-1.1245683677791065,C17
-1.2304011516125535,-1.0947548788980463,C17
-1.1412823851397083,-0.9586714005325566,C17
-1.461929212956828,-1.1227491193043133,C17
-1.2611401979277999,-1.0568822751541282,C17
-1.1660246287200937,-1.0354685002391821,C17
-0.996970529446382,-0.910387222216592,C17
-1.4640732586044307,-1.0902727461416517,C17
-1.3138107657559763,-1.0244059019914666,C17
-1.1603334431175667,-1.0029921270765212,C17
-1.066765871285192,-0.9076073582676901,C17
-2.2754783728814374,-2.0468798631066973,C17
-1.962972120244225,-1.9152247945815881,C17
-1.8989406450918844,-1.86767928975095,C17
-2.096475935528738,-1.9314167657407717,C17
-1.8735438865681957,-1.757883423789769,C17
-1.739928612014925,-1.7164191863176235,C17
-2.05576415620652,-1.8299428145645056,C17
-1.7969671129852893,-1.6748049080592458,C17
-1.648977147415876,-1.6245774177974432,C17
-1.5830268273969637,-1.5526579967919671,C17
-1.995248844408999,-1.8000011426515237,C17
-1.6899442622491085,-1.640095581778915,C17
-1.7037737127388395,-1.5898680915171122,C17
-1.529295570277212,-1.5125574305918037,C17
-1.5309147008768795,-1.6029060506490798,C17
-1.3943717779923814,-1.4815692307850514,C17
-1.2548471049230996,-1.389731354063503,C17
-1.1972262747080242,-1.3503024923370355,C17
-1.5291486754738823,-1.5050856619650026,C17
-1.317223353685566,-1.341870568675081,C17
-1.2250453109198614,-1.2462668993876729,C17
-1.1181020264269887,-1.192465203542271,C17
-1.4346244972859263,-1.4199643747668007,C17
-1.2499546879882324,-1.275144716922622,C17
-1.1373320497714121,-1.1707777948455569,C17
-1.079981083971085,-1.1063353534369322,C17
-1.4052760535902533,-1.4040437393352154,C17
-1.2097148359667584,-1.2544564271236878,C17
-1.0983237686736242,-1.1500895050466229,C17
-1.036259381142116,-1.0802558237181654,C17
-1.236122968504345,-1.1877032921787385,C17
-1.0932341104592722,-1.11610624845653,C17
-1.0016534626036355,-0.9636909443344185,C17
-0.9288547095489171,-0.9201416197142833,C17
-1.2229358452575705,-1.1482354399325054,C17
-0.9665762445130504,-1.060057652613044,C17
-0.8706324042770144,-0.9233862033220256,C17
-0.7423214251308154,-0.8681167472320837,C17
-1.1179880383733414,-1.0611910229256527,C17
-0.8632794328435932,-0.9914086710519348,C17
-0.7574585717016158,-0.8478970987799095,C17
-1.124765053549835,-1.030897317871328,C17
-0.8407336689065058,-0.9608223230264468,C17
-0.713768145971447,-0.8173107507544219,C17
-0.9310723883179282,-0.8346356977592491,C17
-0.7721132953863264,-0.7376774775440728,C17
-0.8551145817128577,-0.7638895207107723,C17
-0.7814644947834721,-0.7109718202774528,C17
-0.7115271994002175,-0.6806781152231287,C17
-2.2123978538176625,-2.4805918885653417,C18
-2.1440570537676837,-2.4637715543616023,C18
-1.947306058075032,-2.402665469280667,C18
-2.0498299401918,-2.0025707419625696,C18
-1.6138578910691814,-1.9278703581254093,C18
-1.8317972531573692,-1.9247845998614872,C18
-1.9125735429637145,-1.8801123364834345,C18
-1.8474059220725303,-1.8326642076358424,C18
-1.4668637117213612,-1.229476455672518,C18
-1.4126258279269346,-1.4147477294389545,C18
-1.50265561898242,-1.2204013920744952,C18
-1.3504704340521811,-1.1749106576211013,C18
-1.5106040782728705,-1.1442068878977114,C18
-1.0633857380247886,-0.959772507698578,C18
-1.2113367868791425,-1.1159694899632016,C18
-1.1249387366083,-0.9703595644323689,C18
-1.067779986122881,-0.9131956953775467,C18
-2.40340290437354,-2.639164868934546,C18
-2.38933983691012,-2.5167981191673268,C18
-2.43297363384094,-2.4093930171893168,C18
-2.4609239012072233,-2.6458027465000353,C18
-2.3344190089820467,-2.542635813987336,C18
-2.284832642151542,-2.465880329874339,C18
-2.201349354554731,-2.4356726054641467,C18
-2.46344155742847,-2.6323143491184697,C18
-2.3169529617611504,-2.5229108830104714,C18
-2.2388241868442686,-2.438667001825656,C18
-2.2041199826559246,-2.4112622222258273,C18
-2.3861581781239307,-2.6343839352272673,C18
-2.183758700008217,-2.5492183937754938,C18
-2.115771230367396,-2.4700517699040554,C18
-2.213958789757446,-2.4366330100990794,C18
-2.7904849854573692,-2.93180667967781,C18
-3.0,-2.8978718330836566,C18
-2.515700160653214,-2.8687187655824764,C18
-2.7644715530924513,-3.051612117857502,C18
-2.6757175447023074,-2.941144918760784,C18
-2.7721132953863266,-2.9072100721666305,C18
-2.673664139071249,-2.878498898120271,C18
-2.815308569182401,-3.026613888752275,C18
-2.5257837359237447,-2.909910156060258,C18
-2.4509967379742124,-2.8684869123942867,C18
-2.6439741428068775,-2.8464048008710168,C18
-2.6090648928966207,-3.005634036981548,C18
-2.492144128304169,-2.9115567432800713,C18
-2.406713932979543,-2.8752107569274767,C18
-2.505845405981557,-2.8471146651990598,C18
-2.896196279044043,-3.2346825810220206,C18
-3.1605219526258015,-3.325178122896468,C18
-2.8041003475907664,-3.281472376232892,C18
-2.8013429130455774,-3.387528837586792,C18
-2.9430951486635273,-3.2270302894407688,C18
-2.87942606879415,-3.2426351610452517,C18
-2.899629454882437,-3.2062405806901175,C18
-2.7931741239681505,-3.8000019417513697,C18
-2.785156151952302,-3.6603350282302793,C18
-3.070070439915412,-3.5924586355743453,C18
-3.4989407377822483,-3.8235035193306337,C18
-3.3872161432802645,-3.6779526525819963,C18
-3.3115801779972895,-3.616965119160421,C18
-3.303643611266668,-3.5950444518705615,C18
-3.489454989793388,-3.804985400329737,C18
-3.396855627379818,-3.665102072592568,C18
-3.39040559077478,-3.6176280898201503,C18
-3.2932822176632413,-3.5931095902765655,C18
-3.421360790031928,-3.7467106995474775,C18
-3.2873502983727887,-3.6182967691048433,C18
-3.3133637307377066,-3.5722075993720392,C18
-3.2865094569060576,-3.544026820469363,C18
-3.4225082001627745,-3.700262394441765,C18
-3.3410351573355648,-3.6046066336045417,C18
-3.316052869248488,-3.5766134710575237,C18
-3.176525770829699,-3.5479008063046544,C18
-3.9746941347352296,-4.0848606936631535,C18
-3.876148359032914,-3.867048667874136,C18
-3.8068754016455384,-3.819732445782535,C18
-3.85078088734462,-3.78859057860671,C18
-3.899629454882437,-4.060053906542569,C18
-3.7520267336381936,-3.8709699357977323,C18
-3.709965388637482,-3.804976369190565,C18
-3.6055483191737836,-3.7712366697610147,C18
-3.779891911959945,-3.984851335740501,C18
-3.653647025549361,-3.832516509837634,C18
-3.583359492661719,-3.7679077562700805,C18
-3.552841968657781,-3.7305057774814383,C18
-3.774690718274137,-3.9584383627107873,C18
-3.619788758288394,-3.8127028763842805,C18
-3.6108339156354674,-3.766190130002513,C18
-3.517126416391246,-3.737477465249644,C18
-4.238824186844268,-4.22739328056125,C18
-3.987162775294828,-4.05383642935286,C18
-3.899629454882437,-3.9926683318729403,C18
-3.9208187539523753,-3.975927622364991,C18
-4.145693958198919,-4.208764023961854,C18
-3.8664610916297826,-4.063935227797645,C18
-3.7986028756795487,-3.9840897858021607,C18
-3.7721132953863266,-3.9714695846889434,C18
-3.958607314841775,-4.184199511262993,C18
-3.899629454882437,-4.035501325448031,C18
-3.9172146296835497,-3.9456065281260644,C18
-3.835647144215563,-3.9326379024302374,C18
-3.9507819773298185,-4.1350348934631,C18
-3.8210230527068307,-3.9878670918726993,C18
-3.85078088734462,-3.916068301736518,C18
-3.677780705266081,-3.915725611709721,C18
-4.580044251510242,-4.603379970170875,C18
-4.275724130399211,-4.41828076250995,C18
-4.33913452199613,-4.335191670426892,C18
-4.140861702705469,-4.309659692285697,C18
-4.403402904373539,-4.636511086546001,C18
-4.325138859262188,-4.486412051528543,C18
-4.262807357295263,-4.378373497330632,C18
-4.083019952679618,-4.369403603216298,C18
-4.2564902352715706,-4.655354974460648,C18
-4.139063379299906,-4.51452523431704,C18
-4.047207556955908,-4.402709442391933,C18
-4.035269078946371,-4.390077268918509,C18
-4.293282217663242,-4.567662067883189,C18
-4.104577453960592,-4.4448920896442425,C18
-4.002613615602686,-4.345044130950329,C18
-3.9208187539523753,-4.301715097387281,C18
-5.190642329788894,-4.654268376114233,C18
-4.989276134608227,-4.473463878283282,C18
-4.968591535748375,-4.380996265623541,C18
-4.795066477645856,-4.373884395196332,C18
-4.856360764725457,-4.665234363358804,C18
-4.745451922891026,-4.497354821116916,C18
-4.73754891026957,-4.392190439946168,C18
-4.783834097714007,-4.38178320118749,C18
-4.693146251306992,-4.5995256034441265,C18
-4.596707854841746,-4.441485249393037,C18
-4.380384994257193,-4.329630138014286,C18
-4.234927798897208,-4.314061559341996,C18
-4.626720106722504,-4.551037711936567,C18
-4.523748203992967,-4.39603983410837,C18
-4.353792387793315,-4.284184722729619,C18
-4.2789316982028405,-4.26641057892603,C18
-4.786482243003695,-4.304219531279492,C18
-4.563519304990505,-4.220686314453979,C18
-4.884056823060945,-4.198039077324399,C18
-4.875169850586141,-4.19092720689719,C18
-4.653647025549361,-4.282532577707872,C18
-4.262409833714279,-4.176580310830835,C18
-4.108685600617857,-4.166173072072158,C18
-4.306976932076306,-4.191613143121368,C18
-4.239125361947811,-4.114242145780812,C18
-4.028445846553939,-4.072207409932223,C18
-3.988006885340743,-4.056638831259933,C18
-4.250572900878251,-4.169574676570761,C18
-4.065047292182142,-4.095246155453098,C18
-4.186419011431808,-4.053211419604508,C18
-3.958212681028248,-4.03543727580092,C18
-3.975104039892515,-3.990120348978874,C18
-3.938170692705301,-3.9251225470134044,C18
-3.971022294791222,-4.058281679149894,C18
-3.9858996784803793,-4.002724944717394,C18
-3.904481957676849,-3.9686615824853106,C18
-3.7937139555875676,-3.9003684121883726,C18
-3.9991322784687733,-4.088464783722217,C18
-3.8989406450918844,-4.012330911602719,C18
-3.6414940885097646,-3.9715768191626326,C18
-3.754240644032723,-3.8981223089520824,C18
-3.6587633767613075,-3.999648146892174,C18
-3.6405439798790136,-3.9265567509955694,C18
-3.5782315987930757,-3.885802658555486,C18
-3.4056074496245734,-3.8101425832136355,C18
-4.897909474488164,-4.4328666836094515,C18
-4.655018586072742,-4.358939543943068,C18
-4.5120136688706065,-4.351827673515859,C18
-4.80799040734633,-4.624637168684973,C18
-4.538951908329342,-4.4567576264430855,C18
-4.599634726650061,-4.370133718265695,C18
-4.146910470148135,-4.359726479507017,C18
-4.770062314092066,-4.544327677957582,C18
-4.5161275457773264,-4.390226977816094,C18
-4.432620692349022,-4.296912339430701,C18
-4.133299243957501,-4.2813437607584115,C18
-4.570086302236246,-4.515070446979934,C18
-4.34084471905937,-4.364012223061339,C18
-4.229442525149005,-4.282665417907141,C18
-4.053547734986927,-4.264891274103552,C18
-4.650722472532045,-4.2585229967887885,C18
-4.297569463554475,-4.2313321923207035,C18
-4.125924254776965,-4.224220321893495,C18
-4.385841290490825,-4.320369260042682,C18
-4.309095445945033,-4.249760998806232,C18
-4.162348442153608,-4.20987342582714,C18
-4.0835460514500745,-4.199466187068462,C18
-4.351639989019068,-4.229449825456178,C18
-4.252355180671752,-4.152078828115622,C18
-3.940058111938045,-4.1055005249285275,C18
-3.857610533881164,-4.089931946256238,C18
-4.33771448427787,-4.20944906515163,C18
-4.050122295963125,-4.135120544033967,C18
-3.905528871358355,-4.100510074078067,C18
-3.7801536139756395,-4.0827359302744775,C18
-3.9034375616258643,-3.9728467553460285,C18
-3.8341623753098717,-3.896712883226529,C18
-3.8105096863006325,-3.85141522344794,C18
-3.8224635000701377,-3.788699443134722,C18
-3.9010103605988227,-3.893262421995291,C18
-3.849243560139691,-3.820171026098685,C18
-3.8190144192132696,-3.78684119955129,C18
-3.8535618647142256,-3.721919854106772,C18
-3.3419886033428874,-3.187062314836621,C18
-3.2652001704111533,-3.204143998029611,C18
-3.490797477668897,-3.2014484945756383,C18
-3.254144804826271,-3.081813692870952,C18
-3.2975694635544746,-3.1446741358735886,C18
-3.1904402853647325,-3.069791220962248,C18
-3.095284454721319,-3.149582559274248,C18
-3.27083521030723,-3.17225249825281,C18
-3.2306226739238615,-3.161100286553756,C18
-3.354577730650908,-2.9904603693355245,C18
-3.279014255846261,-3.0561831733423124,C18
-3.1999706407558657,-3.0788531123208744,C18
-3.3429441471428962,-3.0990457890444647,C18
-3.2403321553103694,-2.952021129236473,C18
-3.183758700008217,-2.9659115729458945,C18
-2.9469215565165805,-2.905329936215708,C18
-3.234331445240986,-2.9026344327617353,C18
-3.216096420727265,-2.9267179487288315,C18
-3.1084625423274357,-2.8711665174178638,C18
-3.1278437272517072,-2.865175645632423,C18
-3.0114410431213843,-2.8919494604813125,C18
-2.9507819773298185,-2.926119149321579,C18
-2.9829666607012197,-2.838949503196502,C18
-2.9871627752948275,-2.8277972914974483,C18
-3.0296531237699065,-2.889155007562034,C18
-3.0132282657337552,-2.917703440862164,C18
-2.9546770212133424,-2.8212272528469127,C18
-2.9136401693252516,-2.823453279594587,C18
-2.958607314841775,-2.5863119268669594,C18
-2.8096683018297086,-2.614061838699959,C18
-2.8239087409443187,-2.550226347341767,C18
-2.7235381958267557,-2.4898900822288303,C18
-2.8068754016455384,-2.5741134969303294,C18
-2.752026733638193,-2.5132914040827123,C18
-2.709965388637482,-2.4718821349494062,C18
-2.856985199745905,-2.5406220223927307,C18
-2.749579997691106,-2.5655906633238637,C18
-2.6989700043360187,-2.4723089959410434,C18
-2.6989700043360187,-2.448272644519553,C18
-2.744727494896694,-2.5571749548644487,C18
-2.6757175447023074,-2.454586745591454,C18
-2.6757175447023074,-2.4439286326166916,C18
-2.6108339156354674,-2.18917399260805,C18
-2.4828041020500256,-2.2451002972330754,C18
-2.607303046740334,-2.2094471724762994,C18
-2.423658649794207,-2.191397890168139,C18
-2.6556077263148894,-2.1668817795287065,C18
-2.4461169733561254,-2.22209290036113,C18
-2.3010299956639813,-2.189453174114929,C18
-2.3635121036466344,-2.164788264105825,C18
-2.595166283380062,-2.166097272228342,C18
-2.272458742971444,-2.1910659131594747,C18
-2.424812155072339,-2.1367592672952553,C18
-2.3535962737769305,-2.129467274997967,C18
-2.5257837359237447,-2.1684423890963322,C18
-2.4365189146055894,-2.187789774487329,C18
-2.370590400897281,-2.1219172346394974,C18
-2.2958494831602008,-2.128003480788937,C18
-3.416801226031377,-3.6819753330174154,C18
-3.3429441471428962,-3.595201336348521,C18
-3.348721986001856,-3.5060962631620876,C18
-3.2291479883578558,-3.4496298748230623,C18
-3.447331783887807,-3.675826486614825,C18
-3.3767507096020997,-3.5887394529528405,C18
-3.213958789757446,-3.519128506420123,C18
-3.1951793212788377,-3.4555843832686546,C18
-3.319664486585437,-3.6002050564912067,C18
-3.2464169411070936,-3.532242227989246,C18
-3.1681302257194983,-3.451377435143837,C18
-3.1450869776921446,-3.399070945899525,C18
-3.3080348972326394,-3.5405860943937504,C18
-3.2410881076020264,-3.5105941972475576,C18
-3.2006594505464183,-3.4478254115879348,C18
-3.0985416786038877,-3.39498703649343,C18
-3.8239087409443187,-4.03014852186971,C18
-3.6819366650372385,-3.8494465063794654,C18
-3.586700235918748,-3.804399228331112,C18
-3.552841968657781,-3.7441898676037395,C18
-3.779891911959945,-4.010736144450823,C18
-3.630784142589857,-3.8527816080002015,C18
-3.5228787452803374,-3.7950375614408403,C18
-3.5391021572434522,-3.7277504659010248,C18
-3.6819366650372385,-3.9065482827280777,C18
-3.614393726401688,-3.7952756253511493,C18
-3.54515513999149,-3.723999806112862,C18
-3.485452247339714,-3.667950344480203,C18
-3.7520267336381936,-3.872778452848968,C18
-3.5816987086802543,-3.773317896798757,C18
-3.5100415205751654,-3.7201380847462557,C18
-3.39040559077478,-3.6727779371493696,C18
-4.259637310505756,-4.253085600721719,C18
-3.9430951486635273,-4.117233256566085,C18
-3.9788107009300617,-4.072690698697991,C18
-3.853871964321762,-4.041782408904744,C18
-4.098541678603888,-4.208082764769847,C18
-3.9208187539523753,-4.094977899653833,C18
-3.9746941347352296,-4.037738573274733,C18
-3.844663962534938,-3.9997525486690404,C18
-3.9706162223147903,-4.129999110427699,C18
-3.8728952016351923,-4.034409640875755,C18
-3.8181564120552274,-3.962389269244847,C18
-3.75448733218585,-3.9240548200565457,C18
-4.001304841688344,-4.0553898970960764,C18
-3.8239087409443187,-3.966543573519052,C18
-3.7423214251308154,-3.91261920907393,C18
-3.709965388637482,-3.886910695554659,C18
-5.05700040663396,-4.683771111214975,C18
-4.492144128304169,-4.497870445070017,C18
-4.847711655616943,-4.436573667894524,C18
-4.379863945026242,-4.417345912699985,C18
-4.928117992693875,-4.645435630151451,C18
-4.45717457304082,-4.482282443046114,C18
-4.454692883534176,-4.408288897359613,C18
-4.247183568811729,-4.39442498298476,C18
-4.46344155742847,-4.591826786235836,C18
-4.357535479757878,-4.465599796818459,C18
-4.241088107602026,-4.3768252058801504,C18
-4.159266765388193,-4.359299012146206,C18
-4.453457336521869,-4.477686968403544,C18
-4.248720896016658,-4.374732502641186,C18
-4.277366077466188,-4.297925744934072,C18
-4.107905397309519,-4.249702691110502,C18
-3.55129368009492,-3.914598831295972,C18
-3.430626090384954,-3.640996959972893,C18
-3.5243288116755704,-3.889013813055689,C18
-3.486782399932061,-3.7685663040067645,C18
-3.382999658879101,-3.6151567488537317,C18
-3.537602002101044,-3.8996744423097134,C18
-3.428291168191312,-3.7644458880089804,C18
-3.3429441471428962,-3.622185667375397,C18
-3.5016894462103996,-3.867968372133089,C18
-3.378823718224965,-3.74470765106355,C18
-3.277366077466188,-3.5990521297396296,C18
-3.7166987712964503,-4.054023747270506,C18
-3.6478174818886377,-3.914337523257158,C18
-3.5466816599529625,-3.734627105045003,C18
-3.9788107009300617,-4.258056220314382,C18
-3.703334809738469,-4.036914045436123,C18
-3.5331323796458904,-3.884531052911767,C18
-3.4584207560534193,-3.7172622103317416,C18
-3.9507819773298185,-4.2750546714218505,C18
-3.657577319177794,-4.06375168473439,C18
-3.6439741428068775,-3.9052228879996704,C18
-3.462180904926726,-3.7491033799390947,C18
-3.6903698325741012,-4.032045614557765,C18
-3.580044251510242,-3.8854846510542402,C18
-3.3635121036466344,-3.7411164679359814,C18
-3.7825160557860937,-3.8963326815828463,C18
-3.85078088734462,-4.17263333309409,C18
-3.8927900303521317,-4.0516647310835445,C18
-3.712198270069774,-3.8751326391124152,C18
-4.096910013008056,-4.365305983609771,C18
-3.779891911959945,-4.07513492078662,C18
-3.625251653989896,-3.9097521633349417,C18
-4.152427340857888,-4.3155401515284835,C18
-3.8664610916297826,-4.155525971149137,C18
-3.7423214251308154,-4.040379398159421,C18
-3.6345120151091,-3.872791075576444,C18
-3.8664610916297826,-4.192882317361447,C18
-4.088842391260023,-4.2727767091410245,C18
-3.9281179926938745,-4.141639490708123,C18
-3.8728952016351923,-3.965107398736993,C18
-4.320572103387881,-4.437894941597244,C18
-4.071092309756048,-4.279854587546154,C18
-4.5638373529592435,-4.3881291095159565,C18
-4.105130343254747,-4.23313123168776,C18
-3.8927900303521317,-4.106817602706023,C18
-3.4478186611606643,-3.5798665973991945,C18
-3.281415279972564,-3.4726287106347566,C18
-3.230179742236408,-3.4256102267954827,C18
-3.2102783060190783,-3.401797885295271,C18
-3.4201021303968964,-3.588833928969341,C18
-3.3079466349659192,-3.4872635812163715,C18
-3.2761340355564963,-3.437277919883114,C18
-3.1921944677293754,-3.413907471837723,C18
-3.2556287726681394,-3.5202216288156998,C18
-3.3091839420190845,-3.430120678357265,C18
-3.285586407712879,-3.383528580639304,C18
-3.117703199062348,-3.3564958532348212,C18
-3.3257820544233,-3.500511219702569,C18
-3.1278437272517072,-3.417018748873586,C18
-3.1393625832262453,-3.3885226583414108,C18
-3.1225134719303984,-3.3609580450867353,C18
-3.874518734299406,-3.8039622853093658,C18
-3.4870489200275094,-3.610545822788999,C18
-3.494850021680094,-3.5775122814028215,C18
-3.5448504788201722,-3.7085837941422906,C18
-3.4418916983694503,-3.6396561431639527,C18
-3.473789996158336,-3.607064495232596,C18
-3.5379016188648444,-3.7843368606775214,C18
-3.4762535331884354,-3.673822444802488,C18
-3.368049173740783,-3.6082883574394464,C18
-3.339893778276756,-3.572034430148998,C18
-3.5553307690614755,-3.7661145867827526,C18
-3.4530873568187577,-3.6554233617386394,C18
-3.410273743745763,-3.6079852815613838,C18
-3.336959025106026,-3.5804206683067084,C18
-3.809388202186395,-3.9562916453652743,C18
-4.154715873652009,-4.15365665060724,C18
-3.9542859410591324,-4.036296227219873,C18
-3.767512133647014,-3.954442034648707,C18
-3.860750782428393,-3.9429698850336834,C18
-3.9738754832545498,-4.119608358661131,C18
-3.8941493256148565,-4.001844290523165,C18
-3.783570169123749,-3.908483748301045,C18
-3.7926349625309284,-3.896663174103412,C18
-3.8904214530956134,-4.082620999920255,C18
-3.784362436564938,-3.8803600723010034,C18
-3.7349462114959855,-3.8811654337724004,C18
-4.641874714723351,-4.555107859381463,C18
-4.377682339166156,-4.363330926415051,C18
-4.324680016660708,-4.2782330837563105,C18
-4.3281794398167515,-4.250809431404764,C18
-4.4061603389187285,-4.587414359910771,C18
-4.536405597812999,-4.4306375995878255,C18
-4.262409833714279,-4.320590294814232,C18
-4.305482546188844,-4.3127684521980925,C18
-4.1719204094432545,-4.318417616708344,C18
-4.070223567195098,-4.306933494733114,C18
-4.424004379796733,-4.509550256576925,C18
-4.159642940796644,-4.380102553032491,C18
-4.146606022549334,-4.280254594338578,C18
-4.0720653182588205,-4.238073612273723,C18
-4.03263926003405,-4.066361949654712,C18
-3.812761380168521,-3.9183855866561106,C18
-3.7833064008302455,-3.887369317244677,C18
-3.784362436564938,-3.8649436827130232,C18
-3.9480760839538935,-3.932106755594802,C18
-3.8434508486682186,-3.8883937176723604,C18
-3.755228238504705,-3.8588903483282637,C18
-3.8395314688809625,-3.9818348661953498,C18
-3.718285029972704,-3.8826326079078766,C18
-3.7318902701915215,-3.825387797306509,C18
-3.673050005834001,-3.7922221486033205,C18
-3.7872798455821575,-3.932110161886202,C18
-3.7392133313450238,-3.8447200049254464,C18
-3.7584535194034516,-3.805571201509865,C18
-3.6369524054789064,-3.779862687990594,C18
-4.248489949729959,-4.067826152556997,C18
-4.180719353027519,-4.32623540952822,C18
-4.117931055563852,-4.166831958849173,C18
-4.101549080801625,-4.051944041175971,C18
-4.191518943434049,-4.045317720046457,C18
-4.1090204030103115,-4.296250581353444,C18
-4.042201225070002,-4.170031770314354,C18
-3.9037854146535946,-4.040362807389345,C18
-3.7619538968712045,-4.030074206900739,C18
-3.8941493256148565,-4.1170944431661365,C18
-3.8164454663811385,-3.9993933134723205,C18
-3.7931741239681505,-3.9551644075648724,C18
-4.5583048643592825,-4.643707170653057,C18
-4.186886245992102,-4.43222119425977,C18
-4.798329820353419,-4.357383173024103,C18
-4.577082019232337,-4.617872706682574,C18
-4.417255034308723,-4.429134209328908,C18
-4.785156151952302,-4.341599419582233,C18
-4.56336036830734,-4.312103650063442,C18
-4.787279845582158,-4.424381757919337,C18
-4.270673190353139,-4.310636897401093,C18
-4.206838470754449,-4.277478848523209,C18
-4.304781081094849,-4.504447588571605,C18
-4.0728350257006305,-4.375907812560918,C18
-4.224025668870631,-4.274130785273868,C18
-4.1876883908688765,-4.237577435705647,C18
-4.567351339986893,-4.762408827718467,C18
-4.634699251362012,-4.737895615060249,C18
-4.494985759915893,-4.474283749479268,C18
-3.147276089208794,-2.947860787206348,C18
-3.1307095957906017,-2.9200311147586073,C18
-3.2290007948360593,-2.900505767225539,C18
-2.625618301949118,-2.8612459281703715,C18
-2.7088532382681145,-2.920751227079156,C18
-2.617802789622546,-2.7529157766365797,C18
-2.684029654543082,-2.825475125191602,C18
-2.661543506395395,-2.786863088452877,C18
-2.6567884098202526,-2.730445225345626,C18
-2.621420423884225,-2.77960829222872,C18
-2.5356595153723327,-2.790878706542379,C18
-2.378408324140782,-2.7978215527969295,C18
-2.5734887386354246,-2.775852409587207,C18
-2.7401673009365166,-2.725215445041872,C18
-2.3363932918754795,-2.7588311915956405,C18
-2.5765902722669067,-2.7536610875620897,C18
-2.700274846024363,-2.7275981321724654,C18
-2.673664139071249,-2.7281173200380144,C18
-2.7104110474574035,-2.7691235534265153,C18
-2.597222930389653,-2.744866760187308,C18
-2.5076587467450255,-2.670300892322956,C18
-2.6192462291961,-2.725830901072746,C18
-2.656394491895828,-2.7612158789211105,C18
-2.573001041243463,-2.7276525437917285,C18
-2.460422116654691,-2.666464914374105,C18
-2.4890530513270273,-2.1505484455255726,C18
-2.26082336808927,-2.169046489580426,C18
-2.2543787786930616,-2.1510867784868095,C18
-2.2163107636526838,-2.163178282776016,C18
-2.363211310965625,-2.189066813665602,C18
-2.332360293943589,-2.0409192424757943,C18
-2.302160631781637,-2.1608918638107477,C18
-2.2327699018892817,-2.181159139160197,C18
-2.2834124223243077,-2.097148221504137,C18
-2.0900697402471695,-2.037083264526943,C18
-2.0548762298778804,-1.621994148878607,C18
-1.7859513205880586,-1.5777213564132058,C18
-1.7269987279362624,-1.6911691134728084,C18
-1.9488474775526188,-1.6088160589631846,C18
-1.7223907856959089,-1.5916712187578357,C18
-1.8594919569618205,-1.5609410373074148,C18
-0.5657505476035245,-0.6195730443681382,C18
-0.35664603802313705,-0.5381232026181103,C18
-0.273191317475036,-0.5388169560194369,C18
-0.40483458520977045,-0.6230088097154497,C18
-0.31452698027724074,-0.4946313602729971,C18
-0.19497515557019476,-0.5131945788022827,C18
-0.16857818293497784,-0.17796274580517596,C18
0.07114529045108281,-0.03135759595366611,C18
-0.09739886933346868,-0.19755515908342405,C18
0.17435059747937998,-0.012390287704774308,C18
-0.08013774644446195,-0.16519689381415073,C18
0.20030318298158503,0.05550738431748443,C18
0.01911629044707278,-0.002833448818618905,C18
0.22530928172586284,0.08797741076965881,C18
0.2013971243204515,0.21672000470825173,C18
0.05994188806195468,-0.03170831371192438,C18
0.2964457942063963,0.15262792802991407,C18
0.44963265047007456,0.25786212035150063,C18
0.14736710779378645,0.14138938160938178,C18
0.5020172148271475,0.3502961155520898,C18
0.19728055812561932,0.13796887093128507,C18
0.6162654052817081,0.37726769357040835,C18
0.28420506770179416,0.13431311337901103,C18
0.6519560695330743,0.4176973853873057,C18
-0.055665408029217885,-0.00897784678284903,C18
0.05652372407910037,0.07094346968681535,C18
-0.0890022836893572,0.17757626219788578,C18
-0.1708892898447054,-0.05890168852817865,C18
0.15350998930083753,0.10131780199196853,C18
0.18864729599971736,0.1878466259874256,C18
0.08778141780954238,0.16773144322650735,C18
0.34183005692051033,0.333151276150374,C18
0.21932250841933676,0.20014020439034932,C18
0.40191725051757465,0.39239381842789084,C18
0.19865708695442263,0.19737785056082743,C18
0.4753805931433612,0.42745244654859593,C18
0.3042750504771283,0.3649864335507902,C18
0.424881636631067,0.42578647212198195,C18
0.5330090224954854,0.5207834991273683,C18
0.395501124305626,0.38956292118505237,C18
0.5749567757645068,0.522218238945212,C18
0.6481647785740011,0.6100147498255323,C18
0.5496162395190853,0.5616480207899522,C18
0.4352071032407476,0.7143385718971941,C18
0.5198279937757188,0.6078700246691793,C18
0.7458551951737289,0.7751768268541068,C18
0.6973165417323833,0.6299214294007633,C18
0.8069935136821073,0.7966430625094449,C18
-0.3526170298853802,-0.33248287764851286,C18
-0.30373100325446717,-0.2903449448680057,C18
-0.2575105354182249,-0.2527234163735155,C18
-0.2594794139463353,-0.26355024293351503,C18
-0.20190206793751406,-0.2218974025764561,C18
-0.17140454362829763,-0.13346405425048774,C18
0.14674801363063983,0.03560213220132719,C18
0.2732328340430456,0.21653093378154545,C18
0.20057692675484817,0.058515738734260636,C18
0.30556631351530394,0.2046362859429994,C18
0.2469906992415498,0.08541229430993028,C18
0.353916230920363,0.2683862155762693,C18
0.33223641549144334,0.3005648665322142,C18
0.43232779226160417,0.4444238241515884,C18
0.4998244958395797,0.5078213877889292,C18
0.45773054824599846,0.4011917772883148,C18
0.5608626947274648,0.5156410106309841,C18
0.61689542640076,0.5840866992795473,C18
0.458788881710845,0.3773561688357477,C18
0.7263196121107753,0.43629092819463733,C18
0.926342446625655,0.4701263366937071,C18
1.0711452904510828,0.6390803343728015,C18
-0.30320691491825574,-0.15847554799301544,C18
-0.180192935409244,-0.09072394999212846,C18
-0.12819363554127064,-0.07233798582949715,C18
-1.1555849595261756,-0.17682751022637352,C18
0.05614226205905233,0.04773464010527648,C18
0.23477029516091652,0.1799699245203852,C18
0.10890312766731332,0.0495748610399217,C18
0.2933625547114455,0.20670948555773674,C18
0.15503222879097026,0.0587019824328586,C18
0.3364597338485295,0.25585458196906496,C18
0.42324587393680785,0.3860127843708875,C18
0.46284703583167375,0.45266457688440015,C18
0.5674968911042226,0.5352304406172227,C18
0.5464192668351917,0.4217903922184304,C18
0.6396856612426814,0.5300549160629109,C18
0.6803355134145632,0.6188573020884969,C18
0.4369573306694496,0.5631474920089827,C18
0.6039018317316714,0.7043215114212125,C18
0.5379449592914869,0.597967618055911,C18
0.7715874808812554,0.7584131627262288,C18
0.6079908585471748,0.6109586431015575,C18
0.7785130117389248,0.7777692863514916,C18
-4.061280185217617,-4.0040163993154305,C19
-3.939679971311715,-3.87412338354512,C19
-3.889410289700751,-3.817885416010661,C19
-3.8579235389267152,-3.811260532583693,C19
-4.026825947317028,-3.996652373654603,C19
-3.8992849134269183,-3.889390906967515,C19
-3.817585347565446,-3.8208003670182116,C19
-3.8170150329964185,-3.7995830865931985,C19
-3.955460239607589,-3.948641106060096,C19
-3.824488186636552,-3.825202925481654,C19
-3.7488486568246455,-3.773941430709728,C19
-3.7721132953863266,-3.7406361982909107,C19
-3.8999742698921374,-3.944859997588575,C19
-3.769040444251431,-3.8271306029920518,C19
-3.7198771036976925,-3.7981616747232723,C19
-3.682563503464901,-3.748166259768592,C19
-4.28878347567891,-4.189208448696096,C19
-4.151256818104316,-4.080447626945781,C19
-4.287434472126692,-4.061389894117291,C19
-4.242603971206976,-4.233759938832934,C19
-4.0918904596074475,-4.132337370797536,C19
-4.010683695010049,-4.1009270655542025,C19
-4.017321806616516,-4.051441108863727,C19
-4.183825009571199,-4.180400013519851,C19
-4.02323747673254,-4.077349989759118,C19
-3.9746941347352296,-4.060984029271817,C19
-3.9706162223147903,-3.9994101205875383,C19
-4.136320332124102,-4.174795021610448,C19
-3.962175249411658,-4.0774537838316345,C19
-3.9215431819467073,-4.074552995876753,C19
-3.9229956732066498,-3.996288904656611,C19
-4.546223140309558,-4.634314734370289,C19
-3.8948305720006684,-4.480303759669656,C19
-3.736363931411892,-4.428941955288738,C19
-3.6970200632517507,-4.372216277452226,C19
-3.811352704000283,-4.447656818536376,C19
-3.6466609046886953,-4.380486186130289,C19
-4.402085528797472,-4.519058301137681,C19
-3.85078088734462,-4.423125587264064,C19
-3.7394516273630205,-4.350173247883178,C19
-3.657379957446652,-4.274820838282667,C19
-3.8341623753098717,-4.428375726196058,C19
-3.70730099695607,-4.3688885593475915,C19
-3.6375175252488257,-4.276845967211218,C19
-3.9637704559137052,-4.514099662948949,C19
-3.8428455600937186,-4.457373985112437,C19
-4.132120216541621,-4.640411093941434,C19
-3.925549281045409,-4.54391282724972,C19
-3.809948582240794,-4.4767421948436334,C19
-4.355659901173677,-4.724294033128453,C19
-4.070990014506039,-4.5766437800485305,C19
-3.923723744595782,-4.474587037663936,C19
-3.7961515362537654,-4.399234628063424,C19
-4.0885760346237054,-4.615949733960622,C19
-3.8359447081065485,-4.527358164108447,C19
-3.7825160557860937,-4.4353155719720725,C19
-4.128660618900139,-4.1543987673878915,C19
-3.640923773940737,-3.947527926501003,C19
-3.505149978319906,-3.826309977115496,C19
-3.449404792510672,-3.6261936467189257,C19
-3.7904849854573692,-4.098977507586637,C19
-3.6122543403911362,-3.9132833033571606,C19
-3.504178246614094,-3.7972303701641743,C19
-3.370386554621817,-3.5862644917765425,C19
-3.8452717925598443,-4.0219616564009675,C19
-3.63320361671327,-3.8554332830130473,C19
-3.4664821379830326,-3.7314075806241935,C19
-3.3866868385445406,-3.498245404470693,C19
-3.8068754016455384,-3.9700670651064405,C19
-3.5708939916673033,-3.828166429377198,C19
-3.4752145506787775,-3.718200312291683,C19
-3.3847866651986416,-3.468657597302943,C19
-3.795066477645855,-4.007911607503251,C19
-3.563360368307339,-3.71052518202877,C19
-3.9295926782598802,-4.1699163428872765,C19
-3.7503125721946984,-3.9842221386578007,C19
-3.603451962012868,-3.8815619054740185,C19
-3.5290018303391264,-3.6705960270863867,C19
-4.052321260063064,-4.155638447045737,C19
-3.7311880962602197,-3.9891100736578182,C19
-3.6029294500405915,-3.8822552378882147,C19
-3.4788619162959638,-3.6490930617347144,C19
-3.920095532333279,-4.127246952907693,C19
-3.69058277422186,-3.985346317178448,C19
-3.5047332556121895,-3.892551066712183,C19
-3.4398541601509525,-3.643008351723443,C19
-3.90622821850127,-4.167515708020211,C19
-3.7373116556983037,-3.8903760767395696,C19
-4.14923127307112,-4.342172376477784,C19
-3.841939206063395,-4.1549245402278965,C19
-3.6751005029476866,-3.8261173107559276,C19
-4.151195298948196,-4.3233837450253505,C19
-3.8610660597430764,-4.155301739617019,C19
-3.7488486568246455,-4.025493185437675,C19
-3.6838199011065473,-3.80010360979336,C19
-3.8529423289716402,-4.178635210970546,C19
-3.7214750352629826,-4.0628862420945415,C19
-3.654822383457296,-3.821116127614986,C19
-3.8774564759312455,-4.1348960068182405,C19
-3.997833938243492,-4.38043070334704,C19
-3.9051796196452,-4.226693445097768,C19
-3.8018930011265986,-4.066923173261276,C19
-4.307858390633216,-4.490597288769835,C19
-4.1028129234198465,-4.346369993792235,C19
-3.848017604542526,-4.00647156335478,C19
-4.251811972993799,-4.507819864348346,C19
-4.035221977977624,-4.348131582127695,C19
-3.864549300654486,-4.199285164642693,C19
-3.8563607647254567,-4.000938056205093,C19
-4.603975103391407,-4.724586459335036,C19
-4.432973633840939,-4.561646239814195,C19
-4.4077121840478695,-4.4823801040634095,C19
-4.292514988032527,-4.426585120969414,C19
-4.544850478820172,-4.714657026186322,C19
-4.432150549426893,-4.539686349245319,C19
-4.346980548900387,-4.425256818497507,C19
-4.27703719105751,-4.354256429210912,C19
-4.455559862682308,-4.568041410488995,C19
-4.383629527708731,-4.412236564389548,C19
-4.3141687253739365,-4.293612431055914,C19
-4.236572006437063,-4.213066391467834,C19
-4.406271001292089,-4.606656635445152,C19
-4.340654364253823,-4.435390802102653,C19
-4.249491605148654,-4.325852112119111,C19
-4.179601477296019,-4.228615889995169,C19
-4.422163658707256,-4.599786849319139,C19
-4.349984047528161,-4.436846629798298,C19
-4.252821328639835,-4.357580494047513,C19
-4.21261037864789,-4.359815509265884,C19
-4.3624102141613,-4.559878021547277,C19
-4.253599355508439,-4.384907344606274,C19
-4.249414472658991,-4.270477813858462,C19
-4.151749285322958,-4.257507422884233,C19
-4.297569463554475,-4.347330336483666,C19
-4.22767829327708,-4.191525490384219,C19
-4.134126471792185,-4.072901357050585,C19
-4.1090204030103115,-4.0503853157748715,C19
-4.27083521030723,-4.298142143195838,C19
-4.207118254614603,-4.126876309853339,C19
-4.1185582780586065,-4.017337619869796,C19
-4.078469586498757,-3.9781313960582168,C19
-4.032077793269482,-4.188222139430475,C19
-3.915423722065669,-4.137919206147166,C19
-3.889410289700751,-4.090432397545674,C19
-3.8706324042770146,-3.9874487808222754,C19
-3.8279811905754433,-3.940998641013442,C19
-3.95116991347165,-4.040353873484203,C19
-3.889410289700751,-4.012032895724266,C19
-3.8639139026159026,-3.918510742805521,C19
-3.84103473961659,-3.8997078539242334,C19
-3.950394387405027,-4.002300061165237,C19
-3.912218582190458,-3.9558378114127493,C19
-3.848017604542526,-3.900722192496333,C19
-3.8443603662402235,-3.8652291210791843,C19
-3.6929320493387015,-4.056167157394277,C19
-3.6219656775426685,-4.0207108062129455,C19
-3.6516951369518393,-4.005864224110968,C19
-3.6781945161424607,-3.958377415509473,C19
-3.65286521708998,-3.8485639616871503,C19
-3.6819366650372385,-3.9157870327859636,C19
-3.7461775612919266,-3.887466055026025,C19
-3.63921731012672,-3.7871140650083555,C19
-3.636764195516306,-3.8777332204669963,C19
-3.5922692719736644,-3.831270970714511,C19
-3.5741398549221595,-3.7693255146991693,C19
-3.5358086293590003,-3.7338324432820205,C19
-4.658763376761308,-4.94103231946488,C19
-4.519849274726719,-4.65936073732978,C19
-4.455931955649724,-4.5936135149105315,C19
-4.573488738635425,-4.858669560097377,C19
-4.529001830339126,-4.695276434278222,C19
-4.469672210221914,-4.544617417905552,C19
-4.402853512166304,-4.47901268834029,C19
-4.55783391421528,-4.699007589351861,C19
-4.452225294612178,-4.554780294374261,C19
-4.4180503416266825,-4.399926675415769,C19
-4.322849478726567,-4.3247762955490225,C19
-4.5269511949114625,-4.7078706076893955,C19
-4.427593132441944,-4.548182325468744,C19
-4.364616795952501,-4.402414149860344,C19
-4.363111093016201,-4.310573587457736,C19
-4.359021942641668,-4.712388179370977,C19
-4.31238187042823,-4.600046025380326,C19
-4.247030134970916,-4.425075348439323,C19
-4.189095719331299,-4.300892417263101,C19
-4.2515793775324315,-4.374451985268526,C19
-4.261933285222531,-4.218647139169079,C19
-4.112832979105225,-4.090269605407035,C19
-4.148313684557572,-4.067168930514763,C19
-4.266883018557936,-4.321842970202602,C19
-4.1751585282463,-4.150577136860103,C19
-4.154158092578243,-4.031285046448149,C19
-4.184422251675732,-3.9914941890200124,C19
-4.066057397258739,-4.228394871908769,C19
-4.005243055412372,-4.093591246480589,C19
-4.0236041633881205,-4.016699879670005,C19
-4.064240896254688,-4.105658612406671,C19
-3.95116991347165,-3.9441293486256503,C19
-4.114017188645027,-4.0155814210816665,C19
-3.9292235371565654,-3.869023385556379,C19
-4.0126913262688175,-3.9565816285110977,C19
-3.928486194904911,-3.9101193787586093,C19
-3.895854449445992,-3.8201704199173876,C19
-3.9281179926938745,-3.7499786615466757,C19
-3.622875957653544,-4.152163789643999,C19
-3.684449465578095,-4.116707438462668,C19
-3.6064247967304124,-4.040114028755517,C19
-3.6838199011065473,-3.9926272201540214,C19
-3.701146923590293,-3.795849215707398,C19
-3.6895191085373247,-3.9425486960925524,C19
-3.6363880201078556,-3.9142277183326137,C19
-3.633763876281707,-3.79553255413443,C19
-3.6216020990518625,-3.754558428618191,C19
-3.5785606097799505,-3.9010740619954896,C19
-3.623788149717327,-3.7743231820471483,C19
-3.622875957653544,-3.7166588739950464,C19
-3.247721014539881,-3.20987334302002,C19
-3.2622509261084427,-3.1380297290513526,C19
-3.243439956993317,-3.137910711980817,C19
-3.2119731159041964,-3.1136124911361973,C19
-3.195519810894007,-3.057187216244164,C19
-3.2834124223243077,-3.06800805782875,C19
-3.201349354554731,-3.0357310785947043,C19
-3.205860644232226,-3.103632131551638,C19
-3.2938798902972963,-3.056668320464257,C19
-3.2170975940253554,-3.0951364129763888,C19
-3.2627278234644566,-3.002970425447748,C19
-3.2060001990155294,-3.0527302064121318,C19
-3.272377422030863,-3.0341351865277195,C19
-3.22242819530859,-3.0559130965039887,C19
-2.978810700930062,-3.0085337778780303,C19
-3.0516359440116307,-2.939622142926714,C19
-2.961379838050297,-2.989837178699796,C19
-2.9738754832545498,-2.925735523009299,C19
-2.971022294791222,-2.9169817321826628,C19
-3.070785496262606,-2.8956355078342537,C19
-2.9821322810364945,-2.9277092716147854,C19
-2.9303319030884043,-2.864116951968089,C19
-2.939679971311715,-2.8386729786055898,C19
-2.71602071576152,-2.731213930815815,C19
-2.8250684064715577,-2.784322113517415,C19
-2.654822383457296,-2.629730583518337,C19
-2.83654044823001,-2.694670353938008,C19
-2.728390698621168,-2.7129349360764916,C19
-2.7728849174108747,-2.626000389728114,C19
-2.626352527790782,-2.602611135919644,C19
-2.4038429190838277,-2.4515435795644382,C19
-2.436163081335455,-2.4358186936713646,C19
-2.283579266153445,-2.4403314088990915,C19
-2.423658649794207,-2.3511297665077384,C19
-2.962573502059376,-2.5464389385973183,C19
-2.940058111938045,-2.5883591100285472,C19
-2.999565922520681,-2.5054513300460304,C19
-3.0543837207732683,-2.50473826978,C19
-2.88706002391592,-2.4329446649635784,C19
-3.0074464821678646,-2.506304494251903,C19
-2.8877302315827293,-2.4392314292616515,C19
-2.9010103605988227,-2.4179596519389768,C19
-2.770830297460899,-2.4453055959850345,C19
-2.9507819773298185,-2.5186654252733587,C19
-2.9197343726601552,-2.4610538240877595,C19
-2.8910968723326866,-2.46742929769263,C19
-2.5873714794556246,-2.4138037823013705,C19
-2.9104481171135457,-2.4762217675217797,C19
-2.831797253157369,-2.4430464575540616,C19
-2.82131076022441,-2.4327317486230697,C19
-2.305394801066431,-2.2745649765712144,C19
-2.423773862550395,-2.294783864322207,C19
-2.436163081335455,-2.262816898371407,C19
-2.5192746210115122,-2.178044310968074,C19
-2.310513551635752,-2.229702856576162,C19
-2.4832002959183757,-2.184238081257529,C19
-2.4103854593687335,-2.1853762255107663,C19
-2.472627917172388,-2.201264383923355,C19
-2.477425367308823,-2.2529229295314432,C19
-2.424119684319354,-2.2028348989364943,C19
-2.2971388294270705,-2.1824197944670236,C19
-2.3993537643376057,-2.185533237714668,C19
-2.566230166075134,-2.22585375646223,C19
-2.410273743745763,-2.1875034578433916,C19
-2.392330563311757,-2.150398170838058,C19
-2.2931969029626615,-2.0283994097505382,C19
-2.3328273275211315,-2.0288625685930626,C19
-2.139721900247765,-1.9803034147226661,C19
-2.089856038935487,-1.9557145688004565,C19
-2.285335007137463,-1.9581017542256771,C19
-2.267445420148568,-1.885850486346559,C19
-2.1743791749965,-1.8652771187652062,C19
-1.981715691573469,-1.943323611900964,C19
-1.978810700930062,-1.9850712058347408,C19
-2.03226486821612,-1.908196682679307,C19
-1.9051796196452002,-1.8721251976930566,C19
-2.0944739515649515,-1.9514066905762983,C19
-2.11941504393502,-1.9895839210624682,C19
-2.082336975672625,-1.9044664888890843,C19
-1.955460239607589,-1.8832802282968488,C19
-2.010238812281222,-1.6316809824641725,C19
-1.8850555842874153,-1.6067028751478385,C19
-1.8566728700079536,-1.6137738734518368,C19
-1.6878226435602213,-1.5661374907869383,C19
-1.8728952016351923,-1.6305805678702252,C19
-1.849243560139691,-1.588262338752995,C19
-1.8873949984654255,-1.5664154460490016,C19
-1.926648297613099,-1.62707429412244,C19
-1.8241983671517206,-1.6412500874591858,C19
-1.8329782042097436,-1.5765578460388285,C19
-1.7505570385574178,-1.5626013257813576,C19
-2.7597004179972875,-2.584616828052333,C19
-2.6424462802569186,-2.5435018258112927,C19
-2.532687937019448,-2.4652931315872273,C19
-2.5409092103994135,-2.419120687672344,C19
-2.787546038959724,-2.6013867043395735,C19
-2.6619421245802437,-2.570127875133728,C19
-2.553462832926356,-2.4919191809096626,C19
-2.5380515047962384,-2.454968362724059,C19
-2.9370421659154897,-2.597430462655732,C19
-2.6362000545208906,-2.551489820617139,C19
-2.489454989793388,-2.467722650700192,C19
-2.485585079419631,-2.4281603176424698,C19
-2.7775436633207535,-2.6139708985530627,C19
-2.5700863022362457,-2.569557301906642,C19
-2.508218224415834,-2.4857901319896953,C19
-2.428407616638693,-2.446227798931973,C19
-3.1464234563803584,-2.8195475230307405,C19
-2.9871627752948275,-2.763058449857265,C19
-3.0193150256366854,-2.7671952800543074,C19
-2.920095532333279,-2.7082442278519636,C19
-3.128018646156631,-2.8332765561639564,C19
-2.9714287473074625,-2.787864665569923,C19
-2.944621668625,-2.7920014957669657,C19
-2.8471004036062526,-2.7422720692939015,C19
-3.103584023526877,-2.80149405306225,C19
-2.9476909003526766,-2.760632334875979,C19
-2.8677403104689554,-2.7706012697772144,C19
-2.8992849134269183,-2.7182603284320317,C19
-3.0841254971423084,-2.8051071484021413,C19
-2.893129455521346,-2.765772475608043,C19
-2.8517059025652545,-2.784568804480005,C19
-2.889747082646597,-2.7322278631348222,C19
-3.3838396871524172,-3.2215158791613443,C19
-3.2471835688117285,-3.1120993923605975,C19
-3.2306226739238615,-3.08093310915165,C19
-3.1785519809824696,-3.046471525632269,C19
-3.3512497873019806,-3.2152292631167962,C19
-3.2716462179787715,-3.1321832542637953,C19
-3.2026631992246504,-3.1010169710548476,C19
-3.1570165298777826,-3.0757770132647466,C19
-3.3985919394653163,-3.1528824686299446,C19
-3.2936236441603097,-3.0859615637629996,C19
-3.246953438373471,-3.0663604404935367,C19
-3.132179091954427,-3.038508967831317,C19
-3.28642546222793,-3.1454660961059036,C19
-3.274987274658843,-3.080072236631131,C19
-3.17966715510059,-3.069298507332395,C19
-3.0888423912600236,-3.0414470346701754,C19
-3.832682665251824,-3.7013791613797404,C19
-3.59159042153157,-3.5718630879152875,C19
-3.6291169832223944,-3.509841092039024,C19
-3.5603515704365263,-3.519474457915918,C19
-3.731656086048935,-3.670465694944389,C19
-3.6101254416090147,-3.573769291557855,C19
-3.5924391505136373,-3.511747295681592,C19
-3.5316526695878427,-3.530602287287765,C19
-3.7269987279362624,-3.6354679230762588,C19
-3.5914208745913325,-3.534414066938004,C19
-3.5373025918982828,-3.4725666506041515,C19
-3.4616776667685603,-3.483212704432293,C19
-3.6989700043360187,-3.609596781872907,C19
-3.5813673126459347,-3.510069971126825,C19
-3.51173138450454,-3.4705151212961187,C19
-3.469032318428085,-3.464470992588397,C19
-2.9484616094846725,-3.0749534400356486,C19
-2.6024075659618835,-3.09339682879581,C19
-2.6449317936511494,-3.009940961643827,C19
-2.5655907924125,-2.9940953892276503,C19
-2.9796387173522922,-3.090173138027629,C19
-2.7276941555979137,-3.118472699822985,C19
-2.597566653780688,-3.035016832671002,C19
-2.6127881996862694,-3.0075352766844285,C19
-2.8709549401120418,-3.0693996392551175,C19
-2.586700235918748,-3.075618732551606,C19
-2.579054594078028,-2.986604389706742,C19
-2.5383514319365448,-2.9579344434020665,C19
-2.774432286560529,-3.0769526913582332,C19
-2.6950788380991084,-3.0846988300468943,C19
-2.575118363368933,-2.99568448720203,C19
-2.556893543262734,-2.9670145408973547,C19
-3.219106891312921,-3.349190728259094,C19
-3.0280750508158087,-3.2856614924483742,C19
-2.9863203027088074,-3.281395403134755,C19
-2.9090369234042686,-3.2655498307185784,C19
-3.1317083119821443,-3.3613695830970496,C19
-2.922268820347608,-3.3089175298657723,C19
-3.0126913262688175,-3.304651440552153,C19
-2.9542859410591324,-3.2771698845655797,C19
-3.182368532809485,-3.3295870799953433,C19
-2.929962133392245,-3.2816851991718283,C19
-2.9601894458516496,-3.283251214562402,C19
-2.8353497840657034,-3.2545812682577266,C19
-3.1278437272517072,-3.3332001753352345,C19
-2.95233580539844,-3.286825339903892,C19
-2.853871964321762,-3.2972187492651925,C19
-2.869344650977969,-3.268548802960517,C19
-3.422163658707256,-3.5858323384560147,C19
-3.305570309042917,-3.481180303654982,C19
-3.3435184842095014,-3.4441838494613557,C19
-3.222500680409635,-3.4397515225209543,C19
-3.417709317281006,-3.582717897925667,C19
-3.3028578737245406,-3.5044363410723802,C19
-3.264081883468703,-3.4674398868787537,C19
-3.222355722303515,-3.4513715763679556,C19
-3.4081565887752157,-3.5158469889226858,C19
-3.2754783728814374,-3.453690536055455,C19
-3.2376966367122315,-3.4282592418013134,C19
-3.1832285876666537,-3.406162535775318,C19
-3.3503731131594705,-3.5136781578999443,C19
-3.2730284163171235,-3.453048750424886,C19
-3.217885852520929,-3.4364448501414713,C19
-3.1760044088440322,-3.414348144115476,C19
-3.7649768405047763,-3.979590515586544,C19
-3.655411257421286,-3.8687812889883286,C19
-3.5888855814490954,-3.790723732745396,C19
-3.560036064079095,-3.7877201245568424,C19
-3.6935749724493125,-3.9591665524427793,C19
-3.6145724851948695,-3.8774975090302406,C19
-3.5238932831598087,-3.8031194396795507,C19
-3.513711239039434,-3.7884798479206,C19
-3.6111885865264766,-3.9263876415069574,C19
-3.5785606097799505,-3.8403611453426976,C19
-3.5488278424874604,-3.7661576555344185,C19
-3.4741780478433375,-3.7502019927968435,C19
-3.653451441451526,-3.898778460062097,C19
-3.520856752021387,-3.8142790092900096,C19
-3.4490382477018238,-3.762368085984877,C19
-3.440931665965463,-3.729722240711439,C19
-3.5712174885030454,-3.597864201982587,C19
-3.4631891340084584,-3.4697252415475126,C19
-3.4325031088957774,-3.4024347087662736,C19
-3.3759242688543174,-3.354469759282298,C19
-3.5425723070535153,-3.5899217561436183,C19
-3.4503837604809147,-3.4881532736562897,C19
-3.330497165895657,-3.4208627408750507,C19
-3.3364875295848444,-3.3801353694707097,C19
-3.486649201194043,-3.5201193466051306,C19
-3.296364762416104,-3.434475968103858,C19
-3.384892012556806,-3.3787505952621038,C19
-3.311758204022288,-3.329814286079731,C19
-3.3656235059116324,-3.5131664691873667,C19
-3.3783045376707213,-3.4290501360782666,C19
-3.295249095709329,-3.3821521572072393,C19
-3.2398792147354323,-3.3332158480248664,C19
-3.7311880962602197,-3.8791711129979025,C19
-3.636764195516306,-3.7285456016667426,C19
-3.65033401590337,-3.6319199676895937,C19
-3.5394028111023985,-3.6002571547580753,C19
-3.691649051413274,-3.8587471498541377,C19
-3.6239708182718195,-3.7372618217086546,C19
-3.5533075336284727,-3.644315674623748,C19
-3.542875373696591,-3.6198904397718645,C19
-3.6842395093342653,-3.810334264962395,C19
-3.597566653780688,-3.6844914840651906,C19
-3.5394028111023985,-3.591719916522695,C19
-3.509339346643863,-3.5590857438927794,C19
-3.6263525277907824,-3.814932146859372,C19
-3.4530873568187577,-3.6906164113543403,C19
-3.4990777608096995,-3.620137410314991,C19
-3.4434562915164855,-3.5708130551492125,C19
-4.101549080801625,-4.068307872248715,C19
-3.963371104637839,-3.9823903679269437,C19
-3.937418015771837,-3.9008873168799623,C19
-3.8610660597430764,-3.8767241942976276,C19
-4.08868255767597,-4.083092635390506,C19
-3.9262816496538773,-4.011022018886108,C19
-3.869344650977969,-3.9132260988097207,C19
-3.8300318260031077,-3.902653612804278,C19
-4.001087095641214,-4.040945556978673,C19
-3.869666231504994,-3.9620108488619254,C19
-3.862013267276468,-3.882734703159719,C19
-3.762959208620809,-3.8639532793762443,C19
-3.996970529446382,-4.04246237150431,C19
-3.841939206063395,-3.965054708779737,C19
-3.7907531512466264,-3.923864843811894,C19
-3.7775436633207535,-3.8883932374925565,C19
-4.5292955702772115,-4.479043612971098,C19
-4.355561410532162,-4.2789854056535,C19
-4.220547816595938,-4.102910508677887,C19
-4.316052869248487,-4.329628871226534,C19
-4.230327335944508,-4.253784700669442,C19
-4.200521601162019,-4.148833313144537,C19
-4.417822962311591,-4.404719277016107,C19
-4.265360161012301,-4.2725434471983466,C19
-4.1779627519274145,-4.191140800948373,C19
-4.094258072608398,-4.077980475645435,C19
-4.3923305633117575,-4.36694479756725,C19
-4.131355561605174,-4.20324997365943,C19
-4.084494638245624,-4.07339946582063,C19
-3.447088549783491,-3.4698721179000542,C19
-3.5065419490048115,-3.409492363870356,C19
-3.4521022824369028,-3.348435387276399,C19
-3.6151092034694456,-3.6262114346101253,C19
-3.4586704223333062,-3.4791715836739905,C19
-3.4272445348457805,-3.418791829644292,C19
-3.445995678988097,-3.368355638249527,C19
-3.5132862240175147,-3.5605750311342668,C19
-3.301464507437999,-3.4328365360324837,C19
-3.4620550407085133,-3.38402194194227,C19
-3.3736596326249577,-3.3253768127694734,C19
-3.446359663768646,-3.544386679606953,C19
-3.330962199114844,-3.4181752298973427,C19
-3.4449055514216806,-3.378188029777856,C19
-3.3901922306712975,-3.319542900605059,C19
-3.8335698861567176,-3.6913235989832454,C19
-3.7883455994468176,-3.660010561430372,C19
-3.90622821850127,-3.8921497154651155,C19
-3.846795099915716,-3.7575427382017974,C19
-3.7883455994468176,-3.699399285272648,C19
-3.725149679983335,-3.678707032918967,C19
-3.9118639112994487,-3.8400024896075013,C19
-3.8054856581175325,-3.704214311440758,C19
-3.7335331045597586,-3.666848258502934,C19
-3.681310730052254,-3.637947068371221,C19
-3.862013267276468,-3.835364897394929,C19
-3.7449688366544485,-3.701103764620358,C19
-3.683191247946978,-3.6860302781856804,C19
-3.6736641390712483,-3.6404389055181046,C19
-4.255941834121164,-4.1694899472687075,C19
-3.962175249411658,-3.924614642671079,C19
-4.128777443240293,-4.151531971111218,C19
-4.049197177035341,-4.029057121830617,C19
-3.9800533183211577,-3.945146255751619,C19
-3.935167780261426,-3.9159962344646355,C19
-4.133476374467157,-4.10397273701272,C19
-3.9788107009300617,-3.977810047968067,C19
-3.8579235389267152,-3.8750599971982327,C19
-4.06183065360968,-4.103527854612078,C19
-3.8639139026159026,-3.94306035226661,C19
-3.8486301497525397,-3.889011210665732,C19
-4.477816682381314,-4.452065702558292,C19
-4.257746330093406,-4.237435167707861,C19
-4.203148250950113,-4.111837913595219,C19
-4.506541949004812,-4.450953357282177,C19
-4.247183568811729,-4.307915293603712,C19
-4.298345682674252,-4.238981901798161,C19
-4.184422251675732,-4.133883000549703,C19
-4.391687957302673,-4.399292882985352,C19
-4.311491192343479,-4.258405530191599,C19
-4.184687956475641,-4.070605823666676,C19
-4.372839047625225,-4.36097403176748,C19
-4.209433374853924,-4.256505158601221,C19
-4.135726303195621,-4.195478463635208,C19
-4.0751523670244625,-4.065480442072856,C19
-2.5312097379003893,-2.2608551231619542,C19
-2.4397346021372854,-2.207795220197649,C19
-2.506402550999473,-2.2294920815075305,C19
-2.4434562915164855,-2.155489708599849,C19
-2.5014137911824825,-2.1935449754762133,C19
-2.416121401501374,-2.1568392695487466,C19
-2.4939010400715595,-2.157977413801984,C19
-2.4917396944876655,-2.1991226399168364,C19
-2.44891613481422,-2.237177906793201,C19
-2.396206295863037,-2.1958489455894186,C19
-2.475733731233021,-2.1660387050500374,C19
-2.408935392973501,-2.1833914937081493,C19
-2.4924139602369895,-2.2101087337239878,C19
-2.3267025602403644,-2.180517504496316,C19
-2.319664486585437,-2.1340170814210717,C19
-2.339229356472303,-1.8454888166314762,C19
-2.335640125448859,-1.7844086109446582,C19
-2.383734594718292,-1.742466484523197,C19
-1.8999742698921374,-1.7052363862230138,C19
-2.1023729087095586,-1.7315082183325996,C19
-2.0764969330578955,-1.743856509097674,C19
-2.0839673898114306,-1.6890638813797048,C19
-1.99225222199926,-1.6558492614203784,C19
-2.0037948938216754,-1.7788905283033698,C19
-1.95703092660682,-1.7912388190684443,C19
-1.9344202852715515,-1.7318229360741593,C19
-1.9118639112994487,-1.6737150626400243,C19
-2.0207704069778445,-1.786973606978704,C19
-1.9211808169011513,-1.7957515342961716,C19
-1.9215431819467075,-1.7280927422839365,C19
-1.895854449445992,-1.6848700932438165,C19
-1.8082696066371438,-1.596432541524565,C19
-1.5836924129401175,-1.4854885194222078,C19
-1.5422694517540017,-1.4082540566353146,C19
-1.7182850299727042,-1.4878302425524648,C19
-1.5198492747267196,-1.4337871872395096,C19
-1.585026652029182,-1.374482231154653,C19
-1.5603515704365263,-1.3445407144973054,C19
-1.604673606930649,-1.4798802130285662,C19
-1.5678327305574118,-1.425837157715611,C19
-1.5018273393634562,-1.3619089463544387,C19
-1.4782083503608765,-1.3090524441026419,C19
-1.4981195062449415,-1.4897593782677288,C19
-1.495257363728312,-1.4321459595071666,C19
-1.4422522583585318,-1.3599748391280442,C19
-1.4152166210034922,-1.3150087093227698,C19
-1.6846595233727117,-0.7967707359385667,C19
-1.2693792021127173,-0.7789237972959228,C19
-1.2181010806488508,-0.7479972412429555,C19
-1.2214146721370378,-0.7655377339603319,C19
-1.371508895032877,-0.7397342699522595,C19
-1.2428318077857274,-0.7031798700705012,C19
-1.1884920200546734,-0.7092045033119073,C19
-1.3433269541151498,-0.8138464404598719,C19
-1.2050242559488684,-0.7951030814329785,C19
-1.2262135550188065,-0.7539254262749043,C19
-1.0473528302410569,-0.7137263735958569,C19
-1.279014255846261,-0.8098762537485956,C19
-1.4185054577091007,-0.7911775847732713,C19
-1.0807649620767492,-0.7417570205972472,C19
-1.077689836785604,-0.7094483403647222,C19
-0.501965276312973,-0.347355733676877,C19
-0.3956659268970889,-0.3181025358094973,C19
-0.3949105381184196,-0.22406908065606285,C19
-0.45717457304082015,-0.3023139471274345,C19
-0.38436553112258404,-0.25386806348389324,C19
-0.3713046172859767,-0.17701191596483556,C19
-0.1911141326401879,0.08699990230940957,C19
-0.06803388527182737,0.22800600759823772,C19
-0.13247358880025667,0.10978330358953715,C19
-0.01112903393535476,0.21497220110952908,C19
-0.0969643032115027,0.14852357666598182,C19
-0.00806545028105216,0.30479785316696534,C19
0.10482840365365537,0.23817310684591897,C19
0.13830269816628146,0.32874569303416384,C19
0.23979981844709866,0.4055358124500165,C19
0.16879202031418183,0.3223221554698178,C19
0.28510702956681194,0.41531730894420105,C19
0.25959387888594865,0.4928336403099791,C19
0.2780673308886626,0.43213361837042513,C19
0.5394524915494608,0.5867370686949254,C19
0.31470969295517376,0.5041180391409511,C19
0.5058280338548362,0.6690484224305336,C19
0.3667963832867299,0.5696509678520425,C19
0.5190400386483446,0.7441342450231909,C19
-0.3476569449372852,-0.1629552101219166,C19
-0.15739076038943792,-0.09919671595069565,C19
-0.07966792846041065,0.010367577235928554,C19
-0.26680273489343054,-0.1476485101467881,C19
-0.08884239126002341,-0.046310111808099304,C19
-0.011664044143949512,0.06154289260301819,C19
0.05994188806195468,0.11218280315668742,C19
0.2593549273080343,0.3129730252823963,C19
0.0867156639448825,0.14998698918579856,C19
0.30168094929357625,0.31974520289498415,C19
0.1112625136590653,0.17049903537768912,C19
0.3494717992143857,0.3752156764042538,C19
0.4174716932032931,0.43549645293940714,C19
0.4877038631637263,0.5547896818239053,C19
0.5305838596451177,0.6357906313013604,C19
0.5212688755983853,0.543434391925581,C19
0.6203442997544932,0.7038955471613819,C19
0.6561940621791857,0.7775623410304486,C19
0.5651391519697895,0.5723061920797953,C19
0.6780629049743452,0.771559540850921,C19
0.7414667617697549,0.8626956160761833,C19
0.6452257115354162,0.676745523940809,C19
0.7726883546821415,0.8819305300980577,C19
0.046104787246038705,-0.09925677008074768,C19
0.09096307659573168,0.08266581888951124,C19
0.15594301797183674,0.09670638668872504,C19
0.030599721965951066,-0.11199690590439679,C19
0.153814864344529,0.1327853998610813,C19
0.2535802895621828,0.16652127410777548,C19
0.20030318298158503,0.1281766668215473,C19
0.353916230920363,0.3192477315799658,C19
0.2538224387080733,0.14442356273950666,C19
0.40294882934440474,0.3668745818703026,C19
0.2636360685881081,0.16862974708464154,C19
0.4557582031041368,0.43245156449129596,C19
0.3368598209168094,0.36500778047417015,C19
0.436162647040756,0.4245926936013064,C19
0.4720246977002814,0.47206903139931716,C19
0.43727479741012365,0.4350333778207526,C19
0.5268559871258746,0.5457500247423925,C19
0.6101276130759954,0.648913526854454,C19
0.5256925245050109,0.5408385550537087,C19
0.5618166643189575,0.6352980133568976,C19
0.5733358400660676,0.5859316416848463,C19
0.7209031708134575,0.7493621707489295,C19
0.6225248624035682,0.6149735155056563,C19
0.7543483357110189,0.7856910797012189,C19
-1.988006885340743,-2.0126179727695246,C2
-1.8645493006544862,-1.980696063105041,C2
-1.7775436633207533,-1.9619095421584147,C2
-1.7822529267372063,-1.9681063410332214,C2
-1.9370421659154897,-1.9766432900783815,C2
-1.857610533881164,-1.9519605518098815,C2
-1.839231438138872,-1.9422063669585916,C2
-1.9034375616258645,-1.9566829498531386,C2
-1.8884014751196059,-1.9224790449577707,C2
-1.7964232250220273,-1.9016888037342121,C2
-1.6916490514132743,-1.8919346188829225,C2
-1.661145253747677,-1.8993640017407252,C2
-1.9058784041594385,-1.9084440582358684,C2
-1.691222226335279,-1.8651382997488106,C2
-1.7833064008302457,-1.845460549029131,C2
-1.779891911959945,-1.8406598523685849,C2
-2.3365817877473205,-2.4081796403287106,C2
-2.35222594973117,-2.3932116370759253,C2
-2.3932962586663256,-2.388333210155451,C2
-2.35222594973117,-2.384123546770393,C2
-2.3732491463166068,-2.3616215033353516,C2
-2.295592072613159,-2.3491332336651767,C2
-2.396206295863037,-2.323289035623951,C2
-2.253443638589631,-2.3361106413096686,C2
-2.2163822348092515,-2.2821048474119956,C2
-2.1100263615960038,-2.283475492315271,C2
-2.0914613678280407,-2.2661513732769083,C2
-2.109411332294513,-2.2789987504605698,C2
-2.1390633792999063,-2.2785741803143895,C2
-2.138405855356135,-2.2500137901063573,C2
-2.0925886392254136,-2.222766105199604,C2
-2.1125514997500465,-2.230798920712725,C2
-2.75300930075845,-2.7052708719566345,C2
-2.753747687700678,-2.68838362451428,C2
-2.6621415709589056,-2.6692074074362853,C2
-2.601712694642599,-2.6649977440512274,C2
-2.6829818989518883,-2.672438078155135,C2
-2.563519304990505,-2.6554327274221574,C2
-2.5885486578620625,-2.6152907392234113,C2
-2.586532587014175,-2.628112344909129,C2
-2.5777385491863973,-2.603853784753203,C2
-2.550521600812635,-2.6007073485936756,C2
-2.5106040782728707,-2.5690854393977927,C2
-2.526221165353275,-2.570126615752114,C2
-2.4826721177056266,-2.5832878758663043,C2
-2.4817493486915,-2.5502104045954694,C2
-2.4294570601181023,-2.508664929531196,C2
-2.486649201194043,-2.5048915442149764,C2
-3.160270624793612,-3.121693510200854,C2
-3.1233203895807997,-3.1074585704499254,C2
-3.093018846771146,-3.0508783820421095,C2
-3.0323584359169886,-3.0786064044321555,C2
-3.0970186002024973,-3.050977948729472,C2
-3.0749974923190226,-3.0366249056879204,C2
-3.053744292800603,-2.979781516307993,C2
-3.006475596832934,-3.0220455669796107,C2
-3.0782615163154015,-3.0164112773754126,C2
-3.006211186181295,-3.0159171489073113,C2
-2.935167780261426,-2.9590737595273837,C2
-2.881735273910521,-2.97623163054988,C2
-2.980883709552927,-2.995893157766263,C2
-2.896538377905295,-2.978602939182983,C2
-2.8709549401120418,-2.934998388146474,C2
-2.855425792390384,-2.9497326238097012,C2
-2.0582401861853046,-2.109779032280638,C2
-2.0296996245978223,-2.1064895903233727,C2
-2.0048476231085464,-2.0831651935558964,C2
-2.0141246426916064,-2.0568974922645067,C2
-1.95116991347165,-2.0983355406547735,C2
-1.999132278468773,-2.1084625794667433,C2
-1.9161391991334271,-2.0848749817271552,C2
-1.93292914395463,-2.0668870644555057,C2
-1.9237237445957824,-2.005709872830607,C2
-1.8745187342994059,-2.0189033634880023,C2
-1.7793689805519077,-1.9953157657484135,C2
-1.7079655640052636,-1.9824746504526474,C2
-1.9023956711255892,-2.0046275762355528,C2
-1.8021683066710972,-1.9953055496294476,C2
-1.8016178699917058,-1.961794386021469,C2
-1.761201437286083,-1.9367231912073541,C2
-2.454569170534649,-2.4108733812268963,C2
-2.396855627379818,-2.395905377974111,C2
-2.2730284163171235,-2.372657217519173,C2
-2.2522775379644915,-2.360916307380743,C2
-2.3567447749752284,-2.3835931709808325,C2
-2.2937090427412365,-2.377282210683908,C2
-2.2494144726589913,-2.3423638161756664,C2
-2.2605858973013047,-2.3403625667189436,C2
-2.2512694439015055,-2.307713918096324,C2
-2.172695358910265,-2.31526187237285,C2
-2.1184441702066885,-2.2888635568674713,C2
-2.211124884224583,-2.28808203592835,C2
-2.123955449753905,-2.3171359411255663,C2
-2.2335871528876003,-2.2947528602907847,C2
-2.0697133527544804,-2.2584309789170156,C2
-2.1205027127505716,-2.2528348963073532,C2
-2.783042792638903,-2.736305781060998,C2
-2.765735875621211,-2.735205786306198,C2
-2.6360121702515085,-2.7160295692282035,C2
-2.7370745306681683,-2.7004925584589814,C2
-2.7269987279362624,-2.7270962541288655,C2
-2.6878226435602213,-2.725878156083443,C2
-2.6520848134983086,-2.6857361678846967,C2
-2.6192462291961,-2.679938817797182,C2
-2.671212799645465,-2.655032848574401,C2
-2.65286521708998,-2.6676736651024284,C2
-2.4934949675951277,-2.6360517559065455,C2
-2.460171441622102,-2.626740905041979,C2
-2.5671909949668317,-2.665993405054227,C2
-2.484126156288321,-2.648703186470947,C2
-2.4452686233240333,-2.611204270045037,C2
-2.469032318428085,-2.5970788575099295,C2
-3.112720365469977,-3.0996923965567147,C2
-3.055369298143722,-3.085457456805786,C2
-3.0112627247112,-3.02887726839797,C2
-3.00629930517965,-3.028802875006336,C2
-3.00859669741996,-3.0463423935778824,C2
-3.0007389288868995,-3.031989350536331,C2
-2.90031935889075,-2.9751459611564033,C2
-2.9344202852715515,-2.9823159876572727,C2
-2.9344202852715515,-3.015272444803899,C2
-3.0041893683239573,-3.0147783163357977,C2
-2.7975116829399065,-2.95793492695587,C2
-2.96738123914928,-2.9521240504933908,C2
-2.904830648568245,-2.9947543251947493,C2
-2.8890737577335797,-2.9774641066114693,C2
-2.7939841232366556,-2.9338595555749603,C2
-2.7726275577103636,-2.925625043753212,C2
-3.0784695864987577,-2.9400568960617903,C2
-3.0467236633326955,-2.936414528607504,C2
-2.881735273910521,-2.8822776994145562,C2
-2.79805693659835,-2.8743401619986217,C2
-2.870310107800699,-2.8984954711720627,C2
-2.8239087409443187,-2.8947350004271537,C2
-2.7888794587419508,-2.8392070555067743,C2
-2.7584535194034516,-2.831487048675829,C2
-2.769295686387431,-2.805690791202272,C2
-2.725149679983335,-2.815789235030813,C2
-2.6250684460218117,-2.7770037135218315,C2
-2.6994045161100364,-2.770882801457715,C2
-2.630042392653947,-2.793572540938041,C2
-2.5870357280033374,-2.72342728351742,C2
-2.6360121702515085,-2.717779827686425,C2
-3.1834273039738967,-3.1635489655296647,C2
-3.1495375672384833,-3.1586309960743533,C2
-3.098759697926691,-3.0943156979671382,C2
-3.086239113587677,-3.1008517628159966,C2
-3.1540342384545164,-3.170197932186834,C2
-3.079876673709276,-3.1651618594408997,C2
-3.0591847913491987,-3.1005833603615724,C2
-3.0562582341686864,-3.104841715006216,C2
-3.0805557895347633,-3.107782639308633,C2
-3.0769114845576007,-3.090928430409039,C2
-2.9136401693252516,-3.0022753492896133,C2
-2.874518734299406,-3.016698716695271,C2
-2.96818772866963,-3.0568197777501647,C2
-2.916139199133427,-3.023169478735393,C2
-2.874193541860473,-2.9477552359593857,C2
-2.8247781996569477,-2.959754968005774,C2
-3.4669909775045147,-3.5067852269831876,C2
-3.4555598626823074,-3.480262860033614,C2
-3.3885953622884064,-3.4005264374096287,C2
-3.34332695411515,-3.4161587831183726,C2
-3.3864752971463474,-3.5131794196817077,C2
-3.3154239126115446,-3.4626398409926016,C2
-3.26082336808927,-3.392936892688946,C2
-3.2629664686661224,-3.406291528193475,C2
-3.352910571283445,-3.466112698165655,C2
-3.306888884537859,-3.410118429220655,C2
-3.2061397986573303,-3.3163408988769003,C2
-3.194703083842015,-3.3193341422665696,C2
-3.289459552066703,-3.4255584176510925,C2
-3.2325472819022267,-3.3578095975010873,C2
-3.196065150136158,-3.2772709055007514,C2
-3.1957923949179587,-3.284599100760916,C2
-3.8486301497525397,-3.923518166049379,C2
-3.80493100353141,-3.8404605489015244,C2
-3.7677664788852665,-3.7552881834132315,C2
-3.7205612117129796,-3.7485325126663445,C2
-3.7856861025756,-3.8510942747788817,C2
-3.691649051413274,-3.7686945012378965,C2
-3.6595558851598815,-3.693555610069933,C2
-3.622875957653544,-3.6845222291188313,C2
-3.687611050629408,-3.7957804573519245,C2
-3.621783850250122,-3.720056601292492,C2
-3.5855280503706974,-3.6208431280844295,C2
-3.5127201835569313,-3.601448355018468,C2
-3.5873714794556246,-3.708576434139358,C2
-3.527682453683158,-3.6210980268749204,C2
-3.4828041020500256,-3.551135035514077,C2
-3.4586704223333062,-3.5360752143186107,C2
-3.0338582672609675,-3.0499580918733407,C2
-2.9738754832545498,-3.0169828678118376,C2
-2.9722427953094464,-2.9791865434022466,C2
-2.9453869454431123,-2.957201437467243,C2
-2.9775716288145135,-2.980074724035344,C2
-2.935916564036404,-2.9627456741297427,C2
-2.9090369234042686,-2.9117330211776893,C2
-2.9157813132607613,-2.8899654458276745,C2
-2.9157813132607613,-2.8581145911534587,C2
-2.905528871358355,-2.8585683781392945,C2
-2.755228238504705,-2.824298148598639,C2
-2.7084091743419987,-2.8041296680154533,C2
-2.8002448227465253,-2.841557023566086,C2
-2.7670038896078464,-2.7961063432557136,C2
-2.645123577483766,-2.761319695379016,C2
-2.717377887121937,-2.7363366531252895,C2
-3.424465781680136,-3.4364942171610746,C2
-3.3763372926437953,-3.3842832416285913,C2
-3.3530084625228778,-3.331793156336407,C2
-3.3019864960608185,-3.3161690324221,C2
-3.305131672017544,-3.3668774735400144,C2
-3.2310660578132184,-3.330312672163433,C2
-3.2174557159899897,-3.2657341730841063,C2
-3.1760695448744363,-3.2478323389655843,C2
-3.2035644411898256,-3.279825682201307,C2
-3.1564557880543647,-3.248364110566939,C2
-3.126040345256647,-3.1597110294475135,C2
-3.0861861476162833,-3.1519742080900053,C2
-3.1567672219019904,-3.2288628206428394,C2
-3.140261433802853,-3.1806051588932926,C2
-3.05453141486818,-3.1051909161172855,C2
-3.0204061041510695,-3.0950304594005082,C2
-3.5856953118716683,-3.66204799028742,C2
-3.5543957967264026,-3.58553049528599,C2
-3.4926839599235864,-3.527915960769477,C2
-3.4369938129382063,-3.499594273364343,C2
-3.518557371497695,-3.602718836046161,C2
-3.455435902503957,-3.508246911619046,C2
-3.4100503986742923,-3.442762544429693,C2
-3.360812440064246,-3.412163146820344,C2
-3.4468454518303746,-3.5023539454021444,C2
-3.365421977146112,-3.4304939692529914,C2
-3.348431261134208,-3.3409350200235397,C2
-3.296536658116707,-3.299974230299331,C2
-3.34640161815671,-3.4513910838436765,C2
-3.2761340355564963,-3.3559764303495805,C2
-3.2508049577803275,-3.2796563194635473,C2
-3.2198988085320885,-3.243030481609834,C2
-3.7713430418910647,-3.854059975962207,C2
-3.761201437286083,-3.769109316463648,C2
-3.633763876281707,-3.7247710811742896,C2
-3.749092300299144,-3.767594145557564,C2
-3.6895191085373247,-3.689364111979722,C2
-3.610656688747922,-3.6329374629032207,C2
-3.5873714794556246,-3.6054951637680417,C2
-3.6734593314834383,-3.6994152445907353,C2
-3.624153563690844,-3.6437971592908553,C2
-3.5747919488613435,-3.5632959281742553,C2
-3.525346746637937,-3.528163762420124,C2
-3.6088883862971977,-3.6402657114528965,C2
-3.554240163511369,-3.5728930749480114,C2
-3.5259294967849564,-3.50563068217483,C2
-3.4850539946919956,-3.476412194663253,C2
-3.480565805086297,-3.5052491055387303,C2
-3.4145392704914994,-3.4231830803205767,C2
-3.3673402867060864,-3.3729326428948148,C2
-3.3077701642272443,-3.321104198155228,C2
-3.3775787260243297,-3.439121207651871,C2
-3.2854187911604686,-3.3735567282299868,C2
-3.2556287726681394,-3.318243945904522,C2
-3.2053028731080015,-3.2778798516171888,C2
-3.266080848987609,-3.31077945143433,C2
-3.200246033588114,-3.286223171888239,C2
-3.137093786437002,-3.2068358075226753,C2
-3.071092309756047,-3.1766367259963557,C2
-3.225775095131081,-3.247482122437093,C2
-3.152797636019076,-3.199371165546059,C2
-3.107404577171102,-3.1332226395239138,C2
-3.034187046963397,-3.1073585098680896,C2
-3.637706062035769,-3.6991507079885886,C2
-3.5705707356182126,-3.600109120816345,C2
-3.535361440904967,-3.5479296690456206,C2
-3.4441803169388088,-3.5155093389233905,C2
-3.593459819566045,-3.670439797674586,C2
-3.4710832997223453,-3.5789742080634266,C2
-3.4048345852097706,-3.5175138302786966,C2
-3.3783045376707213,-3.49655785060872,C2
-3.4618034216505458,-3.58115117586058,C2
-3.3852082080435824,-3.5306937861252137,C2
-3.357041120590209,-3.4451588263003847,C2
-3.299209778625653,-3.4138414545155484,C2
-3.4207882197685007,-3.5179707523867476,C2
-3.3365817877473205,-3.455758811446376,C2
-3.2672043017106707,-3.383462689964966,C2
-3.2201150368073557,-3.356480270050625,C2
-3.828566099056992,-3.9318630996943527,C2
-3.7332980331159122,-3.8101586155188114,C2
-3.692290076595193,-3.7592068969079944,C2
-3.6176226965318863,-3.7128533048612096,C2
-3.702239488900866,-3.8806213304020565,C2
-3.625434939277235,-3.748555078112124,C2
-3.5598783968121963,-3.6855149457141643,C2
-3.5395532161192795,-3.650625704119633,C2
-3.6655462488490693,-3.7734596280981583,C2
-3.5754450233932866,-3.6945321834214653,C2
-3.5476001540885584,-3.6074174689834066,C2
-3.460547508450539,-3.5621668352740157,C2
-3.599289363226769,-3.6806459881775395,C2
-3.5218665718994826,-3.5899639922958415,C2
-3.4630629772953263,-3.5320997597050017,C2
-3.4108326094539523,-3.491184077866106,C2
-3.9484616094846725,-4.11855757015182,C2
-3.9796387173522922,-4.0245113341081185,C2
-3.9273825234547632,-3.9683851241566916,C2
-3.894489815230026,-3.908147283644057,C2
-3.968591535748376,-4.104478092328523,C2
-3.867420152340263,-4.0160086002832225,C2
-3.821886747685368,-3.9477939765446495,C2
-3.7176044952574743,-3.8947564955961806,C2
-3.928486194904911,-4.033897782373282,C2
-3.823041019413092,-3.9719033608658174,C2
-3.7587026128900067,-3.8796141550871504,C2
-3.7068585165490693,-3.8162152820238218,C2
-3.8563607647254567,-3.984464103288181,C2
-3.773657912836369,-3.9190549823904326,C2
-3.707079700399994,-3.856016258458985,C2
-3.6311554931741785,-3.777621120946679,C2
-3.881404634776238,-3.89260439105452,C2
-3.709520186669327,-3.823836979364384,C2
-3.6880343396316335,-3.7687054407877136,C2
-3.6352614449446015,-3.7152426608370606,C2
-3.7817271464285525,-3.8290365945176283,C2
-3.68277265082358,-3.7948986599801886,C2
-3.6439741428068775,-3.7249947253117637,C2
-3.5826944167554746,-3.6687414655620305,C2
-3.6289321377282637,-3.7753479790340987,C2
-3.5692801121367177,-3.7484987421725307,C2
-3.5328360340309097,-3.681455725297031,C2
-3.480172006224281,-3.6383153161868007,C2
-3.6343248595440825,-3.7822510247346828,C2
-3.5553307690614755,-3.746977675784628,C2
-3.4730149314400043,-3.653845632467136,C2
-3.4233131947990043,-3.5939208731317227,C2
-3.717151397165355,-3.763002716872619,C2
-3.5179844235492883,-3.6235722237305676,C2
-3.4187331947263293,-3.58684653251235,C2
-3.4035128662634557,-3.520114201827117,C2
-3.4850539946919956,-3.7119032448279543,C2
-3.493089274448482,-3.5824271734921975,C2
-3.4480623046351626,-3.5309290861822253,C2
-3.3768541253620605,-3.4614062756979123,C2
-3.4500163888403113,-3.6863534853049313,C2
-3.432033093176846,-3.5641661116450463,C2
-3.361710464585743,-3.512668024335074,C2
-3.2999889376778877,-3.456258064490264,C2
-3.4960731958064897,-3.6785889883137344,C2
-3.4173685605103636,-3.5712560171783054,C2
-3.33338843158097,-3.4984409525849673,C2
-3.2801717137456654,-3.425246642514974,C2
-3.3660268442103263,-3.544288791774496,C2
-3.2737619531973623,-3.3820449435929345,C2
-3.1468495635521574,-3.328658467075576,C2
-3.1034737825104446,-3.268234295470807,C2
-3.301464507437999,-3.5406854872675977,C2
-3.150642018338701,-3.3883960608923305,C2
-3.108852969551229,-3.320237188283217,C2
-3.0194966818066047,-3.257022536879368,C2
-3.280088935801661,-3.4731691845131936,C2
-3.1986649043254536,-3.3320804530300077,C2
-3.001740661576301,-3.2625158767693727,C2
-2.9457700901366026,-3.2124140760050266,C2
-3.1840239990280144,-3.325735773022479,C2
-3.0935572061829677,-3.244101556204444,C2
-2.97183558057553,-3.1964245365647814,C2
-3.0232832956366176,-3.1636556614542477,C2
-2.9034375616258643,-3.1035813548019084,C2
-2.835647144215563,-3.053381089469398,C2
-2.9562448730313204,-3.144276963530589,C2
-2.82739706879014,-3.069430260786495,C2
-2.765735875621211,-3.0105054767728343,C2
-3.105185670916699,-3.2101658325040505,C2
-2.8867253075356496,-3.087240336048877,C2
-2.8130436645345878,-3.0109879296532616,C2
-2.7335331045597586,-2.9727269575521276,C2
-2.998699066979582,-3.0884819888608224,C2
-2.732593581247096,-2.9945426890773743,C2
-2.673050005834001,-2.958706498100924,C2
-1.4757337312330212,-1.4770528123916378,C2
-1.4301581005962385,-1.4331525625520982,C2
-1.3098039199714864,-1.2323178715129297,C2
-1.2351516428065892,-1.2447181205136826,C2
-1.4165744995934932,-1.4107413650648823,C2
-1.3239468753481285,-1.3668411152253428,C2
-1.2428318077857274,-1.1576518838535017,C2
-1.1944991418415998,-1.1737123578569244,C2
-1.32358076828164,-1.3663819701572275,C2
-1.2287065573709404,-1.322481720317688,C2
-1.1481914857717626,-1.1251416959458018,C2
-1.0737604789541377,-1.1356592951030529,C2
-1.30715308072277,-1.361497534407786,C2
-0.9017024635053024,-1.3175972845682464,C2
-1.2493373538659442,-1.114839059229765,C2
-1.2559418341211646,-1.1253566583870165,C2
-1.1456332219591303,-1.0204508840310749,C2
-1.0734003460929726,-0.997571894510645,C2
-1.0390062910576638,-0.9296922343796493,C2
-0.989700043360188,-0.9024878501900766,C2
-0.9867413347164835,-0.8252721918686242,C2
-1.9434762759208997,-2.156366060074223,C2
-1.8253588073395515,-2.0476901502972664,C2
-1.620694482249418,-1.9497216492135292,C2
-1.5453075507605232,-1.8471501597307267,C2
-1.9515581964495954,-1.9668693313795578,C2
-1.6961562251113456,-1.820263994273602,C2
-1.493089274448482,-1.7210643047201886,C2
-1.3749963989851366,-1.5850165002600476,C2
-1.895854449445992,-1.911407254081503,C2
-1.5973947580800851,-1.771636756296136,C2
-1.4970269409343686,-1.678204658346306,C2
-1.4034029043735399,-1.5664957083821534,C2
-1.889747082646597,-1.901778772049401,C2
-1.5433303705762424,-1.7647626871007267,C2
-1.4202164033831899,-1.6578534366257316,C2
-1.3008563126055162,-1.5593830517389444,C2
-1.3938336853923796,-1.7600337240993311,C2
-1.2677671197795022,-1.5184579422432285,C2
-1.1690266026773495,-1.383469518276178,C2
-1.0413883422351207,-1.2707680975135256,C2
-1.328179439816751,-1.5533501670544485,C2
-1.1708249260829124,-1.32140146898232,C2
-1.0321713206698448,-1.1881227243884458,C2
-0.9738754832545498,-1.0467005429336953,C2
-1.2860896458710447,-1.421884542242187,C2
-1.09344948089855,-1.2045962391020288,C2
-0.9722427953094466,-1.0770850861117383,C2
-1.2254830342714504,-1.412256060210085,C2
-1.022413561996149,-1.1977221699066194,C2
-0.9226320947158435,-1.056733864391164,C2
-2.1741197010638205,-2.239228189803685,C2
-2.0666139580969456,-2.2343810863676734,C2
-1.993962045002683,-2.0842016903814913,C2
-1.960982678002588,-2.0966019393822437,C2
-2.103584023526877,-2.1614146962893783,C2
-2.006343371384538,-2.1565675928533667,C2
-1.889747082646597,-1.9743582105695476,C2
-1.8513973451939065,-1.9904186845729708,C2
-1.9273825234547635,-2.0647167014758985,C2
-1.8735438865681957,-2.059869598039887,C2
-1.8365404482300098,-1.8968823315282757,C2
-1.7848914189469067,-1.907399930685527,C2
-1.9685915357483759,-2.070526798931492,C2
-1.7991495019089225,-2.0656796954954806,C2
-1.8046539416515803,-1.8981081009690555,C2
-1.6963720236161102,-1.9086257001263067,C2
-1.8153085691824011,-1.9410833447928404,C2
-1.733298033115912,-1.9053755480123737,C2
-1.6595558851598817,-1.7589342828360637,C2
-1.598427154323554,-1.7713345318368163,C2
-1.689519108537325,-1.8269166163112402,C2
-1.6409237739407372,-1.7912088195307736,C2
-1.5179844235492883,-1.6065326422142396,C2
-1.48758245139916,-1.6225931162176626,C2
-1.6131444708152758,-1.7488764701713964,C2
-1.5683146553139882,-1.7131686733909297,C2
-1.4806971507645714,-1.5430578037689928,C2
-1.4403327216119424,-1.553575402926244,C2
-1.5485205948751382,-1.7592366753406172,C2
-1.4786003718846243,-1.7235288785601506,C2
-1.4587953093167416,-1.5479998079716186,C2
-1.3578323655950548,-1.5585174071288699,C2
-1.5870357280033371,-1.6033634709640214,C2
-1.4932244633933567,-1.5378047301431899,C2
-1.3405592181296822,-1.4132024355735766,C2
-1.3072411818452758,-1.4200718936360242,C2
-1.5069604116823487,-1.5545008483298606,C2
-1.3625102704874892,-1.488942107509029,C2
-1.3114022249188302,-1.3456692167554973,C2
-1.3022477258322454,-1.3561988998206151,C2
-1.474307475494989,-1.5089846417720427,C2
-1.3925449767853315,-1.4434259009512111,C2
-1.29362364416031,-1.3065570589919986,C2
-1.224608028303388,-1.3115438672109447,C2
-1.4694161403548822,-1.5193448469412636,C2
-1.339608901597533,-1.453786106120432,C2
-1.2563334785537872,-1.3114990631946244,C2
-1.122110574628516,-1.3164858714135705,C2
-1.3244049436132537,-1.4463113661505187,C2
-1.2206921724164141,-1.3515413574876693,C2
-1.2129648179737766,-1.0628924492258107,C2
-1.0381993608083215,-1.08154116991761,C2
-1.160459107031031,-1.3637182203309604,C2
-1.1287774432402928,-1.268948211668111,C2
-1.003838706631993,-1.0091852183353083,C2
-1.1605848073161065,-1.3237244052431363,C2
-1.0400527842915015,-1.228954396580287,C2
-0.9527251326158205,-0.9834210076531861,C2
-1.1507034591652734,-1.32233607998116,C2
-0.9531148091622899,-1.2275660713183107,C2
-0.9125735429637145,-0.9766144814246148,C2
-2.127727153775795,-2.1725023548120688,C2
-2.059682778425782,-1.9934043262813608,C2
-1.9226320947158435,-1.938221166683661,C2
-1.774432286560529,-1.8404366775581709,C2
-2.101439355060288,-2.0311433693918977,C2
-1.8085489855351045,-1.8024197870354677,C2
-1.709742730605482,-1.7460054389680895,C2
-1.6203319659663462,-1.6147446348652608,C2
-1.8335698861567173,-1.9487376434322217,C2
-1.6649434805609085,-1.7350101592966596,C2
-1.634137784597445,-1.684363402832865,C2
-1.5364055978129998,-1.5663387708356247,C2
-1.787013815263332,-1.9556017381139772,C2
-1.674689628288939,-1.7446286668151079,C2
-1.5931193299508752,-1.680504757826148,C2
-1.462936857218383,-1.5649164446010988,C2
-1.5573634742177682,-1.5577953912507354,C2
-1.420788219768501,-1.4238458390494415,C2
-1.337242168318426,-1.3155278294278272,C2
-1.237471477553,-1.27257477748803,C2
-1.4353339357479107,-1.481784302703465,C2
-1.3036436112666678,-1.3099053231731708,C2
-1.2654401784205238,-1.200356125081878,C2
-1.1520573611547764,-1.1239267581647423,C2
-1.4168012260313771,-1.4319025163258163,C2
-1.264960294966279,-1.2668583761161107,C2
-1.1886931599186639,-1.1630767696284015,C2
-1.1286022185125162,-1.0998835748168543,C2
-1.3740705072837054,-1.4270180805763748,C2
-1.2074682380986925,-1.264728353203362,C2
-1.1322379753497993,-1.1474695941904876,C2
-1.0214999306885408,-1.0867127181511314,C2
-1.205372555335492,-1.347366455037574,C2
-1.1268538486717443,-1.052304912019168,C2
-1.1620960554070576,-1.2584939328092248,C2
-1.0077116462029077,-0.9730594735747933,C2
-1.0476435226762093,-1.1541108341181314,C2
-0.9956786262173574,-1.14922639836869,C2
-3.860750782428393,-3.7626360447889837,C2
-3.6693833327055616,-3.620125729335938,C2
-3.784098186795968,-3.6873462880866064,C2
-3.728390698621168,-3.5781363009581764,C2
-3.5708939916673033,-3.5558778028611036,C2
-3.8224635000701377,-3.75915103188091,C2
-3.6192462291961,-3.65057279548553,C2
-3.55783391421528,-3.517288226317001,C2
-3.479647495916682,-3.4846683361050683,C2
-3.82623117686335,-3.6684016663081547,C2
-3.655804284128565,-3.5480688787077694,C2
-3.506402550999473,-3.4383273417670766,C2
-3.3875340360468575,-3.4040339011907066,C2
-4.057396751157843,-4.004068637800371,C2
-3.959397659885927,-3.8739818503075756,C2
-3.8706324042770146,-3.7906743051939946,C2
-3.774949303861951,-3.7452855630822364,C2
-3.856985199745905,-3.82627897310304,C2
-3.784098186795968,-3.7308830142023166,C2
-3.6591594501876683,-3.708624516105244,C2
-3.7418418066592056,-3.670034939561141,C2
-3.5240384108075764,-3.5752341329030286,C2
-4.199076818186782,-4.157100834689882,C2
-4.019678413991244,-3.978750010915522,C2
-3.95311480916229,-3.952884390008463,C2
-4.129713171007409,-4.116695148762687,C2
-4.001958735636571,-4.021304816364801,C2
-3.9125735429637145,-3.93183265519958,C2
-3.821886747685368,-3.9131673938566864,C2
-4.116679321617025,-4.0569479500125,C2
-3.9240882385172227,-3.8650387413242093,C2
-3.811915626285062,-3.841957927100651,C2
-3.960982678002588,-3.941332526091526,C2
-3.7351821769904636,-3.8072432342065783,C2
-4.240256632402275,-4.197747447353675,C2
-4.123435786016154,-4.1642792073375,C2
-4.255628772668139,-4.252643837736615,C2
-4.175483671992791,-4.154998884571072,C2
-4.113847818029203,-4.128731004119063,C2
-4.221053272031384,-4.183714346982903,C2
-4.14563322195913,-4.061994811777261,C2
-4.0562088010706985,-4.0313113784445855,C2
-4.1279603320267135,-4.1293175334921965,C2
-4.110306208555815,-4.031141030514391,C2
-3.9863203027088074,-3.979452830497805,C2
-4.404283380056576,-4.47221491815393,C2
-4.292004253577071,-4.38665837877553,C2
-4.2359733923079625,-4.338517542034807,C2
-4.269621531412357,-4.369867016660034,C2
-4.103363569470416,-4.210768069932171,C2
-4.115148017254002,-4.194497694431198,C2
-4.058389197846366,-4.128628147988211,C2
-4.261219441515631,-4.316624039448094,C2
-4.113622093241428,-4.237002942409192,C2
-4.014034921695129,-4.138826439431387,C2
-4.551448260798422,-4.555733206000949,C2
-4.390619055749293,-4.414132008267359,C2
-4.353008462522878,-4.3501142221334295,C2
-4.190777078310578,-4.222364750030794,C2
-4.2644011003018205,-4.317637411936065,C2
-4.154034238454516,-4.221971323923027,C2
-4.095771483659922,-4.140224828086834,C2
-4.324680016660708,-4.317397071435238,C2
-4.07852161962431,-4.171360368230517,C2
-4.563519304990505,-4.601628292707433,C2
-4.505845405981558,-4.525301473141714,C2
-4.452594540332511,-4.473289964587849,C2
-4.354872600741609,-4.4590301716773215,C2
-4.475863623407432,-4.494759574556039,C2
-4.404283380056576,-4.42400949898872,C2
-4.348334396077065,-4.359909576647713,C2
-4.286509456906058,-4.332336626915588,C2
-4.532836034030909,-4.442863050938084,C2
-4.293282217663242,-4.288164844568712,C2
-4.187153463032929,-4.25617634195592,C2
-4.44057220024051,-4.375849490386102,C2
-4.267204301710671,-4.289198185993413,C2
-4.216024996587329,-4.223298998163636,C2
-4.113734940970243,-4.176314231101868,C2
-4.637894680706227,-4.571487491476395,C2
-4.481486060122113,-4.501489487508472,C2
-4.505011026316832,-4.474234023531522,C2
-4.403952992454561,-4.3788344489548585,C2
-4.557050130422138,-4.5684638400792625,C2
-4.448062304635163,-4.4527120381138605,C2
-4.33301428167034,-4.3288223286164325,C2
-4.505706231334667,-4.501103142301284,C2
-4.385524633909605,-4.382254997350992,C2
-4.344093581819785,-4.3240180392391805,C2
-4.277942228668536,-4.265644339955916,C2
-4.440093374963888,-4.44949042326057,C2
-4.332453660488484,-4.367392317712777,C2
-4.266642212074415,-4.300009521300313,C2
-4.337053385667375,-4.364935986974821,C2
-4.191046700844089,-4.288414625425428,C2
-4.08873582900163,-4.152224813980346,C2
-4.2575891194195075,-4.294258333036712,C2
-4.104853810624008,-4.234764838402233,C2
-4.059682778425782,-4.131219046162529,C2
-3.979224511806442,-4.070084892036386,C2
-4.171791385532055,-4.286436531585517,C2
-4.025120026993069,-4.199025629791191,C2
-3.987584625237567,-4.124730319398706,C2
-3.9090369234042686,-4.048599900823587,C2
-4.559248299520815,-4.519241580016603,C2
-4.4566770993530875,-4.442914760450884,C2
-4.421246215573565,-4.37553196403842,C2
-4.3623101808815985,-4.3552349851773915,C2
-4.429340329978466,-4.418315516274,C2
-4.321299565001696,-4.347565440706681,C2
-4.280917426098514,-4.268094230507075,C2
-4.204467557289846,-4.234484094824449,C2
-4.41873319472633,-4.360439355671752,C2
-4.2155966982469915,-4.293915653683486,C2
-4.155212281172154,-4.190369861443782,C2
-4.101933339358365,-4.152344172880489,C2
-4.324038450357831,-4.31724269990676,C2
-4.194907121657327,-4.222801590758648,C2
-4.088203409562748,-4.149022698702204,C2
-4.032779740217032,-4.096000745689935,C2
-4.615825861192967,-4.680224057856647,C2
-4.641684359917805,-4.554669138313792,C2
-4.576262750017671,-4.502440155251227,C2
-4.644165504115064,-4.476791430119203,C2
-4.564633493387339,-4.592683806261882,C2
-4.503485481302255,-4.472705630717427,C2
-4.4445427827953505,-4.408388233867719,C2
-4.461049437985639,-4.369426351914098,C2
-4.527097348196336,-4.552100748319461,C2
-4.455931955649724,-4.436348946354059,C2
-4.406049704736013,-4.347956967464253,C2
-4.353498249968388,-4.3045795326299645,C2
-4.424927674286187,-4.490876548369191,C2
-4.3628105778512385,-4.364238598663475,C2
-4.309006967900131,-4.298121936324997,C2
-4.216954427885307,-4.2397482370417325,C2
-4.61261017366127,-4.614142761023636,C2
-4.560036064079095,-4.52287758546354,C2
-4.496481687275925,-4.493343621602071,C2
-4.531948208545763,-4.434840530421921,C2
-4.556893543262734,-4.497129226466826,C2
-4.5699249444480605,-4.471821636184409,C2
-4.492683959923586,-4.384828410083495,C2
-4.565431095965801,-4.467684563186448,C2
-4.4766437933452075,-4.421586040232737,C2
-4.453951133598266,-4.334628285123781,C2
-4.527682453683158,-4.595664490610936,C2
-4.549442990581671,-4.51483761420655,C2
-4.552997101533838,-4.447459826795959,C2
-4.465593100862123,-4.480355345482474,C2
-4.423313194799005,-4.444634657391894,C2
-4.442974277613617,-4.399106466331772,C2
-4.428757149439776,-4.345262378019924,C2
-4.350470434052181,-4.373232129059152,C2
-4.335922409814925,-4.303629355958932,C2
-4.312738653756494,-4.354233641958388,C2
-4.217312431765033,-4.234328387927684,C2
-4.223516744166319,-4.221697546345702,C2
-4.211973115904196,-4.181484138127363,C2
-4.090443970758825,-4.092854418927705,C2
-4.063285241788797,-4.049845666141755,C2
-4.140201452519435,-4.2153034012447845,C2
-3.9965394678904937,-4.0917739252564065,C2
-3.922268820347608,-4.13533695991774,C2
-3.927750102386485,-4.063546083890845,C2
-3.8972233851165585,-4.092617145050806,C2
-4.097018600202497,-4.1116395933657595,C2
-3.920095532333279,-4.021195893390532,C2
-3.8535618647142256,-3.920170491855023,C2
-3.962175249411658,-4.067473030908793,C2
-3.811352704000283,-3.8582751418752443,C2
-3.7961515362537654,-3.817586377284211,C2
-3.838033383635925,-3.9679615656782796,C2
-4.270916242956388,-4.309319518872155,C2
-4.249029015562681,-4.339909026475687,C2
-4.153972324635621,-4.245097331528353,C2
-4.093287943057036,-4.232672309974865,C2
-4.107015449289284,-4.186039123202457,C2
-4.0672726326984705,-4.183325605061945,C2
-4.1220530483708115,-4.257982036736401,C2
-4.057694247104106,-4.1540634527220295,C2
-4.036873558918096,-4.132129265584145,C2
-4.0745847629157534,-4.069154884460031,C2
-3.96657624451305,-3.9965242873561313,C2
-3.880414225038216,-3.961199750495444,C2
-4.0381993608083215,-4.0429561220581824,C2
-3.955460239607589,-4.008818187520742,C2
-3.8910968723326866,-3.9214151943250877,C2
-3.8784401558124992,-3.8675982533475457,C2
-4.022459294053466,-3.9335649985010495,C2
-3.886056647693163,-3.8679162417058857,C2
-3.8368386250229816,-3.8272121513678465,C2
-3.9480760839538935,-3.9512889991088658,C2
-3.8810742471742232,-3.903464462919888,C2
-3.8173000966639576,-3.837815706124724,C2
-3.764471553092451,-3.7778909467893107,C2
-3.7767637268970025,-3.800448066257306,C2
-3.7244583115986902,-3.733715735572073,C2
-3.636764195516306,-3.781927130770201,C2
-3.593459819566045,-3.7564715114740923,C2
-3.5486741915104805,-3.704925465263121,C2
-3.5700863022362457,-3.7573738956189175,C2
-3.5130031115681772,-3.680672594427226,C2
-3.487449007095789,-3.607478284357233,C2
-3.4652126413705084,-3.528288948892205,C2
-3.4624327428473247,-3.4596336698059864,C2
-3.3239468753481285,-3.396860393925888,C2
-3.4719836588107986,-3.5025173276799513,C2
-3.430626090384954,-3.419089652501978,C2
-3.335640125448859,-3.347591857940729,C2
-3.3881705205016264,-3.3545599417544336,C2
-3.2943073034622965,-3.2961749978326877,C2
-3.375511637486551,-3.337079392650777,C2
-3.335922409814925,-3.2811192298537146,C2
-2.125576169413498,-2.1758039190102707,C3
-2.077067043444788,-2.144659023398331,C3
-2.0565549509749697,-2.057430582894875,C3
-1.9496202437385421,-2.0845807012826563,C3
-2.0318907988718022,-2.1043618541959614,C3
-1.9888526392242025,-2.1055237093838093,C3
-1.9396799713117148,-2.0569066217307936,C3
-1.9030899869919435,-2.0731459634444773,C3
-1.988429556402722,-2.121680324056131,C3
-1.9051796196452002,-2.1064327896137156,C3
-1.8401321529074333,-2.0464502543551535,C3
-1.8850555842874153,-2.0745919973197684,C3
-1.922268820347608,-2.0901999608657014,C3
-1.9150664250632838,-2.0303846796518905,C3
-1.8233300673318504,-1.9768863143185564,C3
-1.7629592086208092,-1.9728954020288478,C3
-2.4877159367181463,-2.4352532569242986,C3
-2.437469231137739,-2.429253954531286,C3
-2.3950183703925685,-2.357283927189502,C3
-2.3902988976206005,-2.374325703930959,C3
-2.4081565887752157,-2.3594987120763453,C3
-2.329754146925876,-2.38580616048312,C3
-2.2632848663943888,-2.3524474859917763,C3
-2.3427528701162834,-2.36289096609278,C3
-2.3183970012691315,-2.3768171819365147,C3
-2.3270713095572777,-2.3888198865134833,C3
-2.292004253577071,-2.344095764416593,C3
-2.20859008433284,-2.366441645768528,C3
-2.2258481410452897,-2.3453368187460852,C3
-2.273354279759088,-2.312771776551658,C3
-2.2170975940253554,-2.2745318243799977,C3
-2.1821042428382045,-2.264745050477609,C3
-2.665747357665769,-2.8482451386665777,C3
-2.696803942579511,-2.832214752661365,C3
-2.6796459671823283,-2.7528614341396507,C3
-2.573163546196492,-2.78397896679445,C3
-2.5385014732169813,-2.7724905938186244,C3
-2.606073993414163,-2.788766958613199,C3
-2.62015082123717,-2.748024992941925,C3
-2.5671909949668317,-2.769292750364099,C3
-2.628562682595899,-2.7898090636787938,C3
-2.5907433479610904,-2.791780684643562,C3
-2.57577192930402,-2.7396732713667418,C3
-2.5130031115681772,-2.772843430039847,C3
-2.5628839069519214,-2.761843582241688,C3
-2.545307550760523,-2.7192474564350606,C3
-2.475084852460133,-2.67362421308347,C3
-2.4636941276489663,-2.6746617165022517,C3
-2.6591594501876683,-3.441985844065656,C3
-2.768020973168496,-3.398538397513889,C3
-2.672028376376989,-3.334549150753813,C3
-2.6910089709998357,-3.3205632890131116,C3
-2.7579557606304492,-3.366896599811522,C3
-2.7637147225519714,-3.3557559040595426,C3
-2.8434508486682186,-3.3303780101499068,C3
-2.8833922560117515,-3.3058770725827604,C3
-2.8658228924232336,-3.3842150696716913,C3
-2.8392314381388717,-3.3639175464217463,C3
-2.7864822430036953,-3.332071620242378,C3
-2.802168306671097,-3.319473083926163,C3
-3.253988892248074,-3.100758526835782,C3
-3.1513183459760494,-3.0669690402025775,C3
-3.1566426215620442,-2.99700911262334,C3
-3.0990323760808756,-2.9634056498133865,C3
-3.118273064623582,-3.0201006284312935,C3
-3.0692037370167,-2.988752053702496,C3
-3.039481657219292,-2.9435141402711476,C3
-2.996970529446382,-3.031206754721748,C3
-2.9956786262173574,-3.014131729916489,C3
-2.9051796196452,-2.971417707582145,C3
-2.9125735429637145,-2.9380821954017278,C3
-3.0078000702044148,-2.9743372552964553,C3
-2.9292235371565654,-2.9126944837198008,C3
-2.8041003475907664,-2.870571763112031,C3
-2.828273546346769,-2.8257484356685096,C3
-3.703334809738469,-3.553080279672004,C3
-3.662540738709344,-3.4975486314407327,C3
-3.5652714582202423,-3.437144614942343,C3
-3.5205686628022637,-3.389371975018893,C3
-3.5636782998602667,-3.4745704176947516,C3
-3.5238932831598087,-3.451345520263268,C3
-3.494985759915893,-3.4295528566153184,C3
-3.463820467862775,-3.369480465476654,C3
-3.5422694517540014,-3.484193808151789,C3
-3.4560560575170935,-3.450524538080304,C3
-3.359518563029578,-3.422263842162622,C3
-3.354577730650908,-3.3740938522748887,C3
-3.480697150764571,-3.4350154751135205,C3
-3.4981195062449415,-3.358588168220331,C3
-3.3584267468218245,-3.3125356428816675,C3
-3.3287345670528414,-3.264553909951951,C3
-3.8161609629435786,-3.705850945331816,C3
-3.8161609629435786,-3.6345828476289954,C3
-3.624153563690844,-3.548665717641646,C3
-3.6579723119125283,-3.500893077718196,C3
-3.7503125721946984,-3.6273410833545636,C3
-3.6435916729610187,-3.5883797364515306,C3
-3.6008456660417836,-3.543748077574451,C3
-3.5927791070726034,-3.4836756864357867,C3
-3.749092300299144,-3.6264208779737914,C3
-3.655214877367339,-3.5770151584307572,C3
-3.605023280445436,-3.5259154672839452,C3
-3.553462832926356,-3.477745477396212,C3
-3.6955094722265125,-3.5664893071636494,C3
-3.595850750790305,-3.474325550798911,C3
-3.549289121853081,-3.4054340302311172,C3
-3.5069604116823485,-3.3574522973014007,C3
-4.044937930324968,-3.83343375392333,C3
-4.0228710994193175,-3.76638292579719,C3
-3.996970529446382,-3.6678830371125732,C3
-3.9570309266068198,-3.611564599427672,C3
-4.095771483659922,-3.7720178783507308,C3
-3.9943905546397196,-3.7372738010243785,C3
-3.9450041384708583,-3.6800593834500317,C3
-3.938170692705301,-3.6129830254064546,C3
-4.018181392829336,-3.787265135216816,C3
-3.8046539416515803,-3.7496415481208976,C3
-3.792904459580782,-3.6859590982768182,C3
-3.819587367161676,-3.6369393916068966,C3
-3.90622821850127,-3.7468051539510983,C3
-3.831797253157369,-3.684088768048789,C3
-3.7584535194034516,-3.602614488783728,C3
-3.6834006979061393,-3.533419187320696,C3
-3.1099704138365833,-2.8616036402955047,C3
-3.0413883422351207,-2.8398983553418047,C3
-2.9546770212133424,-2.7561284878017824,C3
-2.9442395353122652,-2.75701259464101,C3
-3.0536951450065253,-2.7858490954475514,C3
-2.943857737940948,-2.796450561293639,C3
-2.915066425063284,-2.751292046604057,C3
-2.9329291439546297,-2.7423263782106586,C3
-2.96617430604669,-2.803167565307721,C3
-2.927750102386485,-2.799464287324002,C3
-2.8810742471742232,-2.7429403250288735,C3
-2.84103473961659,-2.7458770578864065,C3
-2.9125735429637145,-2.775202083870615,C3
-2.9292235371565654,-2.7269310591155005,C3
-2.84103473961659,-2.676891266745602,C3
-2.846185135655471,-2.657142901152908,C3
-3.4229680143739687,-3.2743721658665312,C3
-3.3851027839668655,-3.2450477676191407,C3
-3.2829955929594528,-3.1656969582999754,C3
-3.19777376230893,-3.1335362092092387,C3
-3.3284569147374263,-3.1992829216123972,C3
-3.217240807376003,-3.202265274164794,C3
-3.1951112553776087,-3.161525817696069,C3
-3.1508263669011733,-3.1188499927788875,C3
-3.2173124317650337,-3.2166013914725666,C3
-3.2028710122034476,-3.205279000195157,C3
-3.1247650535498352,-3.153174096120886,C3
-3.1269120144097142,-3.1224006724546354,C3
-3.210701388840559,-3.1645999772356106,C3
-3.1262145391817993,-3.1105195491364968,C3
-3.0902835467656553,-3.064898814987455,C3
-3.0726296369609765,-3.0220144315287496,C3
-3.6734593314834383,-3.6200175491040114,C3
-3.6540384581868586,-3.552297538050187,C3
-3.622329560665677,-3.4604875398641814,C3
-3.59773861754532,-3.434030876981765,C3
-3.6959405337824007,-3.5449283048498774,C3
-3.6430185990068686,-3.5095150445958403,C3
-3.5953372991262778,-3.458990517520105,C3
-3.560983271612487,-3.4220187788112435,C3
-3.5654310959658013,-3.5517031788722373,C3
-3.491201034596095,-3.5071330911202345,C3
-3.4658469258149376,-3.4501405317747667,C3
-3.4582959767157115,-3.4250711943168364,C3
-3.5885486578620625,-3.5116549040559373,C3
-3.5269511949114625,-3.42432677948223,C3
-3.493765640387874,-3.3554352589144365,C3
-3.4321505494268933,-3.318254961664051,C3
-3.983802646487561,-3.9601226464519774,C3
-4.1258081953209285,-3.8412577670198536,C3
-4.080869586139386,-3.748959293257221,C3
-4.0266873795470985,-3.739954014804047,C3
-4.142607189079099,-3.9036692194590312,C3
-4.0189973100586,-3.8171110908266987,C3
-4.0082867242869105,-3.7660980881743362,C3
-3.9657727392294495,-3.7465777338947173,C3
-4.057396751157843,-3.9266115557282486,C3
-4.00572685102683,-3.8384614624683855,C3
-3.95311480916229,-3.7809804275462904,C3
-3.8910968723326866,-3.779516724640327,C3
-4.029653123769907,-3.907627156970764,C3
-3.9321854888381598,-3.7943842649045103,C3
-3.8784401558124992,-3.7250042687600895,C3
-3.883060353449244,-3.691065754310544,C3
-3.182632983712406,-3.1610234272864877,C3
-3.045468057373086,-3.1090615900537153,C3
-3.0040578370074495,-3.038147301839345,C3
-2.9415739755429944,-3.0043801458945527,C3
-3.050122295963125,-3.061071750153148,C3
-2.9961088337630897,-3.041416663720163,C3
-2.893129455521346,-3.003067473117776,C3
-2.9208187539523753,-2.954674560730807,C3
-3.00056495012367,-3.0390473833092546,C3
-2.949620243738542,-3.010428408046641,C3
-2.8941493256148565,-2.9725287174408423,C3
-2.8728952016351923,-2.9344389019939645,C3
-2.9419537696047184,-2.982177883883962,C3
-2.890759031411797,-2.908991161849953,C3
-2.8642314854321778,-2.871682772970728,C3
-2.803547458296611,-2.8221051422607464,C3
-3.594653639824291,-3.5694656971334537,C3
-3.52071268352383,-3.5009096146344554,C3
-3.519418213170831,-3.4404873652837047,C3
-3.4340341825533334,-3.389311246786467,C3
-3.5341711846425636,-3.469514020000114,C3
-3.505567101273601,-3.4332646883009033,C3
-3.418961051227833,-3.405407536562136,C3
-3.3774751375964316,-3.339605661622721,C3
-3.4508740732418888,-3.4474896531562207,C3
-3.385946894012781,-3.402276432627381,C3
-3.3373365904259624,-3.3763233746466685,C3
-3.2752327543536897,-3.3208245966473453,C3
-3.411056357259985,-3.3983113201179522,C3
-3.327255801693401,-3.310340062767408,C3
-3.27083521030723,-3.266595175365714,C3
-3.239502124773473,-3.2112846543244076,C3
-4.017819254403597,-3.8255875829087502,C3
-3.9796387173522922,-3.7394385625858377,C3
-3.8863908489269723,-3.651195561809158,C3
-3.838033383635925,-3.5974365417363336,C3
-4.034751249032879,-3.7355098367150954,C3
-3.8434508486682186,-3.6816675671919703,C3
-3.7654827164873135,-3.6286637822871035,C3
-3.8227521637443767,-3.5648103647406804,C3
-3.812761380168521,-3.7118837396321003,C3
-3.760450279159527,-3.6566424441497816,C3
-3.677160727313679,-3.6055427530029696,C3
-3.6445484798734826,-3.558146682519362,C3
-3.795066477645855,-3.6791085146624343,C3
-3.733768303310107,-3.581109182358411,C3
-3.625434939277235,-3.5122176617906176,C3
-3.6057234732321786,-3.465009848265027,C3
-4.22657927670939,-4.053975403004194,C3
-4.274741933640039,-3.9235478105006414,C3
-4.239879214735432,-3.8174570386270523,C3
-4.158265221025257,-3.7697863778048863,C3
-4.215097550113345,-3.9711177122755004,C3
-4.21645371772965,-3.8729968705717424,C3
-4.10768273927752,-3.8021453145699664,C3
-4.070223567195098,-3.741390728162162,C3
-4.180061430644605,-3.972331155369098,C3
-4.117874080229968,-3.8728112877061465,C3
-4.0496838360754,-3.8038638254624253,C3
-4.016463918397007,-3.7534782268667786,C3
-4.128719027142027,-3.9318711741033803,C3
-4.03240522732811,-3.807258507634038,C3
-4.005023326350309,-3.720519215969335,C3
-3.938170692705301,-3.649958022580578,C3
-4.439495584804943,-4.577568988596545,C3
-4.479909671887158,-4.548851648463164,C3
-4.419759491734624,-4.494103719492609,C3
-4.44502654166676,-4.472065863524948,C3
-4.431329021990103,-4.436040358040697,C3
-4.394264106123253,-4.412642691193709,C3
-4.743282254022513,-4.3841361179208675,C3
-4.562407967746038,-4.375702544001872,C3
-4.635449004646028,-4.341739664889672,C3
-4.613144470815276,-4.3261406808167795,C3
-4.685922008220787,-4.341890869063961,C3
-4.573326111978627,-4.2779222692291325,C3
-4.654430243943608,-4.236183972876193,C3
-4.608535588160897,-4.497455665279822,C3
-4.5747919488613435,-4.359029104173226,C3
-4.584359020103846,-4.324799395865298,C3
-4.526221165353276,-4.292670524899373,C3
-4.522444667801019,-4.3507173100043035,C3
-4.50251746263263,-4.247882573853191,C3
-4.513427849481643,-4.243262551162715,C3
-4.485186705000714,-4.227604188721814,C3
-4.459920911195828,-4.3206272052571215,C3
-4.517698232776557,-4.226574580841113,C3
-4.376130731649698,-4.208315552702181,C3
-4.383629527708731,-4.216404828512925,C3
-4.437826136635351,-4.247089464274598,C3
-4.44502654166676,-4.145261422617852,C3
-4.425505731714672,-4.113815207268829,C3
-4.376130731649698,-4.130892199270613,C3
-4.488250288655017,-4.4216228532521615,C3
-4.334606649720288,-4.267244841517935,C3
-4.4766437933452075,-4.225820159127656,C3
-4.399027104313252,-4.141264466783518,C3
-4.3879582553547305,-4.3089088505966435,C3
-4.253988892248074,-4.190122663817901,C3
-4.219610671529047,-4.1664930872024195,C3
-4.3174939140609885,-4.077140106215312,C3
-4.346980548900387,-4.295974489147666,C3
-4.20017716900668,-4.185970414104027,C3
-4.1913164908710305,-4.148701832040089,C3
-4.164055899906152,-4.065940746006423,C3
-4.24542234395527,-4.227094772015848,C3
-4.218819279062738,-4.1093152797314705,C3
-4.176786686717333,-4.0588595104574425,C3
-4.088895682195964,-3.9850861406148206,C3
-4.42458120878564,-4.2737890219873504,C3
-4.22863302914222,-4.068750738523754,C3
-4.180587688790675,-4.054774637484817,C3
-4.129362036789194,-3.9859002969811743,C3
-4.184754408083437,-4.155690828944001,C3
-4.067983093565799,-3.986244370435889,C3
-4.023879381700184,-3.9954475655595822,C3
-3.9706162223147903,-3.919861891919615,C3
-3.9734667354767033,-4.1427564674950235,C3
-3.946537395074545,-3.982092120722019,C3
-3.9072793553159006,-3.968943272592297,C3
-3.8065970969375824,-3.8999494939057713,C3
-3.982549270489464,-4.075101464507642,C3
-3.9370421659154897,-3.907011864200599,C3
-3.85325198636936,-3.8806758288607877,C3
-3.7859513205880586,-3.815238529062262,C3
-4.484656106911619,-4.5552470653492,C3
-4.573976984310124,-4.505340617736643,C3
-4.551139154392559,-4.406670138933274,C3
-4.606424796730413,-4.369003163912011,C3
-4.674484336636852,-4.417377419622578,C3
-4.632830511465319,-4.38939337662557,C3
-4.656394491895829,-4.324961703524379,C3
-4.554084586048877,-4.301335134466313,C3
-4.565750547603525,-4.357039605583753,C3
-4.579219380451435,-4.318490350321532,C3
-4.545307550760523,-4.258968816415827,C3
-4.518127589689336,-4.259089885609406,C3
-4.581036169296377,-4.295755718674976,C3
-4.516270100999976,-4.244028429212835,C3
-4.475733731233022,-4.185098197033703,C3
-4.425043224235493,-4.163172323100587,C3
-4.556424120249742,-4.172662805237852,C3
-4.409269594207309,-4.09356498521795,C3
-4.340654364253823,-4.0055180971394835,C3
-4.37509939779551,-3.9617775988752477,C3
-4.351249787301981,-4.029583434791562,C3
-4.326426203576949,-4.002680171056298,C3
-4.346208812612188,-3.9442429685952822,C3
-4.277366077466188,-3.916972978856067,C3
-4.115261262230368,-3.9994933300443813,C3
-4.032592443402527,-3.9813721780442233,C3
-3.9935339577507682,-3.9092959701347505,C3
-3.97798426018228,-3.9057736186471814,C3
-4.032498825277159,-3.9559619677590185,C3
-4.084336396494227,-3.9246627815589386,C3
-3.9336740746379624,-3.8531778753760397,C3
-4.034234035817314,-3.8401528334213175,C3
-4.011530229790124,-3.942157841850312,C3
-3.9527251326158206,-3.847108571202778,C3
-3.975514332300833,-3.7736435861080553,C3
-3.904830648568245,-3.704153306354711,C3
-3.9775716288145135,-3.833102824024023,C3
-3.9389246763702084,-3.790248109661127,C3
-3.9292235371565654,-3.7345782303412007,C3
-3.8181564120552274,-3.6602906619448863,C3
-3.9193735130781944,-3.8201684625750483,C3
-3.9248181453813085,-3.786095859947257,C3
-3.88706002391592,-3.7167869751788736,C3
-3.862645888629267,-3.6490913017360005,C3
-3.9006647223140423,-3.78129512414039,C3
-3.837435593476981,-3.734044487312678,C3
-3.8613815661005075,-3.6653269042708687,C3
-3.856985199745905,-3.5881285403608425,C3
-3.5914208745913325,-3.550829985219607,C3
-3.669180533504163,-3.239442378263186,C3
-3.7587026128900067,-3.2160092999857968,C3
-3.5503673495299255,-3.4429354016174964,C3
-3.518700726667144,-3.315973085252111,C3
-3.5380515047962384,-3.2003770224963315,C3
-3.439973751087108,-3.1858162990754613,C3
-3.546528766277064,-3.4308763014733685,C3
-3.5250556645346123,-3.312696096843088,C3
-3.3411304077980377,-3.174747990833893,C3
-3.384260311380845,-3.1667791623664643,C3
-3.5922692719736644,-3.4230576924369447,C3
-3.528561592610701,-3.2974522342726256,C3
-3.443938840990467,-3.1600954299900046,C3
-3.452225294612177,-3.1371926737523843,C3
-4.262012673666569,-4.1438987809238235,C3
-4.084758502693806,-3.9598963622139802,C3
-4.035598928837269,-3.8734383028381303,C3
-4.131355561605174,-3.732993582572366,C3
-4.21645371772965,-4.046547491827434,C3
-4.079824477989977,-3.8997918604558954,C3
-3.9125735429637145,-3.8417559934427192,C3
-3.7991495019089223,-3.6878642102879864,C3
-4.028863370523194,-4.047373125261475,C3
-3.9226320947158433,-3.899218467930745,C3
-3.799696817018415,-3.8430866946756237,C3
-3.6888821573374946,-3.6995638993330484,C3
-4.0165992618194615,-3.988218888318702,C3
-3.855737226238009,-3.818744472142523,C3
-3.7260732198994746,-3.74482086946642,C3
-3.6718243385616773,-3.5679982925655027,C3
-4.364315237452778,-4.30655177060237,C3
-3.9318141382538383,-4.132109203615145,C3
-3.9617773616312815,-4.047368372730011,C3
-3.8013429130455774,-3.9069236524642443,C3
-4.213603538627695,-4.192943393576489,C3
-3.9850596502070634,-4.055747613927566,C3
-3.838332587562264,-3.999428975405106,C3
-3.725611204449621,-3.8455371922503736,C3
-4.116452120731957,-4.19376902701053,C3
-4.07727454200674,-4.055174221402413,C3
-3.923723744595782,-4.00075967663801,C3
-3.8610660597430764,-3.8572368812954356,C3
-4.0636370804022555,-4.134614790067756,C3
-4.015382686763251,-3.9716027536338143,C3
-3.8591778198906894,-3.9024938514288072,C3
-3.8096683018297086,-3.72567127452789,C3
-4.3971806575673,-4.532101986019405,C3
-4.366430557445908,-4.327081865468319,C3
-4.322119418488409,-4.242341034583187,C3
-4.2658404867555335,-4.10189631431742,C3
-4.3644157336887694,-4.418493608993524,C3
-4.292259545726229,-4.25072027578074,C3
-4.222863287495827,-4.1944016372582835,C3
-4.262568799485417,-4.04050985410355,C3
-4.34332695411515,-4.419319242427565,C3
-4.249106079617874,-4.250146883255587,C3
-4.151318345976049,-4.195732338491186,C3
-3.9850596502070634,-4.052209543148609,C3
-4.374893424596532,-4.337841195021212,C3
-4.263205245075639,-4.144251605023411,C3
-4.156455788054365,-4.075142702818402,C3
-3.974284616098659,-3.898320125917485,C3
-4.755722879198157,-4.579755665796874,C3
-4.814741234703415,-4.423942165189061,C3
-4.758702612890007,-4.312984492125129,C3
-4.714442690992226,-4.183737055046485,C3
-4.676747899828313,-4.499620830390076,C3
-4.732124580681102,-4.347580575501482,C3
-4.527243550682788,-4.265045094800226,C3
-4.61852390972497,-4.122350594832615,C3
-4.641874714723351,-4.500446463824117,C3
-4.603451962012868,-4.347007182976329,C3
-4.5320960534772,-4.266375796033128,C3
-4.389446294682905,-4.1340502838776745,C3
-4.6252516539898965,-4.4169921912839625,C3
-4.541966807503494,-4.239135679610352,C3
-4.4605475084505395,-4.143809935226543,C3
-4.322940822607839,-3.966987358325628,C3
-2.060780364145182,-1.797032219568996,C3
-2.0277045713888606,-1.7309247422886318,C3
-1.9637704559137055,-1.7150801832729896,C3
-1.959793372425289,-1.7203838814845984,C3
-2.0326860817129164,-1.7510324030708495,C3
-1.9582126810282483,-1.7098226472037101,C3
-1.9017024635053024,-1.706667936209909,C3
-1.8771290771355644,-1.7089491436464181,C3
-1.9796387173522922,-1.7667587226695411,C3
-1.91721462968355,-1.7076503304521902,C3
-1.873219422987991,-1.7179065573315704,C3
-1.8038238149600268,-1.726329718362114,C3
-1.9273825234547635,-1.7520984285683279,C3
-1.8526328922062134,-1.6668072259862905,C3
-1.7912899800935989,-1.6770634528656707,C3
-1.7662426370344895,-1.679178629680712,C3
-2.358823453386886,-2.109501085261147,C3
-2.4195312160489983,-2.036216258042553,C3
-2.333107788933464,-1.98385091047406,C3
-2.3527148549746335,-1.9553239816971975,C3
-2.3729415359990105,-2.0483998746948866,C3
-2.2719710455794817,-2.0190798909302536,C3
-2.282579163277625,-1.979404391383602,C3
-2.271402756616568,-1.9438892438590172,C3
-2.2934528973596424,-2.061719936592057,C3
-2.2444300193712,-2.0071149869323652,C3
-2.2309921290562262,-1.980850425258894,C3
-2.144541419613964,-1.951477231328344,C3
-2.2572748686953017,-2.0269496286441013,C3
-2.2041199826559246,-1.9342611021382428,C3
-2.180916924256297,-1.9079965404647727,C3
-2.143029566517508,-1.8723153623187203,C3
-2.515415470717157,-2.4446683095967945,C3
-2.4195312160489983,-2.397731612718161,C3
-2.6790233226571765,-2.3556870187970578,C3
-2.4920092751803087,-2.3282526596464783,C3
-2.549289121853081,-2.37925461899689,C3
-2.534022631714177,-2.376282765572219,C3
-2.540607512240769,-2.3469280196729567,C3
-2.5168407902830205,-2.3168179218082994,C3
-2.5265130299354315,-2.3925746808940604,C3
-2.5466816599529625,-2.3664225073747858,C3
-2.497163361378997,-2.3504786993487046,C3
-2.47456644657118,-2.3244059092776257,C3
-2.4452686233240333,-2.357804372946105,C3
-2.3965308402661614,-2.2935686225806644,C3
-2.378927628856374,-2.277624814554583,C3
-2.3955579337392767,-2.2452440402680023,C3
-2.822175028135318,-3.0025074424202614,C3
-2.872571222148401,-2.9435641588943535,C3
-2.7888794587419508,-2.9241482074982232,C3
-2.7822529267372063,-2.8975846457950127,C3
-2.8049310035314097,-2.9377590524141763,C3
-2.8239087409443187,-2.922780612342231,C3
-2.82333006733185,-2.9160545089679415,C3
-2.815024809301739,-2.8828984293646616,C3
-2.7899491501248628,-2.9510791143113466,C3
-2.7644715530924513,-2.9129203541447977,C3
-2.762707662432541,-2.9196051886436893,C3
-2.7392133313450238,-2.890486416833988,C3
-2.8038238149600265,-2.9136778645815915,C3
-2.743041847439068,-2.8374355275688767,C3
-2.8329782042097436,-2.8441203620677684,C3
-2.8049310035314097,-2.808693606042565,C3
-1.4681380509041906,-1.462334122465107,C3
-1.1860189243635282,-1.2765905675333618,C3
-1.2980867887876562,-1.4283959118327882,C3
-1.1197010085742474,-1.2906086682729108,C3
-1.071655364735138,-1.2506533448702535,C3
-1.1391232035967023,-1.2712858553086697,C3
-0.9574244875598095,-1.1279170956698632,C3
-1.1262726193533206,-1.1399389503068258,C3
-1.0285385949754133,-0.9608753674209439,C3
-1.0303511595192747,-0.8866905611844178,C3
-1.6560009309428387,-1.7944124054578303,C3
-1.5217221680803954,-1.5526387582268857,C3
-1.4355706730020166,-1.5814791884395092,C3
-1.2263598067399741,-1.5877675353380192,C3
-1.518270803039984,-1.7555237869451628,C3
-1.3683533370415806,-1.5283115052665797,C3
-1.2961070463674556,-1.5580085107221682,C3
-1.0617305165370887,-1.5538496224271348,C3
-1.466227941615282,-1.7263458191850942,C3
-1.3558569494900812,-1.49808295727408,C3
-1.276708553522416,-1.4903772246656124,C3
-1.114186625339511,-1.486218336370579,C3
-1.412176828681045,-1.6777079596706088,C3
-1.2516568955124505,-1.4334402831006277,C3
-1.1222831991350233,-1.4288320224725357,C3
-1.0208159663255816,-1.4246731341775023,C3
-1.9488474775526188,-1.9295154307363995,C3
-1.889410289700751,-1.7907035543451109,C3
-1.8201610719768133,-1.8278062481394832,C3
-1.7176044952574745,-1.835320819611034,C3
-1.9093892921715934,-1.9122224063256619,C3
-1.7728849174108747,-1.7879718954867347,C3
-1.7435227937583233,-1.8390235111993156,C3
-1.6407338353932515,-1.8348646229042822,C3
-1.778846678045295,-1.882083358342415,C3
-1.681310730052254,-1.7619053495520065,C3
-1.5900668766687054,-1.7755542272005311,C3
-1.559878396812196,-1.7713953389054977,C3
-1.7088532382681143,-1.8115238856645264,C3
-1.6015391503917769,-1.6595253345162608,C3
-1.5379016188648442,-1.6744502000573196,C3
-1.484656106911619,-1.6702913117622862,C3
-2.2950777087765983,-2.1672191693066485,C3
-2.2665619729089386,-1.9959564561833576,C3
-2.1975683735692764,-2.0192143960526723,C3
-2.144420277498282,-2.0267289675242224,C3
-2.2095037230328907,-2.1396353438919498,C3
-2.133949075990725,-1.9932748505690698,C3
-2.0926423918688273,-2.030431659112504,C3
-2.047207556955908,-2.0262727708174704,C3
-2.134067331806814,-2.127639881990152,C3
-2.0892689019566193,-1.9853518907157903,C3
-2.0247060846437934,-2.0048662656923955,C3
-1.9653715433746797,-2.000707377397362,C3
-2.073657553374345,-2.1138238725565204,C3
-2.0180002858701216,-1.9684384093017833,C3
-1.9469215565165803,-1.9892287721709208,C3
-1.8934691461776187,-1.985069883875888,C3
-4.2111955069553515,-4.028619715144324,C3
-4.082284483440507,-3.937061564959334,C3
-4.031003673351687,-3.839996925082649,C3
-4.118672415899448,-3.9324365292414347,C3
-4.035740369803151,-3.89703694322769,C3
-4.001522696963494,-3.8075978473784855,C3
-4.046095406586541,-3.7912055821096144,C3
-4.09248115389337,-3.9380724998039205,C3
-3.9500071430798576,-3.9114550255252807,C3
-3.8820661649603587,-3.808376924227619,C3
-3.8579235389267152,-3.798576553912189,C3
-4.0323116495466875,-3.9057511487605865,C3
-3.95311480916229,-3.865955640282026,C3
-3.881735273910521,-3.7610560548965233,C3
-3.977159389123472,-3.7486960530815776,C3
-3.8706324042770146,-3.8316618242548244,C3
-3.7349462114959855,-3.724152223442202,C3
-3.5595632338942265,-3.6459984575697146,C3
-3.700057099977233,-3.605020476849408,C3
-3.5605094096103165,-3.757688411129283,C3
-3.5319482085457623,-3.7063373744879065,C3
-3.576754126063192,-3.6377366967099043,C3
-3.423658649794207,-3.5571711094857292,C3
-3.6693833327055616,-3.7633243816917687,C3
-3.54515513999149,-3.720755456785497,C3
-3.6546262694409117,-3.564542081288304,C3
-3.6627404602497244,-3.7356610544991407,C3
-3.602581457648652,-3.6799140953929483,C3
-3.609418121449565,-3.595852928078648,C3
-3.5764264802672643,-3.5193196043083983,C3
-3.4082677610481644,-3.5933403378512088,C3
-3.3091839420190845,-3.412830214342888,C3
-3.2264329510739413,-3.36029453615835,C3
-3.0449860969619498,-3.334997907278535,C3
-3.5422694517540014,-3.5139827343378363,C3
-3.020633757603839,-3.389631175000761,C3
-3.0525172634430815,-3.3520327752985395,C3
-2.9492336887669577,-3.2852344954215034,C3
-3.2982593675627876,-3.519618704900322,C3
-3.027426919073445,-3.4040492572983516,C3
-3.0385789059335515,-3.344098814342715,C3
-2.9411945133240933,-3.28389242941912,C3
-3.283913146225168,-3.5230101071059283,C3
-3.1066266697539753,-3.4000154059699192,C3
-3.1197582241045194,-3.3382434789264415,C3
-2.9601894458516496,-3.2700462252002924,C3
-3.014618439768003,-3.4393542354432314,C3
-2.883060353449244,-3.245188524811094,C3
-3.0373465951067886,-3.1484020888191377,C3
-2.85325198636936,-3.1393496481037695,C3
-2.981715691573469,-3.3665412565418684,C3
-2.753747687700678,-3.2318866826334096,C3
-3.0987051828344327,-3.1401403279593274,C3
-2.8820661649603587,-3.0930683987782177,C3
-3.0042770780045345,-3.373052488409201,C3
-2.833866029694891,-3.247180026235847,C3
-2.6859220082207873,-3.1330816283083496,C3
-2.795337488251781,-3.0926015940806812,C3
-3.094042300907573,-3.3764438906148073,C3
-2.8404328067663798,-3.2431461749074146,C3
-2.7106340484799682,-3.127226292892076,C3
-2.7569619513137056,-3.0787553898618536,C3
-1.2014184052714523,-1.1663213596267585,C3
-1.206419132631844,-1.1740824420092566,C3
-1.27083521030723,-1.2319351350310592,C3
-1.199489123105632,-1.0864246316127086,C3
-0.9251835593548252,-1.0882327147295139,C3
-0.9058784041594385,-0.9547946439505647,C3
-1.1086298253038518,-0.9654802139844341,C3
-0.9476909003526766,-0.8214290436537258,C3
-0.9370421659154897,-0.8068665375894114,C3
-0.9044819576768491,-0.7751662469166647,C3
-1.2582970160422602,-0.6320892840389424,C3
-1.2579822528598616,-0.5809139506223475,C3
-1.7092977567121457,-1.3782472962341499,C3
-1.599807511407424,-1.243320082539347,C3
-1.5550188879120552,-1.2720222651856998,C3
-1.583858968831671,-1.2352530359586527,C3
-1.494036481981874,-1.3423573188868854,C3
-1.3130957304318227,-1.1873694114305806,C3
-1.188357978546849,-1.198326812360559,C3
-1.193413065672197,-1.1274748628133822,C3
-1.393511149557352,-1.2322915395571978,C3
-1.2680085509810706,-1.0501185115190208,C3
-1.3872161432802645,-1.0243909967946685,C3
-1.263284866394389,-1.031452114838983,C3
-1.4975728800155672,-1.1026376085754293,C3
-1.3425616772970375,-0.8720515015716642,C3
-1.0698663541588824,-0.8520329101832045,C3
-1.1177601519811766,-0.8484725682120922,C3
-1.935916564036404,-1.8233614415288015,C3
-1.8613815661005075,-1.6096085217421938,C3
-1.6777807052660807,-1.6338586530525399,C3
-1.7267671659569543,-1.6243533607214147,C3
-1.810790510417694,-1.8247141910584956,C3
-1.7223907856959089,-1.6016082094509614,C3
-1.6124322205828114,-1.6081135590449331,C3
-1.5747919488613438,-1.5729593173445882,C3
-1.7969671129852893,-1.7933570631209923,C3
-1.6029294500405913,-1.5571588862403596,C3
-1.5077985486074603,-1.5348808918968597,C3
-1.5550188879120552,-1.5569978982950052,C3
-1.7258421507363202,-1.7464121776265822,C3
-1.5486741915104805,-1.481490930368468,C3
-1.5068208793174847,-1.464921859360861,C3
-1.47716468633947,-1.4537934128893053,C3
-2.3365817877473205,-2.0207696243068636,C3
-2.234704070301943,-1.9167493635920434,C3
-2.1712756728612086,-1.947934642811323,C3
-2.086822166009532,-1.9157642893860405,C3
-2.2967086218813386,-2.01481195612935,C3
-2.1117081546434844,-1.914530980268847,C3
-2.0919977988274465,-1.9267452531987115,C3
-2.0046280939718377,-1.8689259504042088,C3
-2.304956341178706,-1.9945928509482993,C3
-2.09344948089855,-1.8863427620956477,C3
-1.95116991347165,-1.8602137912333185,C3
-1.8683813356508745,-1.869925992804017,C3
-2.2762160630346706,-1.9240333782704107,C3
-2.006255243445538,-1.7852387349524361,C3
-1.9090369234042683,-1.759109764090107,C3
-1.856985199745905,-1.7496846961009531,C3
-2.4963454807570407,-1.86194475501868,C3
-2.470569645633014,-1.8110273041415152,C3
-2.4837291172706597,-1.793736953678068,C3
-2.4741780478433375,-1.6856031275274512,C3
-2.4001169279263124,-1.6687233042140968,C3
-2.4572990305518894,-1.7343622440773434,C3
-2.3926522232315866,-1.6469381626692037,C3
-2.4106089768630667,-1.5528790409006665,C3
-2.281083313985139,-1.4592772942395276,C3
-1.9613798380502971,-1.4123430565621902,C3
-2.3432312207339834,-1.6272944711144635,C3
-1.9566377219788704,-1.5281221794706825,C3
-2.0449379303249677,-1.4107200400117692,C3
-1.6665527255032495,-1.322405535491471,C3
-2.1865524557351788,-1.4674015381562193,C3
-1.709742730605482,-1.3171553558434064,C3
-1.676747899828313,-1.234855896934375,C3
-2.274823698580863,-1.171741817781099,C3
-1.5012760292520952,-1.076624618190099,C3
-1.4193030602875631,-1.097257451081729,C3
-1.0154726866562074,-1.0535216976917963,C3
-1.5785606097799503,-1.065632418320106,C3
-1.2398792147354325,-1.0128194871683212,C3
-0.9641701747471718,-0.8993856312687721,C3
-1.3797598101541686,-0.9639923495442764,C3
-1.1028129234198465,-0.9159451040739356,C3
-0.9767475403662885,-0.7930408980272196,C3
-1.4538276316830574,-0.8799335321551323,C3
-1.093772736947641,-0.8121962780966828,C3
-0.8877302315827293,-0.6954042782169546,C3
-4.796151536253765,-4.517067999441301,C3
-4.617802789622546,-4.3494540518566325,C3
-4.519274621011513,-4.277683569722573,C3
-4.6129662987176365,-4.431486217501604,C3
-4.510604078272871,-4.35481061889989,C3
-4.459920911195828,-4.2934091245779875,C3
-4.6136794261059535,-4.409409095857715,C3
-4.554084586048877,-4.266003603588944,C3
-4.320208829019646,-4.1715361755662475,C3
-4.355266072552808,-4.105373180987642,C3
-4.752026733638194,-4.415815679481038,C3
-4.6522797829659615,-4.471631002947209,C3
-4.597394758080085,-4.4211722465242955,C3
-4.400116927926312,-4.355324737374935,C3
-4.554707230574028,-4.44955388130332,C3
-4.522734004575147,-4.306148389034549,C3
-4.493630282904496,-4.237897803190653,C3
-4.4605475084505395,-4.167288793784589,C3
-4.717151397165355,-4.364296939637933,C3
-4.566710314804975,-4.303960056512818,C3
-4.741602195904491,-4.763904411684342,C3
-4.720789487398605,-4.671901026650831,C3
-4.856985199745905,-4.633590831579234,C3
-3.490797477668897,-3.4416895679613795,C3
-3.4365189146055894,-3.3522573979292334,C3
-3.3872161432802645,-3.351559523697721,C3
-3.3535962737769305,-3.2047533677826716,C3
-3.3306831194338877,-3.2758844092661197,C3
-3.2865094569060576,-3.2758844092661197,C3
-3.4609239012072233,-3.3890004184859435,C3
-3.3914739664228057,-3.2649551013445772,C3
-3.350665141287858,-3.2686961086712576,C3
-3.2958494831602008,-3.091176160081388,C3
-3.272458742971444,-3.2099508152180856,C3
-3.2410881076020264,-3.2099508152180856,C3
-3.384049948343599,-3.3065419827465106,C3
-3.3106911408763797,-3.1824966656051443,C3
-3.279840696594043,-3.1849110806494965,C3
-3.250263684430939,-3.000303840548572,C3
-3.211124884224583,-3.1439173925226975,C3
-3.151810883008601,-3.1439173925226975,C3
-3.329754146925876,-3.2606642398644,C3
-3.283996656365201,-3.1587229753743844,C3
-3.211831628858832,-3.146359543105014,C3
-3.196542884351586,-2.968091260744359,C3
-3.130181792020672,-3.1146876210679637,C3
-3.0819696632151197,-3.1146876210679637,C3
-3.2464169411070936,-3.1928445248942614,C3
-3.2313618987523856,-3.1005297519311448,C3
-3.161150909262745,-3.072131821737515,C3
-3.0757207139381184,-2.9320113486949,C3
-3.0777937225609837,-3.0351415787616496,C3
-3.0443122496864943,-3.0351415787616496,C3
-3.2636034977233574,-3.1928445248942614,C3
-3.166215625343521,-3.1005297519311448,C3
-3.153044674980176,-3.072131821737515,C3
-3.099086932262331,-2.9320113486949,C3
-3.05453141486818,-3.0351415787616496,C3
-3.013676222949235,-3.0351415787616496,C3
-3.5421181032660076,-3.508830746734181,C3
-3.5199930570428495,-3.3937756316084493,C3
-3.4881166390211256,-3.3953853953139066,C3
-3.4559319556497243,-3.248579239398857,C3
-3.4100503986742923,-3.323157569685138,C3
-3.382999658879101,-3.323157569685138,C3
-3.5199930570428495,-3.4509708261710457,C3
-3.496209316942819,-3.301302563936094,C3
-3.4685210829577446,-3.307351209199744,C3
-3.3615107430453626,-3.1298312606098744,C3
-3.337242168318426,-3.2520532045494046,C3
-3.2865094569060576,-3.2520532045494046,C3
-3.4365189146055894,-3.3685123904316128,C3
-3.402304814074488,-3.218844128196661,C3
-3.3142582613977365,-3.2235661811779828,C3
-3.2831622767004753,-3.038958941077058,C3
-3.2636034977233574,-3.1860197818540166,C3
-3.214670164989233,-3.1860197818540166,C3
-3.393618634889395,-3.341446678408885,C3
-3.3251388592621884,-3.213882468825284,C3
-3.3045183235098023,-3.203826674492883,C3
-3.24184537803261,-3.0255583921322278,C3
-3.214670164989233,-3.1756020412586654,C3
-3.1830961606243395,-3.1756020412586654,C3
-3.3726341434072675,-3.2736269634387463,C3
-3.3018994543766103,-3.155689245382044,C3
-3.2388241868442686,-3.129598953125384,C3
-3.185086818724926,-2.989478480082769,C3
-3.1745738822321767,-3.0960559989523513,C3
-3.1084625423274357,-3.0960559989523513,C3
-3.3288271572849166,-3.2736269634387463,C3
-3.2740883677049517,-3.155689245382044,C3
-3.2388241868442686,-3.129598953125384,C3
-3.25649023527157,-2.989478480082769,C3
-3.0920514783877278,-3.0960559989523513,C3
-3.1290111862394245,-3.0960559989523513,C3
-3.707743928643524,-3.663840060526222,C3
-3.614393726401688,-3.5643798155405966,C3
-3.5783960731301687,-3.5408429460799544,C3
-3.503070351926785,-3.4051661033678204,C3
-3.485452247339714,-3.5133409229932098,C3
-3.480172006224281,-3.5133409229932098,C3
-3.6439741428068775,-3.6057924400334156,C3
-3.5917600346881504,-3.4717190479385702,C3
-3.517126416391246,-3.4526210600361207,C3
-3.485452247339714,-3.2862304246491667,C3
-3.425968732272281,-3.4420488579278055,C3
-3.369572124974976,-3.4420488579278055,C3
-3.580044251510242,-3.55251453115749,C3
-3.537602002101044,-3.4184411390626446,C3
-3.4710832997223453,-3.4035395512584365,C3
-3.4111682744057927,-3.2300616243604274,C3
-3.3496924768680634,-3.4004000781266197,C3
-3.3410351573355648,-3.4004000781266197,C3
-3.5361070110140926,-3.5120987311996354,C3
-3.45717457304082,-3.4134794796912673,C3
-3.42021640338319,-3.383800044573337,C3
-3.3809066693732572,-3.216661075415597,C3
-3.343901797987168,-3.3768845994963717,C3
-3.291579099865287,-3.3768845994963717,C3
-3.4353339357479107,-3.4442554141663826,C3
-3.370590400897281,-3.3552626541849135,C3
-3.317854923626168,-3.3073745240964234,C3
-3.2494916051486538,-3.178383364256724,C3
-3.248720896016658,-3.295140758080643,C3
-3.1681302257194983,-3.295140758080643,C3
-3.447331783887807,-3.4442554141663826,C3
-3.3419886033428874,-3.3552626541849135,C3
-3.3288271572849166,-3.3073745240964234,C3
-3.266000713461613,-3.178383364256724,C3
-3.2218487496163566,-3.295140758080643,C3
-3.166215625343521,-3.295140758080643,C3
-3.7594507517174,-3.663691211847293,C3
-3.707743928643524,-3.5703047247907134,C3
-3.6516951369518393,-3.5252569826493056,C3
-3.614393726401688,-3.3895801399371717,C3
-3.58838029403677,-3.5040404694084266,C3
-3.543633966870957,-3.5040404694084266,C3
-3.7166987712964503,-3.5734102389562326,C3
-3.6635402661514704,-3.4630758428057464,C3
-3.6038006529042637,-3.4224669822225313,C3
-3.549750891680639,-3.2534903579520553,C3
-3.5100415205751654,-3.4133612781762728,C3
-3.4596705252091264,-3.4133612781762728,C3
-3.6556077263148894,-3.541329540445617,C3
-3.560667306169737,-3.4309951442951307,C3
-3.489454989793388,-3.388708245614173,C3
-3.4559319556497243,-3.2126443298326417,C3
-3.4225082001627745,-3.3870352705444127,C3
-3.3979400086720375,-3.3870352705444127,C3
-3.623423042943488,-3.5162936166824372,C3
-3.5575202309355514,-3.4238633846007795,C3
-3.4596705252091264,-3.3667986386060993,C3
-3.45717457304082,-3.1970736805648374,C3
-3.369572124974976,-3.357297204645612,C3
-3.33161408331,-3.357297204645612,C3
-3.563837352959244,-3.4554951290622484,C3
-3.5100415205751654,-3.365646559094426,C3
-3.441291429466834,-3.2903731181291858,C3
-3.396855627379818,-3.1587959694059644,C3
-3.309803919971486,-3.2755533632298834,C3
-3.288192770958809,-3.2755533632298834,C3
-3.537602002101044,-3.4554951290622484,C3
-3.4788619162959638,-3.365646559094426,C3
-3.39040559077478,-3.2903731181291858,C3
-3.3233063903751336,-3.1587959694059644,C3
-3.288192770958809,-3.2755533632298834,C3
-3.282329496997738,-3.2755533632298834,C3
-3.8601209135987635,-3.9307954945830543,C3
-3.7904849854573692,-3.787056677416796,C3
-3.774690718274137,-3.7420089352753885,C3
-3.6903698325741012,-3.6063320925632545,C3
-3.6345120151091,-3.724096837244519,C3
-3.6345120151091,-3.724096837244519,C3
-3.835647144215563,-3.840514521691994,C3
-3.75448733218585,-3.6798277954318293,C3
-3.692503962086787,-3.639218934848614,C3
-3.638272163982407,-3.470242310578138,C3
-3.6020599913279625,-3.633417646012365,C3
-3.555955204081924,-3.633417646012365,C3
-3.7399286120149253,-3.806818130271678,C3
-3.684029654543082,-3.6461314040115136,C3
-3.625251653989896,-3.6038445053305557,C3
-3.5654310959658013,-3.4277805895490245,C3
-3.530177984021837,-3.605475945470805,C3
-3.493494967595128,-3.605475945470805,C3
-3.709965388637482,-3.769443567764161,C3
-3.625251653989896,-3.626661005572825,C3
-3.5346171485515816,-3.5695962595781445,C3
-3.42021640338319,-3.3998713015368827,C3
-3.473660722610156,-3.5633992408276667,C3
-3.452225294612177,-3.5633992408276667,C3
-3.6556077263148894,-3.688098617587787,C3
-3.575118363368933,-3.5478977175102857,C3
-3.500312917381596,-3.4726242765450457,C3
-3.424812155072339,-3.3410471278218243,C3
-3.421360790031928,-3.461108936855753,C3
-3.3736596326249577,-3.461108936855753,C3
-3.640164517660112,-3.688098617587787,C3
-3.5466816599529625,-3.5478977175102857,C3
-3.492144128304169,-3.4726242765450457,C3
-3.4436974992327127,-3.3410471278218243,C3
-3.3914739664228057,-3.461108936855753,C3
-3.3306831194338877,-3.461108936855753,C3
-3.9829666607012197,-3.947381004878297,C3
-3.962573502059376,-3.8036421877120388,C3
-3.889410289700751,-3.758594445570631,C3
-3.8477116556169433,-3.61177192192045,C3
-3.7931741239681505,-3.726402236625942,C3
-3.7569619513137056,-3.726402236625942,C3
-3.9706162223147903,-3.8652049846523537,C3
-3.8181564120552274,-3.704518258392189,C3
-3.7166987712964503,-3.663909397808974,C3
-3.703334809738469,-3.483787092600451,C3
-3.7189666327522723,-3.6438279980589057,C3
-3.5686362358410126,-3.6438279980589057,C3
-3.9136401693252516,-3.831508593232038,C3
-3.7986028756795487,-3.6708218669718735,C3
-3.749579997691106,-3.6285349682909156,C3
-3.6675615400843946,-3.441325371571337,C3
-3.632644078973981,-3.6158862975173456,C3
-3.5917600346881504,-3.6158862975173456,C3
-3.869666231504994,-3.794134030724521,C3
-3.7399286120149253,-3.6513514685331847,C3
-3.72584215073632,-3.5942867225385045,C3
-3.6345120151091,-3.4134160835591953,C3
-3.5900668766687054,-3.5738095928742073,C3
-3.5466816599529625,-3.5738095928742073,C3
-3.795880017344075,-3.7035523775150048,C3
-3.709965388637482,-3.5633514774375037,C3
-3.6458915608525992,-3.4880780364722637,C3
-3.58838029403677,-3.354591909844137,C3
-3.5257837359237447,-3.4715192889022934,C3
-3.4975728800155674,-3.4715192889022934,C3
-3.764471553092451,-3.7035523775150048,C3
-3.694648630553376,-3.5633514774375037,C3
-3.692503962086787,-3.4880780364722637,C3
-3.6497519816658373,-3.354591909844137,C3
-3.4449055514216806,-3.4715192889022934,C3
-3.5100415205751654,-3.5097165567338062,C3
-4.053547734986927,-3.977857777872733,C3
-4.031984286006359,-3.8463624094466926,C3
-3.9318141382538383,-3.790230636191571,C3
-3.9318141382538383,-3.644397265500618,C3
-3.899629454882437,-3.7590275802061104,C3
-3.8477116556169433,-3.7590275802061104,C3
-3.9829666607012197,-3.89568175764679,C3
-3.962573502059376,-3.7467063292098253,C3
-3.9136401693252516,-3.6950134375128965,C3
-3.869666231504994,-3.5158802852636013,C3
-3.7772835288524167,-3.675921190722056,C3
-3.7471469690201067,-3.675921190722056,C3
-3.9956786262173574,-3.8662081696739694,C3
-3.958607314841775,-3.7172327412370048,C3
-3.8632794328435933,-3.663861811442333,C3
-3.826813731587726,-3.477641367681983,C3
-3.785156151952302,-3.652202293627991,C3
-3.721246399047171,-3.652202293627991,C3
-3.958607314841775,-3.828211006166347,C3
-3.87942606879415,-3.697139741798211,C3
-3.785156151952302,-3.628990964689817,C3
-3.779891911959945,-3.449109478669736,C3
-3.75448733218585,-3.609502987984748,C3
-3.583359492661719,-3.609502987984748,C3
-3.9244530386074694,-3.7576231820122405,C3
-3.8096683018297086,-3.611643623423502,C3
-3.7351821769904636,-3.5252861513445484,C3
-3.669586226650809,-3.39278917767565,C3
-3.612610173661271,-3.5097165567338062,C3
-3.596879478824182,-3.5097165567338062,C3
-3.853871964321762,-3.7576231820122405,C3
-3.835647144215563,-3.611643623423502,C3
-3.688246138944246,-3.5252861513445484,C3
-3.6478174818886377,-3.39278917767565,C3
-3.625251653989896,-3.5097165567338062,C3
-3.5575202309355514,-3.5097165567338062,C3
-4.152427340857888,-4.140110177869338,C3
-4.137272471682025,-4.0181746611659115,C3
-4.094743951251549,-3.9637601164015086,C3
-4.019088062223156,-3.8179267457105555,C3
-4.008773924307505,-3.932557060416048,C3
-4.0,-3.932557060416048,C3
-4.166215625343521,-4.057934157643394,C3
-4.051098239029787,-3.919726299826628,C3
-3.85078088734462,-3.872848108600795,C3
-3.853871964321762,-3.6937149563514997,C3
-3.8181564120552274,-3.8537558618099546,C3
-3.876148359032914,-3.8537558618099546,C3
-4.145086977692144,-4.04376348889811,C3
-4.024108863598207,-3.9055556310813446,C3
-4.001304841688344,-3.838014001237964,C3
-3.910094888560602,-3.651793557477614,C3
-3.9244530386074694,-3.8263544834236223,C3
-3.835647144215563,-3.8263544834236223,C3
-4.077793722560983,-4.0192491780216075,C3
-4.013228265733755,-3.8989454842736713,C3
-3.9281179926938745,-3.8166260071165685,C3
-3.886056647693163,-3.6367445210964875,C3
-3.8416375079047502,-3.7971380304114994,C3
-3.8041003475907664,-3.7971380304114994,C3
-4.029653123769907,-3.988790777697274,C3
-3.958607314841775,-3.8535787897287377,C3
-3.9208187539523753,-3.753050617601075,C3
-3.8210230527068307,-3.606933401298117,C3
-3.7986028756795487,-3.7238607803562735,C3
-3.744727494896694,-3.7238607803562735,C3
-3.9829666607012197,-3.988790777697274,C3
-3.9030899869919438,-3.8535787897287377,C3
-3.853871964321762,-3.753050617601075,C3
-3.8239087409443187,-3.606933401298117,C3
-3.714442690992226,-3.7238607803562735,C3
-3.6655462488490693,-3.7238607803562735,C3
-4.341988603342887,-4.140110177869338,C3
-4.269217724333611,-4.0181746611659115,C3
-4.266802734893431,-3.9637601164015086,C3
-4.169411331314856,-3.8179267457105555,C3
-4.123205023799299,-3.932557060416048,C3
-4.095825631715837,-3.932557060416048,C3
-4.288192770958809,-4.068767850811271,C3
-4.23210238398191,-3.9305599929945045,C3
-4.1605219526258015,-3.8836818017686716,C3
-4.053056729302175,-3.7045486495193765,C3
-4.039053804266168,-3.8645895549778313,C3
-3.9956786262173574,-3.8645895549778313,C3
-4.231361898752385,-4.0545971820659865,C3
-4.106793246940152,-3.9163893242492214,C3
-4.0670191780768015,-3.848847694405841,C3
-4.013676222949234,-3.6626272506454907,C3
-3.9706162223147903,-3.837188176591499,C3
-3.9469215565165805,-3.837188176591499,C3
-4.128427064454121,-4.032611413870135,C3
-4.080398976215889,-3.912307720122199,C3
-4.0301183562535,-3.829988242965096,C3
-3.9788107009300617,-3.650106756945015,C3
-3.9244530386074694,-3.810500266260027,C3
-3.886056647693163,-3.810500266260027,C3
-4.166852888087215,-3.9984124843693905,C3
-4.051098239029787,-3.8632004964008533,C3
-3.9829666607012197,-3.7626723242731908,C3
-3.9172146296835497,-3.6165551079702327,C3
-3.886056647693163,-3.733482487028389,C3
-3.838631997765025,-3.733482487028389,C3
-4.096910013008056,-3.9984124843693905,C3
-4.0,-3.8632004964008533,C3
-3.9546770212133424,-3.7626723242731908,C3
-3.9030899869919438,-3.6165551079702327,C3
-3.856985199745905,-3.733482487028389,C3
-3.8181564120552274,-3.733482487028389,C3
-4.373659632624958,-4.3656603932863725,C3
-4.366531544420414,-4.2131473230190855,C3
-4.320572103387881,-4.158732778254684,C3
-4.2636034977233574,-4.012899407563729,C3
-4.202732459169283,-4.127529722269223,C3
-4.1938200260161125,-4.127529722269223,C3
-4.370590400897281,-4.286572091621942,C3
-4.313363730737707,-4.1177866802413154,C3
-4.245651664288981,-4.070908489015482,C3
-4.204119982655925,-3.891775336766187,C3
-4.151195298948196,-4.051816242224642,C3
-4.098541678603888,-4.051816242224642,C3
-4.414539270491499,-4.272401422876658,C3
-4.3260580013659125,-4.103616011496031,C3
-4.18111458540599,-4.03607438165265,C3
-4.080921907623926,-3.8498539378923002,C3
-4.060480747381382,-4.024414863838309,C3
-4.041914151478915,-4.024414863838309,C3
-4.2335871528876,-4.266536890314217,C3
-4.187755303199631,-4.115655643002419,C3
-4.101823516502323,-4.0333361658453155,C3
-4.041914151478915,-3.853454679825236,C3
-3.9746941347352296,-4.013848189140247,C3
-3.9746941347352296,-4.013848189140247,C3
-4.244887733604929,-4.2242050625705385,C3
-4.119186407719209,-4.058415521038139,C3
-4.106793246940152,-3.9578873489104778,C3
-4.083019952679618,-3.8117701326075197,C3
-4.006123085058789,-3.928697511665676,C3
-3.962573502059376,-3.928697511665676,C3
-4.20690839982342,-4.2242050625705385,C3
-4.099086932262331,-4.058415521038139,C3
-4.0655015487564325,-3.9578873489104778,C3
-3.9788107009300617,-3.8117701326075197,C3
-3.9281179926938745,-3.928697511665676,C3
-3.8728952016351923,-3.928697511665676,C3
-3.8204482088348124,-3.666638736347645,C3
-3.655214877367339,-3.5804897160247324,C3
-3.591251393815756,-3.4966962669825734,C3
-3.5231683714877393,-3.4429372469097492,C3
-3.676129393459491,-3.57183425614924,C3
-3.556893543262734,-3.517991986626115,C3
-3.4947143258558677,-3.469437753455769,C3
-3.454569170534649,-3.407389040666816,C3
-3.6190655366692983,-3.5376752747364884,C3
-3.530177984021837,-3.4824339792541696,C3
-3.4714689393645886,-3.4357838398418785,C3
-3.415216621003492,-3.390192474115741,C3
-3.5391021572434522,-3.4889101194243817,C3
-3.484126156288321,-3.3909107871203585,C3
-3.428291168191312,-3.326468818287086,C3
-3.335734199852325,-3.2810657095189653,C3
-4.020998251525279,-4.059758956194217,C3
-3.9168558568569476,-3.9293313636906655,C3
-3.8161609629435786,-3.824027041967741,C3
-3.8018930011265986,-3.7702680218949167,C3
-3.9507819773298185,-3.964954475995806,C3
-3.86359655186601,-3.866833634292048,C3
-3.767257937279263,-3.7967685284409365,C3
-3.7104110474574035,-3.7347198156519834,C3
-3.8300318260031077,-3.9307954945830543,C3
-3.6893066876566394,-3.8312756269201027,C3
-3.598771832501887,-3.763114614827046,C3
-3.5678327305574116,-3.7175232491009087,C3
-3.7964232250220276,-3.8769533327131693,C3
-3.694433686484696,-3.752340666243827,C3
-3.598599459218456,-3.6663878247297887,C3
-3.5371529641683264,-3.618398727078146,C3
-4.205442248745238,-4.05755651372328,C3
-4.23634742943547,-3.9393723699599477,C3
-4.220403508742176,-3.8229840171233094,C3
-4.091675860723821,-3.7763025092603715,C3
-4.186218921825917,-3.97703214443869,C3
-4.151379882565866,-3.8911547514751494,C3
-4.01095084356178,-3.8100056145103243,C3
-3.95233580539844,-3.7438887329932102,C3
-4.161591721505813,-3.977857777872733,C3
-4.0483225626567,-3.890581358949999,C3
-3.925915310971756,-3.8113363157432287,C3
-3.881404634776238,-3.7555884220382723,C3
-4.1042460579262725,-3.924015616002848,C3
-4.003007018109295,-3.8154194382346667,C3
-3.880084589742009,-3.7183825656069147,C3
-3.8486301497525397,-3.660236939976453,C3
-4.411616231621272,-4.236066001649378,C3
-4.2639223629960545,-4.124661209401882,C3
-4.1608992172928465,-4.012770585262742,C3
-4.115261262230368,-3.9686101326458174,C3
-4.28844583174983,-4.139284544435297,C3
-4.177439663057307,-4.060186502987589,C3
-4.086610056368245,-3.9835350947202617,C3
-4.076134524814498,-3.9174182132031476,C3
-4.2910694641933835,-4.140110177869338,C3
-4.267767119779502,-4.059613110462436,C3
-4.160773425986565,-3.984865795953166,C3
-4.111146833017064,-3.9291179022482097,C3
-4.310336034984229,-4.086268015999453,C3
-4.17366599437778,-3.984451189747103,C3
-4.11605480496572,-3.891912045816852,C3
-4.103198302335079,-3.8337664201863904,C3
-3.3419886033428874,-2.0973209468734964,C4
-3.394371777992381,-2.080280523791135,C4
-3.376440609994563,-2.0256771567204743,C4
-3.1932774969238187,-2.0767367208102074,C4
-3.35222594973117,-2.059436550867417,C4
-3.6138578910691814,-2.0056278009586133,C4
-3.6004993386853896,-2.005147962321628,C4
-3.1782900027016234,-2.0121076972784047,C4
-3.24275584897803,-2.0047497575482964,C4
-3.3380927072339794,-1.937104722860235,C4
-3.1318259591403614,-1.9314592060773372,C4
-3.176395371644842,-1.9926719346618762,C4
-3.153786636120613,-2.0078639004543355,C4
-3.2754783728814374,-1.9242955964228694,C4
-3.1942952955661355,-1.9070382378711672,C4
-3.466863711721361,-2.4165039424568358,C4
-3.4327383076461255,-2.3873588844999802,C4
-3.3856301604517114,-2.3246335904704596,C4
-3.4403327216119424,-2.337810814192715,C4
-3.5553307690614755,-2.354407619037361,C4
-3.4549404153059973,-2.3250028142200763,C4
-3.6324577264794233,-2.2595319934712967,C4
-3.4834646261042006,-2.2626569656241378,C4
-3.5380515047962384,-2.286966458359124,C4
-3.4411714751829883,-2.2675038837545216,C4
-3.6890943706238586,-2.1861560722334112,C4
-3.54821356447571,-2.267530695742595,C4
-3.654822383457296,-2.251680955226656,C4
-3.6587633767613075,-2.6626086024365927,C4
-3.5756084455897224,-2.6500580141601846,C4
-3.579384229374235,-2.6206532093429,C4
-3.660151216962363,-2.598183461311631,C4
-3.6619421245802437,-2.5963771390267425,C4
-3.7321245806811025,-2.625486003002764,C4
-3.7864822430036953,-2.6060234283981614,C4
-3.6629402736794754,-2.5692367584423375,C4
-3.597566653780688,-2.5635077388810426,C4
-3.6118987984294835,-2.6008020547252344,C4
-3.4346244972859266,-2.5835462866823335,C4
-3.726767165956954,-2.535415640778974,C4
-3.514988785421427,-2.5180747794488743,C4
-3.8677403104689554,-3.0555438425201222,C4
-3.90031935889075,-3.0248272983717386,C4
-3.9034375616258643,-2.9636693126576406,C4
-3.9943905546397196,-3.0222205545234324,C4
-3.937418015771837,-2.9944143586858187,C4
-3.963371104637839,-2.937691039498596,C4
-4.0126019008629825,-2.9169215281282335,C4
-3.958212681028248,-2.997084031097377,C4
-3.95506845385084,-2.979220065472446,C4
-3.90622821850127,-2.9035871875656505,C4
-3.8738685927380154,-2.880625163003868,C4
-4.003138231509326,-2.9578941710070623,C4
-3.909741947068684,-2.9317764869307004,C4
-3.95311480916229,-2.85976040025156,C4
-3.8979094744881633,-2.829965039316694,C4
-2.6689778289581714,-2.0872642136805655,C4
-2.5760990814715834,-2.06162959916,C4
-2.324038450357831,-2.0880641678848155,C4
-2.602755418989614,-2.058005815483464,C4
-2.6190655366692983,-2.029153848420801,C4
-2.611721136540361,-2.060709863181852,C4
-2.357931372658496,-2.0485742183315168,C4
-2.494850021680094,-2.0086886481973756,C4
-2.528561592610701,-1.9798366811347134,C4
-2.5257837359237447,-2.016159278665511,C4
-2.4861168143889074,-2.0015189921747325,C4
-2.643209539648284,-1.9829248931317116,C4
-2.7323590176540846,-1.954072926069049,C4
-2.4977094720852273,-1.9932179723739507,C4
-2.5124374397436218,-1.9785776858831734,C4
-3.2187474057515435,-2.454475325978392,C4
-2.996970529446382,-2.455275280182642,C4
-3.3510548178343273,-2.4455712318404728,C4
-3.000347574633921,-2.3861432892845618,C4
-3.068033885271827,-2.357291322221899,C4
-3.0087739243075053,-2.3888473369829497,C4
-3.268653024454045,-2.3841298460912306,C4
-3.106071873457393,-2.258520762148934,C4
-3.002613615602687,-2.2948433596797324,C4
-3.0081539463551032,-2.2876212271475698,C4
-3.237621570688036,-2.2616089741459313,C4
-3.4068247365218975,-2.271902053388171,C4
-3.1544059068399757,-2.258259071160483,C4
-3.448794056252094,-2.633146995242328,C4
-3.527389802403955,-2.6042950281796653,C4
-3.5967078548417457,-2.633679999740421,C4
-3.6667543010380372,-2.5984021335493175,C4
-3.5888855814490954,-2.5695501664866547,C4
-3.5108856306210807,-2.574044406010614,C4
-3.7602001815529014,-3.1445750416308114,C4
-3.845576026885353,-3.1068770714097034,C4
-3.7757259857057424,-3.109463910416742,C4
-3.787013815263332,-3.06159149285571,C4
-3.8843894883257004,-3.058631625685992,C4
-3.8306195046880505,-3.0093079939131924,C4
-1.9974020192800914,-1.3288368048147092,C4
-1.9457700901366028,-1.1749001430491708,C4
-2.1623484421536077,-1.1306062660421898,C4
-2.1465451586319335,-1.1338470534716547,C4
-2.1242444207419453,-1.204554266366377,C4
-2.077949597832826,-1.0046848281715182,C4
-2.2027324591692836,-0.9583891754591847,C4
-1.4050552633049167,-0.9616299628886494,C4
-1.4345063701311376,-1.109916454670346,C4
-1.5676722077383958,-0.9354310493871788,C4
-1.46167766676856,-0.8787484679108258,C4
-2.15602015552184,-0.9093224912188209,C4
-1.4633153273790698,-1.0696449502895276,C4
-1.3549709352788575,-0.9397653756149027,C4
-1.2692984557181548,-0.9017931539146512,C4
-1.1298888446355992,-0.9323671772226463,C4
-1.8904214530956134,-1.6759164437044256,C4
-1.901356274182943,-1.5249636893817566,C4
-1.9480760839538935,-1.478742427364681,C4
-1.9480760839538935,-1.4277415923296406,C4
-1.7672579372792632,-1.5728135136952697,C4
-1.7309542903423771,-1.3633026006055988,C4
-1.750801642608887,-1.3097126607849638,C4
-1.5972229303896526,-1.2587118257499235,C4
-1.6942188487450178,-1.4748283932794013,C4
-1.5897290357478155,-1.2907015131014217,C4
-1.6337638762817068,-1.2267246445167674,C4
-1.6092414712612828,-1.1783206521221636,C4
-1.6836102489268046,-1.4035157722167517,C4
-1.6073030467403342,-1.2333455313667987,C4
-1.5436339668709569,-1.175854450686978,C4
-1.4752145506787775,-1.1274504582923741,C4
-1.9854794612420763,-1.9200871799227932,C4
-1.8823973083099157,-1.805216755990472,C4
-1.9321854888381598,-1.7702931799908785,C4
-1.999132278468773,-1.7343791313335175,C4
-1.9453869454431123,-1.8745735217973092,C4
-1.960585880823863,-1.6651867304834176,C4
-1.91721462968355,-1.623103020941708,C4
-1.917573699139228,-1.587188972284347,C4
-1.9277501023864851,-1.8108042372796396,C4
-1.8377343857019786,-1.6176577307975983,C4
-1.8271053022478239,-1.5651870924918696,C4
-1.8495505905391194,-1.5314784151416305,C4
-1.940815382368629,-1.7758829683931014,C4
-1.8517059025652542,-1.5655391542205983,C4
-1.7910214827237465,-1.509371163454906,C4
-1.7290883605895189,-1.475662486104667,C4
-2.077326432141446,-2.348662750378722,C4
-2.3839448050234138,-2.235206306193722,C4
-2.3497896453396407,-2.1903438632242564,C4
-2.1645631051981415,-2.1393012504323505,C4
-2.250109158728578,-2.278334899410697,C4
-2.536405597813,-2.0902160333656203,C4
-2.443576878628715,-2.051385835147561,C4
-2.3204812563042108,-2.000343222355655,C4
-2.128485441291618,-2.250208187457582,C4
-2.2163822348092515,-2.052238242768452,C4
-2.346690987061521,-1.9965564160592062,C4
-2.2974833025618495,-1.9477191745744216,C4
-2.370386554621817,-2.1667518028369317,C4
-2.311224344727155,-1.9475105580281287,C4
-2.2400301424456925,-1.900355950730186,C4
-2.138286412428566,-1.8515187092454013,C4
-1.563519304990505,-1.2591780035492564,C4
-1.5630426693305504,-1.23842328068102,C4
-1.5474469367710746,-1.1015660937573495,C4
-1.5502131530142267,-1.2061287452091662,C4
-1.4685210829577449,-1.1839780132624578,C4
-1.3380927072339792,-1.044991151253418,C4
-1.2543787786930616,-1.0169388035790565,C4
-1.9430951486635273,-1.574101345773317,C4
-1.868702203402377,-1.5789514691248105,C4
-1.8598063214213687,-1.4064015065503028,C4
-1.8504729862456522,-1.3714510026162774,C4
-1.8213107602244103,-1.5181354544609105,C4
-1.8195873671616762,-1.472364309763955,C4
-1.7130946470276252,-1.3015545395922534,C4
-1.7594507517174003,-1.254201693524095,C4
-1.7975116829399065,-1.4385642851079956,C4
-1.784626847216578,-1.3905324446618856,C4
-1.6876110506294082,-1.20634578526855,C4
-1.6127881996862694,-1.172414802170637,C4
-1.8693446509779694,-1.4255977533271451,C4
-1.6591594501876685,-1.35080635920569,C4
-1.6087119514047026,-1.1644900247269852,C4
-1.4945786724167192,-1.1300641617835954,C4
-2.0492944652261387,-1.6648232872746611,C4
-1.9948194874962197,-1.6681417376053533,C4
-1.9457700901366028,-1.5338814428999683,C4
-1.9118639112994487,-1.599010008839754,C4
-1.9430951486635273,-1.5517071911219973,C4
-2.0283531179356933,-1.4258735485187448,C4
-1.9593976598859268,-1.421061055583255,C4
-1.9621752494116582,-1.5152747722186224,C4
-1.940815382368629,-1.4500253138687695,C4
-1.9351677802614262,-1.310814782043883,C4
-1.839231438138872,-1.289417408614663,C4
-1.9318141382538383,-1.502280160730082,C4
-1.969400278034049,-1.4170193774226374,C4
-1.9233595563296582,-1.2756791705123816,C4
-1.794254459057338,-1.247066768227621,C4
-1.9779842601822797,-2.10679778961077,C4
-2.1922620779858994,-2.0764542057821855,C4
-2.047885915093007,-1.962385096425541,C4
-2.245498770613083,-1.9699749456241842,C4
-2.1312967977214634,-2.063680808417923,C4
-2.120388092934149,-1.9689928001653152,C4
-2.144420277498282,-1.863350342910803,C4
-2.429223631205252,-1.8717053357974796,C4
-2.105850153232078,-2.022877721735785,C4
-2.181576144907921,-1.91024307285108,C4
-2.1527358982292357,-1.8108250512459487,C4
-2.1405014418122237,-1.8025951636388953,C4
-2.0877779434675845,-1.9447021076908169,C4
-2.144359719109855,-1.8120561338485204,C4
-2.1010555331334904,-1.732951781700036,C4
-2.206419132631844,-1.717506865237442,C4
-3.4138629747692066,-3.0637520531325224,C4
-3.509479690636651,-3.0243602517239605,C4
-3.303294219066083,-2.9942254178114713,C4
-3.389978975335855,-3.002145096650871,C4
-3.421590029668764,-2.9701089537408625,C4
-3.4108326094539523,-2.904407594487777,C4
-3.343422708603886,-2.8959606101573128,C4
-3.435452288244052,-2.934093276033791,C4
-3.3202088290196454,-2.868391916780706,C4
-3.3287345670528414,-2.851534215057527,C4
-3.403622856002401,-2.873660618042447,C4
-3.4792545284805176,-2.8685084592482677,C4
-3.3932962586663256,-2.8185251451147164,C4
-3.3853136577179876,-2.802162635205458,C4
-3.256020134758157,-2.8218512656775694,C4
-3.8658228924232336,-3.3273926261654734,C4
-3.898596649444669,-3.2921669353492287,C4
-3.923359556329658,-3.24222204338187,C4
-3.7977842241988684,-3.2689002041528874,C4
-3.8495505905391196,-3.2163333340691316,C4
-3.6989700043360187,-3.187642846850585,C4
-3.763966852882364,-3.175561569988104,C4
-3.666149854897455,-3.2280851214198525,C4
-3.5728385970740346,-3.1755182513360967,C4
-3.661543506395395,-3.147649414601578,C4
-3.628193541492584,-3.1261966717535494,C4
-3.8629625452104874,-3.1910659110189825,C4
-3.6482036931029764,-3.155760114071374,C4
-3.5641556340155587,-3.121478533406744,C4
-3.5900668766687054,-3.0975880180459066,C4
-4.353498249968388,-3.6574522822284288,C4
-4.201832940284061,-3.6469398718566244,C4
-4.258927227626678,-3.6033342509560025,C4
-4.30285787372454,-3.5875143207546967,C4
-4.078157518594142,-3.5310934038638715,C4
-4.288024145648245,-3.5698431379836832,C4
-4.266241164412797,-3.532911885749662,C4
-4.042105512787102,-3.495362794758135,C4
-4.068643849532072,-3.479202165057542,C4
-4.169603823516531,-3.541603246175754,C4
-4.0742754730639374,-3.498907940808014,C4
-4.002744710179897,-3.447438032704994,C4
-4.108016769148033,-3.4337911866827615,C4
-4.328271911760442,-4.127627235475264,C4
-4.326886895761766,-4.10201731580854,C4
-4.2413151501175586,-4.043113180000481,C4
-4.182765269574502,-4.016073888352349,C4
-4.339324211661476,-4.097140266553976,C4
-4.293709042741237,-4.047636513540637,C4
-4.277695213125672,-3.9876047408854225,C4
-4.278106983785043,-3.9529589874008466,C4
-4.505706231334667,-4.047109750850382,C4
-4.326794718220955,-3.9976059978370455,C4
-4.297569463554475,-3.938395875665858,C4
-4.581367312645934,-3.9056396678959597,C4
-4.61261017366127,-4.01709825687347,C4
-4.413637776692134,-3.961830450726414,C4
-4.599980364934842,-3.888699511443735,C4
-4.305131672017544,-3.84745541112501,C4
-4.566870482419515,-3.817489679777152,C4
-4.500863005462617,-3.7338584650209823,C4
-4.324863495532006,-3.5828003780825752,C4
-4.320481256304211,-3.7190489560278723,C4
-4.2165252124177535,-3.638424738418501,C4
-4.242907779881067,-3.558154359499916,C4
-4.334606649720288,-3.5024374705269343,C4
-4.00864099736205,-3.6644465210228376,C4
-4.089802630033999,-3.5838223034134664,C4
-3.9427143555817854,-3.504373574978909,C4
-3.869344650977969,-3.450546231720605,C4
-4.384470776362868,-3.596969691560027,C4
-3.8992849134269183,-3.523412659798172,C4
-3.8523236757589014,-3.4443071598250263,C4
-3.9344202852715515,-3.381883537513025,C4
-4.592269271973665,-3.9510277062768497,C4
-4.509058794643213,-3.871115314006336,C4
-4.70245833218184,-3.9414447291574617,C4
-4.466227941615282,-3.8554163112397304,C4
-4.85078088734462,-3.772124656225123,C4
-4.503762454833264,-3.72501757378863,C4
-4.470441326978837,-3.8853892414677564,C4
-4.668572703479257,-3.799360823550025,C4
-4.313810765755976,-3.6716732822976303,C4
-4.417028070895194,-3.826168186673959,C4
-4.303468880030393,-3.7317316276451074,C4
-4.128602218512516,-3.649604851575939,C4
-4.380384994257193,-3.5909478661141283,C4
-4.790484985457369,-4.179897483498858,C4
-4.552221990705379,-4.095836766907934,C4
-4.519131076312832,-4.056577354164414,C4
-4.414539270491499,-4.068430630224174,C4
-4.598944274228156,-3.9809906508891544,C4
-4.531652669587842,-3.953818803664349,C4
-4.69637202361611,-4.110073710585679,C4
-4.70245833218184,-4.009294040630749,C4
-4.4971633613789965,-3.92185406129573,C4
-4.520280764560429,-3.896571759785602,C4
-4.708853238268114,-4.068368429751802,C4
-4.380489279161502,-3.9591806186857497,C4
-4.660151216962363,-3.8661844365784166,C4
-4.497299824689438,-3.827462686328293,C4
-4.781202001888262,-4.226878256691379,C4
-4.79805693659835,-4.137827818773476,C4
-5.416008200801683,-4.115284165813386,C4
-4.750801642608887,-4.068696489647652,C4
-3.694648630553376,-3.325007774664915,C4
-3.657379957446652,-3.260245711857077,C4
-3.579384229374235,-3.216492672490778,C4
-3.641113795594131,-3.1852074868630114,C4
-3.6671577330056486,-3.227837975623937,C4
-3.630413109263656,-3.151234751279848,C4
-3.597910649427903,-3.1377446335782984,C4
-3.577410160148518,-3.1185470134692452,C4
-3.6226937489318014,-3.2050114132763285,C4
-3.6239708182718195,-3.12840818893224,C4
-3.5860300282519386,-3.115739721714718,C4
-3.4861168143889074,-3.0871706356201174,C4
-3.681727919788373,-3.108051449838059,C4
-3.550830267834799,-3.058227375826236,C4
-3.514562518923699,-3.046054100422634,C4
-3.4809599613516555,-3.015047241815225,C4
-3.5511391543925592,-3.119841677130836,C4
-3.5654310959658013,-3.063012965421121,C4
-3.4616776667685603,-3.043950262584937,C4
-3.4272445348457805,-3.012007127429809,C4
-3.4609239012072233,-3.025049604597423,C4
-3.465973893943865,-2.9705084853338337,C4
-3.4377071355435254,-2.927713862475119,C4
-3.3408447190593704,-2.8919604541703223,C4
-4.057991946977687,-3.5720184556549874,C4
-4.023283295636618,-3.534648227921305,C4
-3.96738123914928,-3.4981731025354286,C4
-4.091944125901233,-3.601925517081174,C4
-4.030490901403433,-3.4928988771979026,C4
-3.958212681028248,-3.4607635288892875,C4
-3.926648297613099,-3.4363759690221243,C4
-4.058389197846366,-3.558584093776364,C4
-3.9935339577507682,-3.449557453893093,C4
-3.9427143555817854,-3.4182437560685055,C4
-3.898596649444669,-3.384484730215795,C4
-3.9689957186364633,-3.3876883709395,C4
-3.9139962943816182,-3.349961929184801,C4
-3.871277715661573,-3.310253933909161,C4
-3.9562448730313204,-3.431216925579405,C4
-3.8827287043442356,-3.375200036418175,C4
-3.8167301563171954,-3.3392165846059645,C4
-3.799696817018415,-3.294927287779554,C4
-3.889747082646597,-3.3036377767804974,C4
-3.7090754406172457,-3.2367910045721966,C4
-3.719649306953994,-3.1997221851408284,C4
-3.743041847439068,-3.147999088876543,C4
-4.396747338018353,-3.9326366722008466,C4
-4.351054817834328,-3.816711362094098,C4
-4.231657941355467,-3.773105741193476,C4
-4.296536658116707,-3.8438084914471067,C4
-4.219754716134648,-3.722080249379803,C4
-4.191518943434049,-3.6837095079042483,C4
-4.136617651559212,-3.6374270320416584,C4
-4.279179418229656,-3.8052386971915326,C4
-4.208239195987095,-3.683510455124229,C4
-4.1898347154568505,-3.645961364132702,C4
-4.106460156435339,-3.6015684339847898,C4
-4.25072759170158,-3.7176846309698575,C4
-4.178486471595227,-3.604443737231322,C4
-4.120330794367947,-3.5529738291283017,C4
-4.0742754730639374,-3.5061431264675806,C4
-4.156082361993608,-3.6852746654625594,C4
-4.098759697926691,-3.5857634101439286,C4
-4.037678027270416,-3.5360364919833964,C4
-3.9926790470772553,-3.484624487771905,C4
-4.090550953018734,-3.526594304923728,C4
-4.0192242260373785,-3.422105528826536,C4
-3.96617430604669,-3.37153451919814,C4
-3.9118639112994487,-3.326946146132182,C4
-4.718285029972704,-4.264693738099229,C4
-4.631899148290649,-4.172655435720096,C4
-4.548367052543009,-4.058238152090263,C4
-4.621420423884225,-4.193896831921122,C4
-4.568797115443483,-4.098580606097037,C4
-4.481354475669688,-4.029280297401926,C4
-4.474436941729933,-3.9951232511387644,C4
-4.581036169296377,-4.143866316217528,C4
-4.5111673656176,-4.048550090393443,C4
-4.457423523739471,-3.980071432182359,C4
-4.423083044034793,-3.947803931633877,C4
-4.5409092103994135,-4.08142588318336,C4
-4.47134035476501,-3.9680397382956256,C4
-4.414200990986999,-3.8856402629730473,C4
-4.3892334052267294,-3.8399333136845697,C4
-4.478731124401615,-4.056830997069473,C4
-4.389872386924004,-3.9364402144838446,C4
-4.337242168318426,-3.8557837291037544,C4
-4.298691114771925,-3.8054954782645063,C4
-4.382999658879101,-3.9377942458985307,C4
-4.316682738078117,-3.8279153743910093,C4
-4.263364502313179,-3.7493409473422528,C4
-4.208660296034861,-3.7060588594323787,C4
-4.863913902615902,-4.550217301120466,C4
-4.35144484433733,-4.559223902260529,C4
-4.698319050706424,-4.548159831754774,C4
-5.05492551152127,-4.385476753234028,C4
-4.9657727392294495,-4.374719297819152,C4
-4.945004138470859,-4.318474510870035,C4
-4.703554205793604,-4.3355969673260395,C4
-5.029978734171634,-4.326860557077658,C4
-4.896538377905295,-4.295133469193984,C4
-4.815876645760329,-4.251861447827063,C4
-4.478469658721289,-4.137737506610308,C4
-4.418164075942352,-4.114802870933518,C4
-4.544698228342924,-4.106594246594485,C4
-4.439017944413765,-4.301315433759753,C4
-4.439495584804943,-4.225484642004334,C4
-4.461426266193144,-4.232835424614567,C4
-4.416461180745648,-4.169515646603355,C4
-4.681310730052254,-4.213646994090103,C4
-4.14417809459397,-4.0970633197096,C4
-4.303905840004776,-4.042394198824478,C4
-4.151379882565866,-3.8780010620884724,C4
-4.204258979130756,-4.028150849960594,C4
-4.344285450381291,-3.9191027872264423,C4
-4.118900781610983,-3.865778758391079,C4
-3.833273944419948,-3.7800826191390664,C4
-4.30189945437661,-3.9736969064580387,C4
-4.194703083842015,-3.8335618070395476,C4
-4.212327035312507,-4.039927833674175,C4
-4.294392836595395,-3.9746499726693285,C4
-4.265360161012301,-3.928137981205915,C4
-4.302334837352325,-3.920299026896322,C4
-4.163992540874468,-3.879209668967454,C4
-4.118387127521651,-3.856810361282443,C4
-4.268814292366,-3.964452070685516,C4
-3.7115271994002175,-3.728619541441441,C4
-3.910801633194851,-3.639896297700705,C4
-3.6635402661514704,-3.6193187764979826,C4
-3.8002448227465253,-3.5446910603274873,C4
-3.772370350428991,-3.672739662198413,C4
-3.9125735429637145,-3.6097930995988663,C4
-3.838631997765025,-3.583404183234051,C4
-3.63714069704132,-3.5122396878098594,C4
-4.022276394711152,-3.6542653352494896,C4
-3.9775716288145135,-3.6011696231235417,C4
-3.8900841369762067,-3.553013592314454,C4
-3.700057099977233,-3.4765862926804263,C4
-3.9714287473074625,-3.610902534078596,C4
-3.938547520912807,-3.5685908710611884,C4
-3.9570309266068198,-3.503804745679828,C4
-3.8486301497525397,-3.436553635195369,C4
-3.503901007867429,-3.170944638080299,C4
-3.4775557664936803,-3.1216238173369026,C4
-3.3965308402661614,-3.324670034286831,C4
-3.441291429466834,-3.1837416538750083,C4
-3.327255801693401,-3.1335166899825304,C4
-3.3673402867060864,-3.071854904189718,C4
-3.612432220582811,-3.3139493610887047,C4
-3.5015515968260003,-3.1838050297854226,C4
-3.426316306906202,-3.116949971320672,C4
-3.4516105818670817,-3.0570871594756186,C4
-3.4108326094539523,-3.0062420550471263,C4
-3.4303920324531756,-2.863303253291441,C4
-3.2352262830889598,-2.7659050341729055,C4
-3.1802587027269897,-2.738501810404565,C4
-3.503485481302255,-2.980822303612046,C4
-3.1582652210252564,-2.8829054233432285,C4
-3.4121768286810448,-2.7741386916642785,C4
-3.1414026550053076,-2.7360622517935282,C4
-3.3477536589966768,-2.929676590652196,C4
-3.3396089015975328,-2.851089316148123,C4
-3.0582401861853046,-2.7289701010098337,C4
-3.0672219299394494,-2.67479824876189,C4
-3.116622510251661,-2.9382823937109674,C4
-3.3813244611148603,-2.870479168315435,C4
-3.205024255948868,-2.7237404612040286,C4
-3.243135775939451,-2.6713675829038444,C4
-4.717831221695358,-4.086277016427798,C4
-4.659952682338607,-3.984565423363451,C4
-4.730020323354676,-3.873831982454783,C4
-4.853561864714226,-3.8438981504213974,C4
-4.6278247138849355,-4.016651755485431,C4
-4.603451962012868,-3.9012857169990856,C4
-4.566550206238404,-3.7867390632605913,C4
-4.596707854841746,-3.7522543340141334,C4
-4.534022631714177,-3.9368071755223917,C4
-4.514846650096348,-3.8153839674429486,C4
-4.500725418107782,-3.694103564766438,C4
-4.409158165218398,-3.6619107393593784,C4
-4.522444667801019,-3.8587837113115224,C4
-4.466990977504515,-3.7321836260082466,C4
-4.406381691870464,-3.6070976252996276,C4
-4.191586448599632,-3.585163557408278,C4
-4.603626272463494,-4.0763296826971045,C4
-4.6074789100680675,-3.972859756245745,C4
-4.666754301038037,-3.862126315337077,C4
-4.559248299520815,-3.812607677234856,C4
-4.525055664534612,-4.010263466081113,C4
-4.4156687756324695,-3.8931390942077533,C4
-4.416687848016922,-3.778592440469259,C4
-4.471597562046383,-3.724522905153966,C4
-4.554863031286696,-3.932165505192099,C4
-4.556424120249742,-3.810742297112656,C4
-4.566230166075134,-3.6894618944361457,C4
-4.574302786637409,-3.642947360795745,C4
-4.620875853929608,-3.850911948171039,C4
-4.558619115083489,-3.724311862867763,C4
-4.518270803039984,-3.599225862159144,C4
-4.532391894416366,-3.5629700860344538,C4
-4.896538377905295,-4.322977371010885,C4
-4.841336019186011,-4.214682062036158,C4
-4.892111974817201,-4.224930402812993,C4
-4.834162375309872,-4.307025730101803,C4
-4.826813731587726,-4.240368116367042,C4
-4.7251496799833355,-4.12004893340109,C4
-4.705754283861882,-4.108326999032092,C4
-4.835349784065703,-4.2764937015605975,C4
-4.6118987984294835,-4.205537251619753,C4
-4.570570735618213,-4.081048457494406,C4
-4.6076548446387955,-4.078929789005972,C4
-4.82131076022441,-4.224200250634859,C4
-4.750801642608887,-4.148066923470181,C4
-4.55455148573395,-4.0153594605846585,C4
-4.4185054577091005,-4.004099818377536,C4
-4.995678626217358,-4.589643775626892,C4
-5.078781878805049,-4.570076535661953,C4
-5.025995203102585,-4.5016228535237675,C4
-5.179929965687674,-4.431056894112185,C4
-5.115998075231213,-4.512255211346892,C4
-5.00943917000598,-4.453842810122094,C4
-4.868060704789576,-4.2706364693710555,C4
-4.962972120244225,-4.438859977239565,C4
-4.99225222199926,-4.376148739808684,C4
-4.916139199133427,-4.248958853350526,C4
-4.856360764725457,-4.171939469114227,C4
-5.02525809549905,-4.382814644588568,C4
-5.120904120499927,-4.314926529933854,C4
-4.874518734299406,-4.183931045443588,C4
-4.72792621249999,-4.097770687488597,C4
