Observed,Predicted,Group
-2.6621415709589056,-2.935507608581314,C1
-2.5320960534771997,-2.918930624573303,C1
-2.4546928835341757,-2.813443375675956,C1
-2.4822764051662642,-2.7718643433642214,C1
-2.5603515704365263,-2.925687848687809,C1
-2.5290018303391264,-2.9169794073886055,C1
-2.4404524444195657,-2.8186563625214625,C1
-2.4299242946783957,-2.777070760340482,C1
-2.523313257054355,-3.032198908234588,C1
-2.461929212956828,-3.0370709071856585,C1
-2.425968732272281,-2.914250594393672,C1
-2.349498205121633,-2.8555505913670456,C1
-2.513711239039434,-2.9929671574744217,C1
-2.4535807331648085,-3.0043605685595187,C1
-2.3521282346937675,-2.891615285003157,C1
-2.3550692920864127,-2.845175245686973,C1
-2.9546770212133424,-3.146665396661218,C1
-2.880414225038216,-3.135610234856584,C1
-2.787013815263332,-3.047997260896841,C1
-2.7486051499598956,-3.010955636715182,C1
-2.8900841369762067,-3.1274954329701226,C1
-2.828566099056992,-3.1064987218714344,C1
-2.771599641296995,-3.039503488482881,C1
-2.73849922680172,-3.010209071526402,C1
-2.8239087409443187,-3.2219108665061027,C1
-2.751536282448968,-3.2115683898667307,C1
-2.6501399178076688,-3.1359409791667616,C1
-2.626720106722504,-3.1199956159467366,C1
-2.8116340739368515,-3.2142780512022058,C1
-2.6675615400843946,-3.1856328031717345,C1
-2.60977163753087,-3.1178465340676227,C1
-2.5888855814490954,-3.100158896924188,C1
-3.3102473038608435,-3.404536957755366,C1
-3.2331411889785824,-3.403418287322446,C1
-3.169989064063882,-3.3376028841131515,C1
-3.0879374444114975,-3.304421757423186,C1
-3.256098449514821,-3.4239021133001257,C1
-3.1709536631468174,-3.420567405588716,C1
-3.101384502583814,-3.3505634858460107,C1
-3.0626827522375057,-3.3145712555093203,C1
-3.1762650116012687,-3.5103874057142597,C1
-3.1345406773380353,-3.502783132441979,C1
-3.0374412642040363,-3.428919021687028,C1
-3.0012612837441823,-3.392590186601523,C1
-3.1515029819096334,-3.50447253607803,C1
-3.1012199867101744,-3.489891184842894,C1
-3.01121815654636,-3.4166156852249214,C1
-2.9821322810364945,-3.3807666866585446,C1
-3.5785606097799505,-3.7692804444267285,C1
-3.5227340045751476,-3.7809003222549302,C1
-3.476383580945629,-3.733856627844825,C1
-3.4586704223333062,-3.684521346655309,C1
-3.505149978319906,-3.836850286992966,C1
-3.501827339363456,-3.79508840195745,C1
-3.4207882197685007,-3.7424552907600876,C1
-3.383419469914114,-3.696936244780822,C1
-3.474695990041761,-3.932476107482799,C1
-3.420673796244745,-3.8904071618326936,C1
-3.3741732867142886,-3.832280060715168,C1
-3.340749531227339,-3.777857456901097,C1
-3.392974121565214,-3.9180756661982747,C1
-3.384049948343599,-3.8721765550272864,C1
-3.3387553910406664,-3.8057330184562055,C1
-3.2781069837850425,-3.7504986007307526,C1
-3.2781069837850425,-3.413457688009038,C1
-3.194091544925803,-3.3511557518136166,C1
-3.110082316563794,-3.3005869062376916,C1
-3.0354104125100965,-3.262399612405425,C1
-3.2115487929765445,-3.4015710796161183,C1
-3.128777443240293,-3.347019998216966,C1
-3.1248808345374317,-3.2932853536576276,C1
-3.0130492121414836,-3.2598104659905682,C1
-3.146484303243071,-3.4904233215169835,C1
-3.1021530684204284,-3.4341164767703334,C1
-2.9419537696047184,-3.3785280949994316,C1
-2.8914349762671656,-3.3435821219027315,C1
-3.0775859758543658,-3.473808936482758,C1
-3.0264565314675105,-3.415629540187222,C1
-2.9336740746379624,-3.355571484058465,C1
-2.87484417041947,-3.320458892564508,C1
-3.520136886976902,-3.6235886408809894,C1
-3.3881705205016264,-3.555865856562812,C1
-3.2886990400838343,-3.4878251879561843,C1
-3.2066287510810443,-3.44140913165396,C1
-3.4121768286810448,-3.6232343768755197,C1
-3.345534666479854,-3.5411003980637155,C1
-3.2138877162801736,-3.4802102229561256,C1
-3.180192935409244,-3.434679601287623,C1
-3.3915809486827144,-3.677580048500255,C1
-3.2524328372623748,-3.618897840276383,C1
-3.2072582141652513,-3.564206250875398,C1
-3.1317083119821443,-3.504449938378915,C1
-3.347850394598347,-3.6727632674519968,C1
-3.276462238467943,-3.6076540611237826,C1
-3.167554958825889,-3.5421953310562886,C1
-3.0771189087917064,-3.4890081193198106,C1
-3.725149679983335,-3.7991406698507117,C1
-3.582196277360119,-3.763100528655412,C1
-3.5341711846425636,-3.720519357761096,C1
-3.4432152176929747,-3.6632751094154457,C1
-3.6649434805609085,-3.806885902618679,C1
-3.4956650881975357,-3.7522190125552064,C1
-3.473402290896548,-3.670499441821036,C1
-3.37903156435571,-3.6138985858683097,C1
-3.611721136540361,-3.8577169136687326,C1
-3.5114492834995557,-3.7881095933035445,C1
-3.418050341626682,-3.726210341458331,C1
-3.3334820194451193,-3.665173538518546,C1
-3.5138530031934274,-3.8522501016714625,C1
-3.442974277613617,-3.779676173464453,C1
-3.377268034835281,-3.7129811304934712,C1
-3.2895441356645754,-3.662371715302605,C1
-3.9500071430798576,-3.916689379753052,C1
-3.8594919569618202,-3.869610572692197,C1
-3.7825160557860937,-3.816726528326721,C1
-3.725611204449621,-3.7633233424114847,C1
-3.896196279044043,-3.907550981755673,C1
-3.813608784304507,-3.8708845701396846,C1
-3.7126462272852536,-3.796511169103141,C1
-3.6683702823700677,-3.7515167099294495,C1
-3.762959208620809,-3.9890526451107187,C1
-3.7358908436941918,-3.9835589044400717,C1
-3.6597542384320683,-3.93379586262519,C1
-3.5595632338942265,-3.8871555625978305,C1
-3.769806621130954,-4.004012652541544,C1
-3.6591594501876683,-3.977966803396978,C1
-3.599462010608054,-3.9233463037369174,C1
-3.5319482085457623,-3.8698819233044337,C1
-4.454692883534176,-4.322009290606815,C1
-4.327625021253921,-4.252929805464121,C1
-4.248182212263121,-4.203206818046582,C1
-4.21374560421022,-4.184475917264269,C1
-4.313721321932799,-4.367740940897259,C1
-4.220908796154501,-4.295173076371101,C1
-4.164563105198142,-4.236732131142278,C1
-4.10242788617427,-4.192872683435927,C1
-4.2648004515776865,-4.46327390327385,C1
-4.101603954069991,-4.357223555666677,C1
-4.018407882785919,-4.2991730372514745,C1
-3.9796387173522922,-4.28130492072406,C1
-4.175353585281648,-4.463103161698191,C1
-4.033576654056307,-4.360417780698279,C1
-3.9570309266068198,-4.298361173116179,C1
-3.9423338960901706,-4.280109068285134,C1
-4.490259984429618,-4.370702192193672,C1
-4.361011840656318,-4.316514433749632,C1
-4.297052753818444,-4.2716183837052535,C1
-4.269056306572264,-4.242625351449743,C1
-4.3081231774406685,-4.422251454265685,C1
-4.268250116472736,-4.366366753402133,C1
-4.184820869860581,-4.319244478365799,C1
-4.150642018338701,-4.261063155929135,C1
-4.288108450119421,-4.5508255165878175,C1
-4.209152096034568,-4.449570669299842,C1
-4.115148017254002,-4.396215776752012,C1
-4.098596173174748,-4.362843013767553,C1
-4.21645371772965,-4.538338088539699,C1
-4.136736636349519,-4.4457524882775274,C1
-4.0678815279708775,-4.396537763867126,C1
-4.047159143324299,-4.3641908949624755,C1
-4.591929714112815,-4.382824253981239,C1
-4.612432220582812,-4.369924273049104,C1
-4.562090964460501,-4.299592020721789,C1
-4.505984625242856,-4.438129138868105,C1
-4.4752145506787775,-4.428210181624431,C1
-4.483068191131987,-4.364651287940095,C1
-4.3921162556430104,-4.321749472091987,C1
-4.393081474051709,-4.573859542775624,C1
-4.3663295939485565,-4.543839013223807,C1
-4.324955264044108,-4.472045700018286,C1
-4.295163393788596,-4.453793322273861,C1
-4.4185054577091005,-4.564971753950359,C1
-4.281913705216908,-4.535866571894763,C1
-4.239879214735432,-4.483455493694986,C1
-4.249645911237292,-4.4600818283077235,C1
-4.792904459580782,-4.32172861266825,C1
-4.6217838502501225,-4.2733889347776595,C1
-4.686554629573586,-4.2817074030714934,C1
-4.552221990705379,-4.37699630169882,C1
-4.686765708305276,-4.3788784577701465,C1
-4.5968794788241825,-4.311653424678868,C1
-4.573163546196492,-4.502676014955442,C1
-4.486649201194043,-4.436041821586308,C1
-4.447210149807218,-4.457308645704675,C1
-4.56304266933055,-4.5007470138043715,C1
-4.47249898901888,-4.463127981005403,C1
-4.428407616638693,-4.439903475378991,C1
-4.385208208043583,-4.4547368186585405,C1
-4.8344589232776265,-4.226419329215159,C1
-4.731422028117157,-4.246715729865026,C1
-4.669789215428472,-4.216152810988842,C1
-4.680269505669775,-4.230644507676223,C1
-4.722390785695909,-4.281405463424609,C1
-4.700492701299512,-4.29129753518819,C1
-4.487182241435127,-4.319028047323328,C1
-4.664742743565468,-4.482550100851214,C1
-4.566230166075134,-4.498608110351304,C1
-4.43937612545007,-4.447454262987424,C1
-4.410050398674293,-4.4629884242284605,C1
-4.600499338685389,-4.47571590400759,C1
-4.450016388840311,-4.495664354348166,C1
-4.400007822415902,-4.4441837283682455,C1
-4.314526980277241,-4.448901114380801,C1
-4.850165303284215,-4.090018944600837,C1
-4.5707323335668315,-4.076945812954048,C1
-4.420559402860203,-4.071947540319145,C1
-4.429457060118103,-4.060502504065265,C1
-4.550059011226662,-4.097040119287431,C1
-4.472112434047295,-4.084535513695747,C1
-4.380489279161502,-4.0834079293083505,C1
-4.272296116314646,-4.082598182248809,C1
-4.356251314540474,-4.138553381043049,C1
-4.243439956993317,-4.122893714059247,C1
-4.162916849176814,-4.092707319745946,C1
-4.145147637582166,-4.1072804680861275,C1
-4.30592153791924,-4.157641233252084,C1
-4.208519883979999,-4.1434043289499325,C1
-4.1491700401514695,-4.1176808853487055,C1
-4.152489034796752,-4.1157652836846115,C1
-4.44057220024051,-4.040684083906238,C1
-4.265360161012301,-3.9880238691692926,C1
-4.18701983396052,-3.9987409619167007,C1
-4.167491087293763,-3.9623252527790247,C1
-4.2914941190447635,-4.034691514173515,C1
-4.1703746466419505,-3.990508102677979,C1
-4.146545158631933,-3.9638055006127435,C1
-4.088309841246139,-3.9528113401384157,C1
-4.217169194797409,-4.172430737352337,C1
-4.058041583469186,-4.1532731716816444,C1
-4.027612000892527,-4.099737600056763,C1
-3.8921119748172015,-4.057533390040737,C1
-4.238372815438417,-4.159007448264573,C1
-4.023787622882623,-4.133753973538074,C1
-4.0125124938669074,-4.099687054454482,C1
-3.9812995013337567,-4.053812777223035,C1
-4.329939782526866,-3.964472416079402,C1
-4.068643849532072,-3.8574739562863547,C1
-4.000912977374112,-3.805720990070543,C1
-3.9377941911802874,-3.7785461630110144,C1
-4.139961610192807,-3.9090934262258434,C1
-3.958607314841775,-3.8190127322413256,C1
-3.938547520912807,-3.7652426974576776,C1
-3.8309136425129773,-3.7434617588988433,C1
-4.095338542084476,-4.009405756887815,C1
-3.9427143555817854,-3.9053036524938824,C1
-3.827689031478046,-3.8468718475099513,C1
-3.7937139555875676,-3.817597879534605,C1
-4.017683530307934,-3.9924511088435146,C1
-3.9030899869919438,-3.903359346612756,C1
-3.8677403104689554,-3.8396176918227902,C1
-3.747875447494356,-3.814058970022429,C1
-4.589391457431632,-4.094600014310101,C1
-4.621057301386562,-4.129558089299144,C1
-4.637329070274333,-4.172978068330884,C1
-4.486116814388907,-4.190159761205378,C1
-4.357733381097327,-4.163407819070374,C1
-4.271078353627141,-4.147650594195951,C1
-4.359220522655143,-4.23502883485944,C1
-4.2813322646837895,-4.2500524889799385,C1
-4.147276089208794,-4.18689098907605,C1
-4.142969201727376,-4.1956156616929405,C1
-4.21339052735134,-4.247258811579894,C1
-4.22373478173189,-4.257513267453821,C1
-4.142848497312507,-4.198643641526354,C1
-4.0678815279708775,-4.207514366126678,C1
-4.310868802765502,-3.9926096211116633,C1
-4.134540677338035,-3.970142926668489,C1
-4.082547008070336,-3.9213466285270897,C1
-4.040720049869061,-3.9072846984707823,C1
-4.179273237176166,-3.9854649887853784,C1
-4.090443970758825,-3.9703776132868156,C1
-3.9800533183211577,-3.940528602732769,C1
-3.9657727392294495,-3.9181777263155353,C1
-4.053695145006525,-3.948308457849379,C1
-4.055862926841902,-3.941669252972851,C1
-3.934793871945688,-3.8775379918980546,C1
-3.914709421769935,-3.8523778441145664,C1
-4.116281798036041,-3.9581928202156633,C1
-4.0254883072626715,-3.9530639807017542,C1
-3.932557157223619,-3.8888665149670847,C1
-3.827689031478046,-3.872092099043954,C1
-3.9430951486635273,-3.7210145003823945,C1
-3.8579235389267152,-3.6674642085943003,C1
-3.7817271464285525,-3.668286366610703,C1
-3.755228238504705,-3.62314185039482,C1
-3.8735438865681955,-3.734461663527457,C1
-3.8616973018337184,-3.6906684107069907,C1
-3.7321245806811025,-3.6816736578934184,C1
-3.6996219351292976,-3.628920104532598,C1
-3.876475019057268,-3.8308949277086297,C1
-3.760450279159527,-3.7695267116443567,C1
-3.6961562251113453,-3.760035888162602,C1
-3.671416550285798,-3.706773017041239,C1
-3.849243560139691,-3.831645566057775,C1
-3.753994095923971,-3.767671541878469,C1
-3.653255945395151,-3.7628129167795747,C1
-3.577410160148518,-3.715830857016594,C1
-3.7726275577103636,-3.5191498830343426,C1
-3.5736514262124923,-3.4380204721013365,C1
-3.516698047641833,-3.412055017657707,C1
-3.4661008992034055,-3.361990353151821,C1
-3.7358908436941918,-3.5085335236787762,C1
-3.549289121853081,-3.4184141405962567,C1
-3.516412703031106,-3.385214085241331,C1
-3.4943074925878,-3.3247742386226906,C1
-3.538651566352017,-3.5505027888575817,C1
-3.4480623046351626,-3.4399899063950152,C1
-3.4278256863869405,-3.3818325951135884,C1
-3.361410916707283,-3.3053472571195064,C1
-3.5845258318907645,-3.5556520405659255,C1
-3.4740486587519874,-3.4490559858038936,C1
-3.393618634889395,-3.3952003004745643,C1
-3.376647318462008,-3.3234590136362825,C1
-4.074739490480565,-3.808849899510605,C1
-3.7791077507804807,-3.7285789188480876,C1
-3.669789215428472,-3.6566085227789626,C1
-3.6449317936511494,-3.6562800948856675,C1
-3.8738685927380154,-3.8084416305289306,C1
-3.771599641296995,-3.724734030423082,C1
-3.628193541492584,-3.6861391688415814,C1
-3.573976984310124,-3.6699874641243957,C1
-3.7888794587419508,-3.9199471708564255,C1
-3.69637202361611,-3.8315716485000473,C1
-3.5620909644605017,-3.7637155855377324,C1
-3.5159850373324373,-3.7290138346722475,C1
-3.8353497840657034,-3.9079216454559353,C1
-3.697669071315601,-3.829678123111692,C1
-3.5565805382171827,-3.7666673574621097,C1
-3.4438181533470886,-3.7551685438712825,C1
-3.7883455994468176,-3.5697591526301364,C1
-3.4647058799572297,-3.4548620364368356,C1
-3.4314462879505574,-3.3569583309334323,C1
-3.352519226826324,-3.3636297258998193,C1
-3.5601937886066697,-3.529032383463689,C1
-3.4183916339679423,-3.4222768312323253,C1
-3.3998987443086093,-3.362256823400991,C1
-3.3027706572402824,-3.32990351893023,C1
-3.599807511407424,-3.664133377883599,C1
-3.447210149807218,-3.5371109838119703,C1
-3.3237637832366884,-3.4447552518425764,C1
-3.318849250067579,-3.4220230025377827,C1
-3.5395532161192795,-3.6492959060930663,C1
-3.401866354186762,-3.538201826841133,C1
-3.2688142923659997,-3.4506324975202745,C1
-3.151995728502732,-3.4292299859131594,C1
-3.6348865683724227,-3.2960638389080046,C1
-3.21289390696343,-3.1913067518380296,C1
-3.2225731776106885,-3.0906416932657175,C1
-3.1645631051981415,-3.037899075053008,C1
-3.3279021420642825,-3.2881996615259315,C1
-3.103749437538362,-3.152365809711289,C1
-3.086663074067377,-3.076649688740583,C1
-3.1385253311428314,-3.0113985552991838,C1
-3.2649602949662793,-3.3546656121947813,C1
-3.1324735888002566,-3.2655346027402308,C1
-3.0693565589578355,-3.1384687921113943,C1
-3.0055068771164875,-3.0947122892084122,C1
-3.340178841944295,-3.3425616978119432,C1
-3.066107964235789,-3.254553897914517,C1
-2.988006885340743,-3.137866300837576,C1
-3.0034445503666345,-3.0920670115611104,C1
-3.4652126413705084,-2.840758007777697,C1
-2.9083330424043154,-2.7767860023351334,C1
-2.938547520912807,-2.6661670971258853,C1
-3.100015437450609,-2.8659255379762962,C1
-2.940058111938045,-2.7830467642920556,C1
-2.982549270489464,-2.761576940814236,C1
-2.6673595896125373,-2.687213434175186,C1
-3.162222230446267,-3.0083620708046053,C1
-2.8096683018297086,-2.954228366300089,C1
-2.75300930075845,-2.8455035448909265,C1
-2.996970529446382,-2.7853289811913404,C1
-3.282329496997738,-2.9914121030301217,C1
-2.904830648568245,-2.926510135019439,C1
-2.7894139750948437,-2.819839920659814,C1
-2.7404061211140514,-2.769373780062503,C1
-2.8271053022478236,-3.0349482112631385,C1
-2.676129393459491,-3.0011351111237796,C1
-2.5379016188648444,-2.9280253439855795,C1
-2.5483670525430093,-2.9066378404318476,C1
-2.6759234202605136,-2.9734721355228624,C1
-2.6101254416090147,-2.9318461223466654,C1
-2.580209413893637,-2.88232471889606,C1
-2.495121540589784,-2.870266106580448,C1
-2.7572101905213233,-2.911143955299975,C1
-2.549442990581671,-2.8792402172305867,C1
-2.5380515047962384,-2.791031652985761,C1
-2.4901257149952807,-2.7863691075873005,C1
-2.5696024086130334,-2.8404715821300837,C1
-2.5164127030311056,-2.826470317738982,C1
-2.4879830305038735,-2.73389264488101,C1
-2.4452686233240333,-2.751169406926955,C1
-3.2211255279972604,-3.484321849616332,C1
-3.0916222275676053,-3.43206232988871,C1
-3.0736060997303176,-3.37948776387006,C1
-3.023695883447997,-3.337173256359227,C1
-3.167491087293764,-3.4251632284554616,C1
-3.089002283689357,-3.3581243467101936,C1
-3.106071873457393,-3.306949135518027,C1
-2.975514332300833,-3.2736330383682315,C1
-3.0638885683251456,-3.3510272185859855,C1
-3.0130492121414836,-3.2941786897418917,C1
-2.9037854146535946,-3.2415218628302425,C1
-2.846795099915716,-3.205892654106055,C1
-3.0079769722361496,-3.3122980985665675,C1
-2.9570309266068198,-3.25702231204905,C1
-2.846795099915716,-3.19424987201685,C1
-2.791558643561433,-3.151404679111846,C1
-3.5131446447230568,-3.7822980193442564,C1
-3.422738046414185,-3.743192844337267,C1
-3.379447555270565,-3.6516604351285524,C1
-3.3307761260691944,-3.6229849702731376,C1
-3.5240384108075764,-3.742508353121611,C1
-3.4252744164059266,-3.6855440676922253,C1
-3.331148351917481,-3.6077769876158667,C1
-3.267767119779502,-3.5802798340179476,C1
-3.406271001292089,-3.6704032077287922,C1
-3.325598187154718,-3.6196522849349964,C1
-3.2842472831771405,-3.5674311388184523,C1
-3.227238352855968,-3.523970619171174,C1
-3.325230685984574,-3.6224030357030332,C1
-3.3131850454926832,-3.56121011150882,C1
-3.2287800980504664,-3.515979241233254,C1
-3.1894986522334703,-3.4769161622756792,C1
-3.8329782042097436,-3.9872335549682245,C1
-3.7382614526474622,-3.9349979289607564,C1
-3.674484336636852,-3.9094692200640377,C1
-3.6773672883077766,-3.8516255144423046,C1
-3.7068585165490693,-3.8765833001314776,C1
-3.703115524461453,-3.792107650623493,C1
-3.6212388246836267,-3.751238876093035,C1
-3.5897290357478155,-3.70881367860587,C1
-3.682563503464901,-3.783103709880393,C1
-3.6181632000016566,-3.7013032280276663,C1
-3.5598783968121963,-3.6603323306496667,C1
-3.5697636465884894,-3.604681386120718,C1
-3.6322714539130234,-3.7124755336679787,C1
-3.6101254416090147,-3.638576211168055,C1
-3.5355104525660286,-3.59218541794713,C1
-3.4928190227397593,-3.548897146192586,C1
-3.7493360805367564,-3.959509128802667,C1
-3.651305809734459,-3.844166574612965,C1
-3.3737623148530997,-3.6581377406153575,C1
-3.7015836199387055,-3.8877444347669017,C1
-3.515130967279598,-3.7692476972980664,C1
-3.474307475494989,-3.688696751147953,C1
-3.331893762067269,-3.5770573341874217,C1
-3.5536181877775577,-3.8216140719748197,C1
-3.425968732272281,-3.680825311958767,C1
-3.3397987986193183,-3.5867948948061237,C1
-3.229958445680331,-3.4981156413491963,C1
-3.568797115443483,-3.8026614497169957,C1
-3.4005536242747243,-3.669095693326034,C1
-3.3432312207339834,-3.5360254909637256,C1
-3.1615917215058134,-3.4342047863264984,C1
-3.8904214530956134,-4.054619075179646,C1
-3.714217726220605,-3.9491233751637167,C1
-3.626536278367631,-3.8675923587229497,C1
-3.616005210558267,-3.7633433560931984,C1
-3.858236769724212,-3.9937628951884068,C1
-3.752763450493236,-3.8746225763054634,C1
-3.576918041702769,-3.7796782339958455,C1
-3.540155357611792,-3.6832945670070667,C1
-3.7387371312075066,-3.9502953210501603,C1
-3.6424462802569186,-3.8307919793204768,C1
-3.508218224415834,-3.7378921912782688,C1
-3.4308602745275407,-3.6457393807134273,C1
-3.697669071315601,-3.882242348621567,C1
-3.5694412304772425,-3.7790909352332727,C1
-3.4748255721647285,-3.657810872015871,C1
-3.3665315444204134,-3.5586062177710125,C1
-4.100179497572904,-4.249354765608472,C1
-3.9546770212133424,-4.133592644683418,C1
-3.8404328067663798,-4.079454577134487,C1
-3.838631997765025,-3.9973654057973658,C1
-3.9821322810364945,-4.210575708827325,C1
-3.9013562741829433,-4.090562274450915,C1
-3.8074325466634544,-4.007320290910132,C1
-3.6952941017872347,-3.9328780015424267,C1
-3.9734667354767033,-4.165405494265805,C1
-3.862329462763245,-4.073660925773608,C1
-3.765735875621211,-3.979278316343476,C1
-3.6842395093342653,-3.9190549177426615,C1
-3.9295926782598802,-4.112109834872574,C1
-3.8155925145876797,-4.017227117854093,C1
-3.752763450493236,-3.9347279337761183,C1
-3.5949953349496306,-3.8400769582698504,C1
-4.254300773397494,-4.30415244978853,C1
-4.192464971931146,-4.2392026416034065,C1
-4.105683937315562,-4.180849536720781,C1
-4.184156709336733,-4.306030924498929,C1
-4.107182175690424,-4.221615292740214,C1
-4.017547848615011,-4.151110232567789,C1
-3.975925012692574,-4.080743701516131,C1
-4.129186576084402,-4.310809275474499,C1
-3.9888526392242025,-4.210345470819079,C1
-3.9476909003526766,-4.128379517007029,C1
-3.8413360191860106,-4.051828346742069,C1
-4.093772736947641,-4.249761932650047,C1
-3.9767475403662886,-4.128866493939605,C1
-3.9125735429637145,-4.080406796782307,C1
-3.8133261325002548,-3.9872182083076018,C1
-4.553929064298995,-4.539472519372369,C1
-4.421934116163908,-4.4019517094512866,C1
-4.316412682427233,-4.310061531430868,C1
-4.233215484502141,-4.259021857402755,C1
-4.476123524361869,-4.393678365763756,C1
-4.330311291943792,-4.282368587127414,C1
-4.254222782110241,-4.189913553207367,C1
-4.06023122454665,-4.123708128386197,C1
-4.3436142809413125,-4.342267755418536,C1
-4.189565844077327,-4.203214563393937,C1
-4.090443970758825,-4.110318118843765,C1
-3.9943905546397196,-4.063873090561709,C1
-4.248874928464416,-4.270053395733576,C1
-4.140741582532693,-4.1265666728317445,C1
-4.041866324323765,-4.038007270447467,C1
-3.9931062920520994,-4.027744915044565,C1
-4.601539150391777,-4.5488581785536395,C1
-4.469416140354882,-4.470462226621607,C1
-4.3865810549654265,-4.402935325945678,C1
-4.288361461767651,-4.354751203342828,C1
-4.467755356373417,-4.457838777873928,C1
-4.358129454523687,-4.330175344069613,C1
-4.288277108172765,-4.261828639652053,C1
-4.153910419642016,-4.2104968433231456,C1
-4.382580253262823,-4.426463987927784,C1
-4.216882862509533,-4.260319544522083,C1
-4.150396341917553,-4.163051223421905,C1
-4.104964402547678,-4.120891298223436,C1
-4.367643953760926,-4.332750741893988,C1
-4.1944991418416,-4.223396878243629,C1
-4.111595832262953,-4.104228635465735,C1
-3.999565922520681,-4.084220585515403,C1
-4.471597562046383,-4.441010020954192,C1
-4.4185054577091005,-4.393627682665975,C1
-4.420673796244745,-4.408058154657897,C1
-4.248797905411647,-4.293586690705892,C1
-4.443456291516486,-4.507731248844983,C1
-4.300162274132754,-4.354383327133439,C1
-4.223444089296738,-4.278017152085811,C1
-4.153662887870195,-4.204137970198184,C1
-4.455559862682308,-4.432829057506885,C1
-4.259953275948506,-4.284647622590392,C1
-4.187621488845806,-4.206341755226103,C1
-4.0915149811213505,-4.140489085891411,C1
-4.827981190575444,-4.53388610130746,C1
-4.641494088509765,-4.592368988183237,C1
-4.515700160653214,-4.497995607404732,C1
-4.592779107072603,-4.481509175422269,C1
-4.429223631205252,-4.37502079756898,C1
-4.4110563572599855,-4.389866017653147,C1
-4.545460015035181,-4.549057423837645,C1
-4.478208350360877,-4.44181304554439,C1
-4.352519226826324,-4.3471399035360365,C1
-4.29627884007298,-4.332692542082079,C1
-4.559720786764411,-4.491723298363084,C1
-4.411728293157671,-4.386308103380613,C1
-4.296021174991614,-4.330089454349909,C1
-4.267686672528757,-4.284232740589153,C1
-1.6522797829659617,-2.0080075627916436,C1
-1.575935474582512,-1.9549877506783606,C1
-1.4352156154960132,-1.9045574634083817,C1
-1.4681380509041906,-1.9120889382442376,C1
-1.5922692719736646,-2.011499011566285,C1
-1.4445427827953505,-1.9464573414850956,C1
-1.5238932831598087,-1.8943152398922194,C1
-1.3930814740517088,-1.898537090978952,C1
-1.532687937019448,-2.095097437719882,C1
-1.4835968515525968,-2.0267770951168393,C1
-1.3565473235138126,-1.9625665397931362,C1
-1.341035157335565,-1.960023996587616,C1
-1.5721894273240098,-2.0745658134186247,C1
-1.5188441291719648,-2.001049009878971,C1
-1.3597173703033192,-1.938028699481544,C1
-1.3635121036466347,-1.9431333271282853,C1
-2.023054249440758,-2.376710190711102,C1
-1.9948194874962197,-2.358684673575788,C1
-1.9251835593548252,-2.34710689584481,C1
-1.8934691461776187,-2.3247516032837656,C1
-1.9738754832545498,-2.3929302738041236,C1
-1.9229956732066498,-2.3541801163047062,C1
-1.91721462968355,-2.3407368406188778,C1
-1.8419392060633948,-2.323438971493648,C1
-1.9006647223140423,-2.518607289070278,C1
-1.834458923277627,-2.48787028216924,C1
-1.7607005208731075,-2.4726923813219894,C1
-1.7840981867959684,-2.4485650752119827,C1
-1.9051796196452002,-2.5014944819752727,C1
-1.8265223565470055,-2.464101706763222,C1
-1.7649768405047765,-2.4474376008627856,C1
-1.712198270069774,-2.426590679265788,C1
-2.4001169279263124,-2.5304389540980523,C1
-2.369572124974976,-2.5062299537356183,C1
-2.2767906895948884,-2.521771714293483,C1
-2.2023170650851007,-2.478925383884482,C1
-2.297914278564175,-2.5620433168356525,C1
-2.264081883468703,-2.5514702386013672,C1
-2.2239529288182203,-2.5240375303110025,C1
-2.1935486767527377,-2.5092840637969935,C1
-2.262886905694039,-2.702035781965443,C1
-2.1869530348398922,-2.690452135950325,C1
-2.1289527386945006,-2.642413361995442,C1
-2.1152046360510193,-2.6309217437911463,C1
-2.2395775165767877,-2.678295512386002,C1
-2.130299026326122,-2.6575390750441437,C1
-2.1001248039789893,-2.609505018927965,C1
-2.0631847688023672,-2.6045639796398987,C1
-2.677160727313679,-2.922659824478254,C1
-2.700057099977233,-2.915497561544587,C1
-2.6167233495923496,-2.867219364199012,C1
-2.640354207325457,-2.849414966368567,C1
-2.7166987712964503,-2.964951466256045,C1
-2.615646585862494,-2.9483386427969016,C1
-2.64569943765464,-2.9195294740290194,C1
-2.6230582428532414,-2.9058048196545614,C1
-2.6959405337824007,-3.216729610817464,C1
-2.4924139602369895,-3.180454363600827,C1
-2.6055483191737836,-3.1358589121339353,C1
-2.532391894416367,-3.1163254094776636,C1
-2.6179829574251317,-3.2097532434405895,C1
-2.5759354745825123,-3.1699324587775526,C1
-2.4753442876422227,-3.132996978977112,C1
-2.4994890894736628,-3.112589419460669,C1
-1.9229956732066498,-1.8842148230604112,C1
-1.9901243662878398,-1.7814820270259044,C1
-1.8745187342994059,-1.7414739928802818,C1
-1.867100230055517,-2.0576716575821217,C1
-1.6819366650372385,-1.9203740896301174,C1
-1.6382721639824072,-1.8955005664558031,C1
-1.665546248849069,-1.6224882896250559,C1
-1.5082182244158342,-1.4603565586315508,C1
-1.575935474582512,-1.6635299139927853,C1
-1.4313290219901034,-1.486166072909082,C1
-1.4198736745884175,-1.7731099629859493,C1
-1.266401539038661,-1.5944941191784672,C1
-1.4179366370882913,-1.4195370442703898,C1
-1.3147958655289853,-1.2478195616180419,C1
-1.2073282108584327,-1.2233590831806256,C1
-1.1840239990280144,-1.5052389892643723,C1
-1.077845674768941,-1.2876591508560393,C1
-1.195451691611944,-1.26428604148832,C1
-1.1380476250785483,-1.1717898921696164,C1
-0.868702203402377,-0.993501893139662,C1
-1.0450342689415792,-1.186767366570395,C1
-0.7785857621576613,-0.9720482092377103,C1
-1.8434508486682186,-1.705723854371319,C1
-1.8021683066710972,-1.5924570292836295,C1
-1.6587633767613077,-1.8326401984717222,C1
-1.5253467466379373,-1.380690880468583,C1
-1.362210170637771,-1.2040310607877844,C1
-1.4223933226374643,-1.4228279859694768,C1
-1.25500332596144,-1.1819073869802528,C1
-1.3371477667352039,-1.527611230931994,C1
-1.1518724894321253,-1.249151581315758,C1
-1.2086602960348605,-1.1895087282220527,C1
-1.005155150446602,-1.0681340623019973,C1
-1.0157878332385661,-1.23584878193973,C1
-0.8658228924232337,-1.1225796835383632,C1
-0.7870138152633318,-1.005568164377985,C1
-0.893129455521346,-0.9556466765718745,C1
-0.6291169832223942,-0.8256961889596535,C1
-0.7875460389597242,-0.9481843139468201,C1
-0.5106040782728706,-0.7223621436676897,C1
-0.6918626213619614,-0.9878954248479672,C1
-0.39544996742873867,-0.8707292292433191,C1
-1.7173778871219374,-1.7273084787824187,C1
-1.621783850250122,-1.611329190074396,C1
-1.556893543262734,-1.4629142657377565,C1
-1.5973947580800851,-1.8671047395810818,C1
-1.4329736338409396,-1.6260100082082545,C1
-1.3476569449372853,-1.4282979517159287,C1
-1.3559555071852512,-1.4290533682323905,C1
-1.1225710592117801,-1.150429502776842,C1
-1.261615876487844,-1.4273426756334466,C1
-0.996970529446382,-1.055635744896977,C1
-1.1754186237665174,-1.3092843170481734,C1
-0.9051796196452001,-1.0009346206180392,C1
-0.8645493006544862,-1.0155318184409732,C1
-0.6655462488490691,-0.9081026191124051,C1
-0.556893543262734,-0.8652022554013524,C1
-0.6544302439436078,-1.0519584137689182,C1
-0.4538276316830574,-0.910909686151286,C1
-0.33254704711004607,-0.8583111396117752,C1
-0.5798791519142971,-0.9660129580784839,C1
-0.28158135817034435,-0.8151879933152173,C1
-0.4774253673088232,-1.0149727721559763,C1
-0.16399254087446855,-0.7268741630211161,C1
-0.38742804593482383,-1.0150844215677697,C1
-0.053007659251627676,-0.817654632110984,C1
-1.5007254181077827,-1.2283201520830023,C1
-1.3573376685579646,-1.134394604859387,C1
-1.2235894111926577,-1.0924006722978596,C1
-1.29860473098608,-1.2736467975219716,C1
-1.0634862575211066,-1.1486177206713415,C1
-1.0126019008629825,-1.0795390766449666,C1
-1.194227368064331,-1.0226634981683818,C1
-0.9597933724252888,-0.934122119820772,C1
-1.1309443812980922,-0.982051307364535,C1
-0.8335698861567173,-0.817705783366861,C1
-0.7092977567121456,-0.9916529958630453,C1
-0.7354182707619225,-0.8782419006918355,C1
-0.9404365820987324,-0.9025035921829097,C1
-0.763462738511306,-0.8032904862169108,C1
-0.637329070274333,-0.8001622284394557,C1
-0.5712174885030455,-0.8606022700660322,C1
-0.4492825765307173,-0.8382436931795376,C1
-0.6455073994105635,-0.8481198233130623,C1
-0.2965366581167069,-0.7570296301622036,C1
-0.5592482995208146,-0.8358343015054985,C1
-0.17496355877864628,-0.6508209239869963,C1
-0.46419970917510234,-0.8792527388998637,C1
-0.08772478950118764,-0.788162186249426,C1
-2.081340706578177,-2.154942625622389,C1
-1.9730583720409707,-2.096711603972647,C1
-1.9055288713583551,-2.0312764751484758,C1
-1.9093892921715934,-2.029660771990247,C1
-1.9480760839538935,-2.1436143902862743,C1
-1.9641701747471718,-2.1150703826009662,C1
-1.839831707041488,-2.051338954598686,C1
-1.8645493006544862,-2.060393351125937,C1
-1.9389246763702082,-2.11334881346115,C1
-1.8213107602244103,-2.051689200963435,C1
-1.8136087843045068,-1.983815028850417,C1
-1.823041019413092,-1.9898734150077388,C1
-1.940815382368629,-2.0769429922475218,C1
-1.8699880503280957,-2.047666865668,C1
-1.7754669373939143,-1.9779577670426898,C1
-1.7522721670902768,-1.983996619569527,C1
-2.394587201846949,-2.439826724883423,C1
-2.280088935801661,-2.4058336062348387,C1
-2.4503837604809147,-2.33855997872054,C1
-2.5861974832306487,-2.3256714379237393,C1
-2.372839047625224,-2.4014552140182825,C1
-2.2617745518574948,-2.364085524837695,C1
-2.2747419336400387,-2.328367525710633,C1
-2.1336535772503984,-2.312832968499113,C1
-2.125228362815702,-2.308020781211326,C1
-2.0681354865079684,-2.2581165552122466,C1
-2.0116640441439495,-2.2050318464009373,C1
-1.9871627752948278,-2.2347701551071926,C1
-2.115827930476087,-2.245204077330469,C1
-2.027010773144651,-2.2492012369316807,C1
-1.9566377219788704,-2.1689266216018632,C1
-1.9546770212133426,-2.196303051541467,C1
-2.5460704079422714,-2.826862629076224,C1
-2.5128616245228135,-2.7945370605231106,C1
-2.410944468947656,-2.722603729026136,C1
-2.5617741923954704,-2.736813543150917,C1
-2.528561592610701,-2.765569049022765,C1
-2.568797115443483,-2.7223972596615265,C1
-2.441291429466834,-2.703941427992797,C1
-2.3106911408763797,-2.69404481949178,C1
-2.489723155582645,-2.711251890774365,C1
-2.539252458155803,-2.690014479755941,C1
-2.401428336517859,-2.6156723060977303,C1
-2.400226060853612,-2.5980637308180343,C1
-2.571379327328061,-2.6188510061312558,C1
-2.626536278367631,-2.585151246005756,C1
-2.2945639534147495,-2.552475934230973,C1
-2.3192113884933176,-2.556398897492071,C1
-3.2548471049231,-3.0669407747386184,C1
-3.0991414952980083,-3.0318011713376483,C1
-3.14381507327283,-2.98393104548885,C1
-3.1076827392775197,-2.9910436853528752,C1
-3.218891164270534,-3.0278090191173512,C1
-3.150089441698504,-3.0156692355037893,C1
-3.0174574176970568,-2.935891281758921,C1
-3.038721320914957,-2.9576501268402824,C1
-3.0937188442278467,-2.980447148706911,C1
-3.144299169164563,-3.0034625946526026,C1
-3.086239113587677,-2.874568327454104,C1
-2.9453869454431123,-2.928289393387465,C1
-3.156269034887908,-2.9412789997023445,C1
-3.14248658522331,-2.9276799556241175,C1
-3.0248900103138388,-2.8372284317765506,C1
-3.0084195428256604,-2.842381317772343,C1
-2.654430243943608,-3.0186014932166434,C1
-2.6036262724634933,-2.9960789728030965,C1
-2.545307550760523,-2.952105774533295,C1
-2.574302786637409,-2.9425799043872396,C1
-2.5970511706555954,-2.9784799886733038,C1
-2.5111673656175997,-2.9474066489649413,C1
-2.5083582065224137,-2.9014379528737315,C1
-2.4375881670502726,-2.9079940707911636,C1
-2.6230582428532414,-2.907167330241559,C1
-2.486516043295743,-2.8901390642786193,C1
-2.4920092751803087,-2.760774422069707,C1
-2.3686577135160674,-2.735676545612681,C1
-2.5395532161192795,-2.8053377889169027,C1
-2.4321505494268933,-2.7910961014945586,C1
-2.3798639450262424,-2.6819287102765474,C1
-2.2770371910575102,-2.7169321224596175,C1
-2.974284616098659,-3.313892525867547,C1
-2.927750102386485,-3.2727240165654163,C1
-2.885389015767827,-3.239314447159098,C1
-2.8921119748172015,-3.2177653326510463,C1
-2.938170692705301,-3.253751656407127,C1
-2.838332587562264,-3.1925516872188733,C1
-2.7358908436941918,-3.1632065111306344,C1
-2.7770235501066085,-3.1395010723627346,C1
-2.99225222199926,-3.1727253780855076,C1
-2.767512133647014,-3.1375349601379643,C1
-2.678608721688311,-3.0565266520780665,C1
-2.6524748400013105,-3.0353334415467454,C1
-3.071143466418089,-3.105815623130717,C1
-2.8401321529074335,-3.0766451653859566,C1
-2.713094647027625,-2.9983912239370656,C1
-2.73471037413917,-2.9768521729636515,C1
-3.503623945987599,-3.613308084841782,C1
-3.4020855287974716,-3.5735073814208036,C1
-3.2829955929594528,-3.514069491666854,C1
-3.265680319140993,-3.4739149662492466,C1
-3.385735712641295,-3.548494435846741,C1
-3.3902988976206005,-3.4829590698065234,C1
-3.1830961606243395,-3.4299168060693535,C1
-3.1573283662392115,-3.394396181577956,C1
-3.4391373052725354,-3.480215624746584,C1
-3.205372555335492,-3.418470991508061,C1
-3.1082395985433284,-3.3783108261166865,C1
-3.0939883747285872,-3.3366486885026734,C1
-3.3723269682333843,-3.4089938308939414,C1
-3.263046046216854,-3.3526677255887476,C1
-3.0764451419324508,-3.3054246009108645,C1
-3.1516876963727154,-3.2834688342759364,C1
-3.7939841232366556,-3.960714724334724,C1
-3.768785352037399,-3.894955982839066,C1
-3.7169250252645285,-3.8540917587359775,C1
-3.657577319177794,-3.8276640533935047,C1
-3.7757259857057424,-3.912795998252734,C1
-3.7961515362537654,-3.813654072979472,C1
-3.6407338353932515,-3.776771572692053,C1
-3.644356949779131,-3.719339526026281,C1
-3.878112014896319,-3.8153083931866703,C1
-4.021545566634772,-3.729215126894843,C1
-3.7883455994468176,-3.701555791584662,C1
-3.7510463845042925,-3.625439270203521,C1
-3.834458923277627,-3.751566831575318,C1
-3.8164454663811385,-3.6678131639304024,C1
-3.7274622226247627,-3.624981678389337,C1
-3.663140179083191,-3.581400766791469,C1
-3.257824956776323,-3.4443109720838407,C12
-3.204815410317576,-3.319232598422403,C12
-3.1583902878315646,-3.264859475149079,C12
-3.1367961409713705,-3.2203948254046337,C12
-3.274415027729306,-3.4600150404980874,C12
-3.2006594505464183,-3.3379346475268283,C12
-3.126563136777963,-3.2723003612444996,C12
-3.095284454721319,-3.21456867427214,C12
-3.233215484502141,-3.3571851729576205,C12
-3.1508878338154225,-3.2948768263807335,C12
-3.095230374093405,-3.246333047345619,C12
-3.0479344098149497,-3.1735077827617855,C12
-3.1990768181867817,-3.3468166184057733,C12
-3.109132061188559,-3.2345579993946205,C12
-3.024706084643794,-3.2087189561831164,C12
-2.999565922520681,-3.1446028719941177,C12
-3.518700726667144,-3.6357713678584247,C12
-3.4597957001579402,-3.497418708415437,C12
-3.4309774139704365,-3.4000697559284587,C12
-3.3510548178343273,-3.3844206200019653,C12
-3.4932244633933567,-3.583828145208347,C12
-3.3984832163499896,-3.478406853663288,C12
-3.361710464585743,-3.39757300978314,C12
-3.3225755622987525,-3.3642559727761805,C12
-3.431798275933005,-3.506830218086469,C12
-3.4428538576816368,-3.4175438578690622,C12
-3.280420142286277,-3.342993332660696,C12
-3.3022477258322454,-3.3002452915849654,C12
-3.4384216316990392,-3.5115526330612816,C12
-3.3532043112215306,-3.3910304032323912,C12
-3.2668830185579356,-3.336005229391548,C12
-3.2333641136897326,-3.2758772903856768,C12
-3.919012953089113,-3.8651668513669564,C12
-3.815876645760329,-3.7706973785344604,C12
-3.6940041172291953,-3.6926310906863193,C12
-3.708631149548417,-3.6898868669305847,C12
-3.910094888560602,-3.842970034908745,C12
-3.802168306671097,-3.7307949355391496,C12
-3.6998394630486477,-3.657745723152921,C12
-3.655018586072742,-3.6341380936690593,C12
-3.8236193077567298,-3.7347347530718094,C12
-3.749579997691106,-3.6523970305232734,C12
-3.6703987516434813,-3.6000787649011943,C12
-3.595166283380062,-3.5655517625172126,C12
-3.7864822430036953,-3.721618821170751,C12
-3.6693833327055616,-3.630884702492734,C12
-3.6087119514047026,-3.600526527224103,C12
-3.552841968657781,-3.5396085267267585,C12
-4.348431261134208,-4.2392987026259945,C12
-4.0435434165901,-4.050896473508199,C12
-4.113509274827518,-4.0409990030897935,C12
-4.33913452199613,-4.20400925489852,C12
-4.194635092533555,-4.106992525617814,C12
-4.099086932262331,-4.039337471529033,C12
-4.110362199593332,-4.034328132733286,C12
-4.204885014369637,-4.119248747617403,C12
-4.155460697870992,-4.0134838174563825,C12
-4.035881856848515,-3.9370644235694177,C12
-3.9948194874962195,-3.887127719758268,C12
-4.197979248228024,-4.095380203268389,C12
-4.08259953204475,-3.9718096761196597,C12
-3.9888526392242025,-3.903345952375781,C12
-3.9763360818022067,-3.8512504687532956,C12
-3.9072793553159006,-3.8828910525249998,C12
-3.7340036295049206,-3.7476194717854154,C12
-3.657379957446652,-3.7098863750351114,C12
-3.7342390832823895,-3.7417126150198157,C12
-3.827689031478046,-3.85233870416252,C12
-3.713543530253017,-3.7764167687242596,C12
-3.6794383198047633,-3.713757605515891,C12
-3.6728454875905685,-3.66422399728832,C12
-3.7859513205880586,-3.769472177819313,C12
-3.7272304134482406,-3.6832086025624937,C12
-3.6181632000016566,-3.644593440046254,C12
-3.577082019232338,-3.606066959427082,C12
-3.754240644032723,-3.7717575572346553,C12
-3.6163641316381203,-3.659161998600638,C12
-3.5851937204989874,-3.6332411440478527,C12
-3.526075306583843,-3.5964222927162393,C12
-4.190642329788894,-4.166865082728034,C12
-4.0,-3.972384008547638,C12
-3.9164973801697327,-3.969062643300622,C12
-3.932557157223619,-3.952924455867021,C12
-4.089162235007317,-4.124941752102304,C12
-3.989700043360188,-3.977382383826737,C12
-3.869344650977969,-3.967776152508744,C12
-3.880414225038216,-3.921298474794291,C12
-4.053400374984867,-4.035581890601088,C12
-3.944621668625,-3.923427191714328,C12
-3.8722474841670267,-3.868230674823936,C12
-3.795066477645855,-3.8080687901373276,C12
-4.002701007590486,-4.0146916562309,C12
-3.84740592207253,-3.856575203353829,C12
-3.7969671129852895,-3.8096526695068977,C12
-3.7332980331159122,-3.781578110989428,C12
-4.448062304635163,-4.617327507722635,C12
-4.4566770993530875,-4.33146866369632,C12
-4.34756025241058,-4.586495222134829,C12
-4.478469658721289,-4.599747622868271,C12
-4.280668713016273,-4.424533825658373,C12
-4.229516190568892,-4.517543369579173,C12
-4.2217763732339035,-4.415333919161288,C12
-4.335264031481295,-4.450197872369715,C12
-4.227091805028728,-4.475570641478275,C12
-4.2098556349570995,-4.2731638290156155,C12
-4.123205023799299,-4.197335615529812,C12
-4.2429837652687,-4.364147415720169,C12
-4.120158944013437,-4.1744881746383085,C12
-4.082231997552244,-4.217504194444193,C12
-4.034187046963397,-4.164977542020882,C12
-4.6916490514132745,-4.575634950386838,C12
-4.485717952139622,-4.195367073948225,C12
-4.518987579043427,-4.607453502732397,C12
-4.452471423540218,-4.429935886681265,C12
-4.465593100862123,-4.531355268131327,C12
-3.9037854146535946,-4.437671162615095,C12
-4.544698228342924,-4.607477815227669,C12
-4.509900994936695,-4.492129351900213,C12
-4.471083299722345,-4.55826396281764,C12
-4.37120251443329,-4.307842173687788,C12
-4.280254507470423,-4.272300996424068,C12
-4.296107046367456,-4.229097686983481,C12
-4.659159450187668,-4.844672851027758,C12
-4.324680016660708,-4.614810879885527,C12
-4.32910504647979,-4.493887673752545,C12
-4.669992299127241,-4.707986169955293,C12
-4.336016545391733,-4.5515322043069535,C12
-4.319573829141855,-4.378260153211156,C12
-4.518844129171965,-4.66608693939325,C12
-4.314885530953461,-4.369148493740805,C12
-4.224098421108326,-4.2172656355940665,C12
-4.432268037451931,-4.585262827614868,C12
-4.3375254962496905,-4.389632200331876,C12
-4.242528052234332,-4.312262542399185,C12
-4.2009352806489915,-4.185990531160607,C12
-4.316322701181308,-4.408932285879921,C12
-4.302509112828943,-4.37396897463133,C12
-4.171597921508407,-4.104299080641152,C12
-4.1690266026773495,-3.992117417046106,C12
-4.3081231774406685,-4.3974735945496315,C12
-4.198116292874761,-4.1777769707081385,C12
-4.146788665496683,-4.048344412610946,C12
-4.111932886592563,-3.9370946405294767,C12
-4.002351545103794,-4.261631250297244,C12
-3.9083330424043154,-4.09448851452348,C12
-3.932557157223619,-4.061452117687035,C12
-3.889410289700751,-3.9989423798521955,C12
-3.8900841369762067,-3.931994181671836,C12
-3.9689957186364633,-4.029188079409049,C12
-4.004584201457585,-3.934553345225396,C12
-3.8807441107220635,-3.832757493468806,C12
-3.8236193077567298,-3.831884706059421,C12
-3.9888526392242025,-3.9467843890960155,C12
-3.882397308309916,-3.8604226366975674,C12
-3.837137006678074,-3.812788773163643,C12
-3.844663962534938,-3.777277064674594,C12
-3.608183076386751,-4.101033221968144,C12
-3.602755418989614,-4.051956855512175,C12
-3.593971055036385,-4.011090971739751,C12
-3.584025588623434,-3.9872847809578893,C12
-3.600326278518962,-3.9090765960034024,C12
-3.5898979233571393,-3.883692727210222,C12
-3.563360368307339,-3.8472544681465934,C12
-3.622329560665677,-3.8670779389302132,C12
-3.631713115097869,-3.8139230175287198,C12
-3.5533075336284727,-3.7547572967223215,C12
-3.5570501304221382,-3.7649269246225714,C12
-3.61475131759678,-3.8400157376948227,C12
-3.5851937204989874,-3.787257954964941,C12
-3.587875593826683,-3.745163219987692,C12
-3.5489815478445426,-3.746115417045364,C12
-3.1558957693024867,-3.450748270162433,C12
-3.149721447481963,-3.347391958165732,C12
-3.1483136845575723,-3.3495961338682285,C12
-3.228633029142219,-3.313526462535885,C12
-3.264480941184829,-3.2972443720371705,C12
-3.192464971931147,-3.214023386183728,C12
-3.2062794431864767,-3.288088000363327,C12
-3.1627904721987936,-3.2977712650184356,C12
-3.1743791749965,-3.214762828264481,C12
-3.166215625343521,-3.2179007024402284,C12
-3.2095740826088894,-3.240478464174686,C12
-3.2131776205008125,-3.282423242482824,C12
-3.000608438280909,-3.267410780091897,C12
-2.984221243610959,-3.1925617872918797,C12
-2.9909742579130896,-3.110712577831306,C12
-3.058289851058354,-3.2185778532568485,C12
-3.002744710179897,-3.082479810288638,C12
-2.9423338960901706,-3.0830871975896295,C12
-2.96617430604669,-3.0580449157330367,C12
-2.9730583720409705,-3.0980309822952132,C12
-2.95506845385084,-3.044382777012116,C12
-2.9292235371565654,-3.0118776318926517,C12
-2.905528871358355,-3.036816686896862,C12
-2.8867253075356496,-3.068977359590163,C12
-2.938547520912807,-3.0482035212789795,C12
-2.910094888560602,-3.0345117270338506,C12
-2.8917733436250717,-3.010030020987563,C12
-2.9318141382538383,-3.029251737881084,C12
-2.850165303284215,-2.9296991087897863,C12
-2.669789215428472,-2.8252738026398077,C12
-2.69058277422186,-2.8121311664843494,C12
-2.663740447985807,-2.7797012683806246,C12
-2.792904459580782,-2.7751582781287354,C12
-2.674074044228534,-2.705373383454339,C12
-2.638461028730721,-2.7193073191405577,C12
-2.6055483191737836,-2.7130116979391103,C12
-2.700057099977233,-2.7608394389813466,C12
-2.6583676642219456,-2.6963745562025805,C12
-2.558147824226708,-2.6857741847133543,C12
-2.5754450233932866,-2.6998482983009677,C12
-2.6687752189792677,-2.7231265948926104,C12
-2.6516951369518393,-2.6793103563768716,C12
-2.60223374387355,-2.6536650512345625,C12
-2.5309147008768798,-2.6525487654725817,C12
-2.550830267834799,-2.68034644768103,C12
-2.347173697438995,-2.5606686084477825,C12
-2.2392006883692823,-2.4787994077135327,C12
-2.5175552080817347,-2.6114717627710644,C12
-2.360513510731414,-2.4776676316163786,C12
-2.3669357273085008,-2.417430429728999,C12
-2.518414063632378,-2.5344357104543707,C12
-2.3880643749598773,-2.407087164958582,C12
-2.292344676468813,-2.38122418483662,C12
-2.2220659511622207,-2.3564398812840683,C12
-2.4615519482897827,-2.5013891044850034,C12
-2.364717362001788,-2.4135694467276285,C12
-2.244658816188452,-2.366928917505473,C12
-2.2235167441663184,-2.363834461627804,C12
-3.001087095641214,-3.181635952315534,C12
-3.067779986122881,-3.2061395023976154,C12
-2.7883455994468176,-3.188088289336441,C12
-2.9854794612420763,-3.081050923895099,C12
-2.8523236757589014,-3.0225284674035584,C12
-2.9546770212133424,-3.152085981675771,C12
-2.8138916201867947,-3.160164696754038,C12
-2.8934691461776185,-2.9140985338392684,C12
-2.557990840859048,-2.9021769871149634,C12
-2.7101881608823786,-2.9377363464743955,C12
-2.802168306671097,-2.972129627064091,C12
-2.7335331045597586,-2.859258608177163,C12
-2.719194071606333,-2.816710899929634,C12
-2.654234306885512,-2.8519823304156926,C12
-2.756465898167938,-2.8649300523679906,C12
-2.688246138944246,-2.8331240904752355,C12
-2.2318801058152027,-2.8065397804661636,C12
-2.335264031481295,-2.7599603344510966,C12
-2.3344190089820467,-2.7288204558771367,C12
-2.3419886033428874,-2.7866018995548214,C12
-2.285335007137463,-2.688687598077034,C12
-2.382789905442566,-2.6169375586119243,C12
-2.142848497312507,-2.669847882507165,C12
-2.231583911783668,-2.677559072278611,C12
-2.281000362121282,-2.66072205647888,C12
-2.3151546383555877,-2.698439819042261,C12
-2.292770580672706,-2.6599169236380673,C12
-2.2790968291865425,-2.616344444913143,C12
-2.1060164327881528,-2.6542181783477403,C12
-2.098650674584358,-2.676547745976531,C12
-2.196952789508871,-2.61671426683038,C12
-2.2822463067892844,-2.580613656501632,C12
-2.010861775784211,-2.3969375097838372,C12
-1.9419537696047182,-2.4088309183967014,C12
-2.0922662630023448,-2.328753441269097,C12
-2.1862189218259176,-2.269930908550944,C12
-2.221270076003888,-2.281949406183213,C12
-2.1285438259770464,-2.280379010821789,C12
-2.140141479519007,-2.332007798634625,C12
-2.0502197916379994,-2.2850304953049387,C12
-1.9931062920520994,-2.2752525652962294,C12
-2.1291865760844026,-2.2875933023645465,C12
-2.155709256745657,-2.2680498511637266,C12
-2.0825995320447492,-2.2597107332999253,C12
-1.9783972839717578,-2.1986763117237684,C12
-1.8965383779052953,-2.148984647234603,C12
-1.9111554372729957,-2.066310635969173,C12
-1.7493360805367564,-2.0422988164419853,C12
-1.6466609046886953,-1.9648781300984142,C12
-2.532391894416367,-2.408727924610435,C12
-2.5717031860171207,-2.35711587099257,C12
-2.3690638809358084,-2.325560093857422,C12
-2.344189505504748,-2.2850604536088683,C12
-2.6151092034694456,-2.5118408128676637,C12
-2.493765640387874,-2.449653533140007,C12
-2.6236055579627338,-2.4088607305715226,C12
-2.3965308402661614,-2.3722366699357402,C12
-2.6619421245802437,-2.5196958579887845,C12
-2.429340329978466,-2.4477885222212787,C12
-2.5179844235492883,-2.377543590314225,C12
-2.3215726775661327,-2.3322693649343766,C12
-2.5689580546641144,-2.480217654368815,C12
-2.654430243943608,-2.4188722278317205,C12
-2.47977856411804,-2.3281507597737185,C12
-2.295420550303701,-2.2937763575999104,C12
-2.8452717925598443,-2.666498866422783,C12
-2.7682756166714837,-2.646535604335537,C12
-2.705533773838407,-2.6767642697649823,C12
-2.7785857621576615,-2.6370664286323446,C12
-2.8184422261372135,-2.73199683215872,C12
-2.6667543010380372,-2.660553025539919,C12
-2.6501399178076688,-2.6562647144960567,C12
-2.64569943765464,-2.611507307791455,C12
-2.8992849134269183,-2.7379380517436904,C12
-2.7358908436941918,-2.611395048757668,C12
-2.614930223668065,-2.54862787356479,C12
-2.6221475809932455,-2.5244751895336868,C12
-2.8359447081065485,-2.636182097362498,C12
-2.901356274182943,-2.56157884535813,C12
-2.8279811905754437,-2.4869318298992154,C12
-2.720105019988362,-2.464830596696369,C12
-3.2353009362016323,-2.915883630387456,C12
-3.1974315016860437,-2.900498922810865,C12
-3.0770151842911173,-2.914615885396308,C12
-3.050854047580056,-2.8712684491037326,C12
-3.4424927980943423,-2.929286234714081,C12
-3.1049644025476772,-2.915927794996542,C12
-3.235524972565591,-2.87381499048007,C12
-3.310868802765502,-2.8537137412640594,C12
-3.2079586892879175,-2.9010896394764414,C12
-3.2325472819022267,-2.8537012115666953,C12
-3.124128809272634,-2.814796075576577,C12
-2.9590023075765095,-2.800055376436893,C12
-3.166151950468852,-2.835291042245729,C12
-3.0856568428805593,-2.8136578477578977,C12
-3.0045842014575848,-2.768973626920668,C12
-3.1047432468551053,-2.7528969119338336,C12
-3.7164726351383064,-3.370948490485109,C12
-3.621057301386563,-3.2900366955287095,C12
-3.532687937019448,-3.2723268926085156,C12
-3.4782083503608767,-3.2245205393036867,C12
-3.796695083861517,-3.2674982004823168,C12
-3.5612994670992637,-3.2209683130443194,C12
-3.6907958203295923,-3.191254003578529,C12
-3.6029294500405915,-3.1647156023599874,C12
-3.625251653989896,-3.270055802003352,C12
-3.535957794561189,-3.2451711796801472,C12
-3.6294869104014076,-3.2156288796147776,C12
-3.4960731958064897,-3.1900508302790205,C12
-3.5421181032660076,-3.266452784017375,C12
-3.651111276928562,-3.2335689646548693,C12
-3.721246399047171,-3.203370535151395,C12
-3.568475415812549,-3.1729023162093406,C12
-2.9689957186364633,-2.6190380368373742,C12
-2.983802646487561,-2.5446286267812614,C12
-2.8629625452104874,-2.509068847265431,C12
-2.9821322810364945,-2.4472438746479868,C12
-2.9918258159935736,-2.6989534469752234,C12
-2.9476909003526766,-2.6647241818115672,C12
-2.938170692705301,-2.599030415774927,C12
-2.8353497840657034,-2.5397172973132545,C12
-2.9804683154687446,-2.7213277078221987,C12
-3.12366667091362,-2.661853698978143,C12
-2.747875447494356,-2.588503938693625,C12
-2.8138916201867947,-2.5197571618488457,C12
-2.904481957676849,-2.6961384479059913,C12
-2.9597933724252887,-2.6488184053139494,C12
-2.7867479478036032,-2.5795731090137584,C12
-2.9248181453813085,-2.511360770877354,C12
-3.240709966975696,-3.001721047406703,C12
-3.249800272170818,-3.000805141122413,C12
-3.0457574905606752,-3.0448192789174096,C12
-3.033764375901418,-2.972464583505565,C12
-3.247260306064672,-3.01368637523852,C12
-3.31238187042823,-3.0350883522161487,C12
-3.240256632402275,-2.9971480639665766,C12
-3.2035644411898256,-2.9417647786204744,C12
-3.0497812333581367,-2.9023028441626195,C12
-3.137928280620006,-2.829193420784526,C12
-3.1073489661226996,-2.914270723988513,C12
-3.125286311242221,-2.896164919774433,C12
-3.0939883747285872,-2.8373673166630136,C12
-3.015652742414136,-2.774001977125062,C12
-3.64569943765464,-3.328532226510965,C12
-3.46344155742847,-3.3536846518592975,C12
-3.412064651363644,-3.198490276388043,C12
-3.414990720097539,-3.26198479662938,C12
-3.551912333307659,-3.2951846015418105,C12
-3.421704694879174,-3.202331514027056,C12
-3.396855627379818,-3.154004159114915,C12
-3.4517334548292546,-3.2404675585761553,C12
-3.333107788933464,-3.272985959999155,C12
-3.3846813433885212,-3.211101982985131,C12
-3.483068191131987,-3.1582146526959276,C12
-3.4355706730020166,-3.203580498489828,C12
-3.405165644416682,-3.2257221337762783,C12
-3.774690718274137,-3.200003876705548,C12
-4.036212172654444,-3.5167119125461483,C12
-3.77780395369828,-3.45921173714398,C12
-3.9788107009300617,-3.334130725220836,C12
-3.929962133392245,-3.3098669785481527,C12
-3.8927900303521317,-3.3984499891039572,C12
-3.785421046429501,-3.4158540455229973,C12
-3.96738123914928,-3.2307116884263687,C12
-3.692290076595193,-3.2310472976431277,C12
-4.139721900247765,-3.463806479258847,C12
-3.8579235389267152,-3.462699152292594,C12
-3.773915884024176,-3.2809533464725935,C12
-4.035881856848515,-3.2707528930716334,C12
-3.9197343726601552,-3.4073956074252645,C12
-2.667965722972482,-2.559787391167323,C12
-2.515842575634619,-2.533191666763358,C12
-2.577246058698652,-2.5919500985800945,C12
-2.59773861754532,-2.6054321355560197,C12
-2.531504975492931,-2.579566460049051,C12
-2.515700160653214,-2.5673249591071277,C12
-2.4220488722702447,-2.5688227993036707,C12
-2.566070234391536,-2.5983538438631424,C12
-2.302683458267617,-2.800027064943202,C12
-2.318306607995436,-2.523743443948926,C12
-2.4383024673460065,-2.4781816905163527,C12
-2.4121768286810448,-2.5106310970088654,C12
-2.397505931192719,-2.631618604909573,C12
-2.319483190618745,-2.4277368334758904,C12
-2.3565473235138126,-2.3817576027114993,C12
-1.919012953089113,-2.366894937357336,C12
-2.0720653182588205,-2.247760564904788,C12
-1.9211808169011513,-2.253579506310707,C12
-1.962972120244225,-2.2310258599196193,C12
-1.9812995013337567,-2.1678731979002563,C12
-1.9086848403027772,-2.0748055191288617,C12
-1.960982678002588,-1.9751121121556123,C12
-1.8184422261372137,-2.072289302722841,C12
-2.0106836950100484,-2.0086862229022353,C12
-2.0135865945345315,-2.0353429231868803,C12
-1.9496202437385421,-1.9860506833459792,C12
-1.8018930011265986,-1.9599596204422123,C12
-1.9143527117031434,-2.0171871143021414,C12
-1.8110715162391466,-2.01433363909708,C12
-1.8728952016351923,-1.9604696141906475,C12
-1.8455760268853532,-1.8824666240227677,C12
-1.6987529113637887,-1.7995484819199141,C12
-1.4063816918704641,-1.7059860371276485,C12
-1.563519304990505,-1.697274887665996,C12
-1.509900994936695,-1.6918081383639554,C12
-1.5358086293590005,-1.698758769752063,C12
-1.47456644657118,-1.6733606170125557,C12
-1.5856953118716683,-1.6475067404182453,C12
-1.3863695650747594,-1.6277333715787832,C12
-1.5059846252428561,-1.648347995539708,C12
-1.4332090876184083,-1.6466754450242007,C12
-1.4770344045080135,-1.6078622945755148,C12
-1.4169146336523124,-1.5742970047427869,C12
-1.516698047641833,-1.6731350610126,C12
-1.4943074925878,-1.6442850098999944,C12
-1.4501388115280571,-1.5942311681128507,C12
-1.4332090876184083,-1.5935164267820958,C12
-1.28878347567891,-1.5138107884796517,C12
-1.2250453109198614,-1.4683617844704757,C12
-1.356646038023137,-1.3842723737102092,C12
-1.1897674820049158,-1.3614081033765268,C12
-1.3285494457875053,-1.452223748419077,C12
-1.2290007948360593,-1.4443777697960818,C12
-1.2155253562374837,-1.3442479075451033,C12
-1.1860855799513965,-1.3491697208897486,C12
-1.1702460810750248,-1.410128635511708,C12
-1.1273193928480703,-1.4057826435564662,C12
-1.055221318876493,-1.3071326272293513,C12
-1.0966386637446814,-1.289975691193319,C12
-1.3836295277087305,-1.407529558901105,C12
-1.2280452510360509,-1.3947581451676423,C12
-1.1580776883205492,-1.3049257644426095,C12
-1.0711946291067158,-1.3220076406119194,C12
-0.5246194068566388,-0.3487881734169712,C12
-0.45892023222337114,-0.29775836864427724,C12
-0.4240043797967324,-0.3217610006535827,C12
-0.4153296155356513,-0.2903843300420084,C12
-0.47521455067877766,-0.5079703088876798,C12
-0.423773862550395,-0.4224710120645451,C12
-0.3927594961682573,-0.42949237749721136,C12
-0.3832095136702842,-0.4014493173911265,C12
-0.45432185020797444,-0.5080936366762931,C12
-0.3971806575673002,-0.41541414440263724,C12
-0.36632959394855624,-0.42542561380447563,C12
-0.3533022687006655,-0.39625316743772304,C12
-0.42666415993393236,-0.5028803497418487,C12
-0.37120251443328983,-0.4190153162201409,C12
-0.3459197646934294,-0.42316996467842505,C12
-0.3281794398167511,-0.3921410415532102,C12
-0.08767164203958999,-0.18891549593218218,C12
-0.02751945012352412,-0.10227463807417576,C12
0.001300933020418072,-0.12624397224751308,C12
0.014520538757923713,-0.09068059759308951,C12
-0.049148541111453566,-0.3363669903533347,C12
0.003029470553617962,-0.2377880886032393,C12
0.034628456625320346,-0.25455013581641733,C12
0.04844180355040453,-0.20366759092941414,C12
-0.023100049017062144,-0.3438808260618881,C12
0.01619735351243906,-0.23440565386869702,C12
0.05880548667590681,-0.24895803528944613,C12
0.07371835034612269,-0.19839185095150405,C12
0.009450895798693935,-0.3403055366971232,C12
0.05804623039528174,-0.23765902345270057,C12
0.09166695759568456,-0.24658129888619068,C12
0.10277661488344131,-0.19557593547837707,C12
0.19975517725347472,0.1447469819938141,C12
0.2692793897718986,0.18908455823205783,C12
0.3049211619008917,0.18809206976384488,C12
0.3207692283386865,0.20396286487559073,C12
0.24328614608344612,0.02533500572428355,C12
0.31048089146267516,0.07672967191196128,C12
0.33585891131981793,0.08675280432328845,C12
0.3577443251803756,0.12588222657998482,C12
0.2734642726213463,0.02258347468067694,C12
0.3356584522893015,0.08081928197396987,C12
0.3773062510681988,0.08968504311276433,C12
0.40001963506515853,0.12777121603722774,C12
0.30792370361188165,0.0282250701499104,C12
0.37106786227173627,0.07736603323425954,C12
0.41547416810923576,0.09469769546065561,C12
0.44466923093852445,0.1293286793532119,C12
0.395675785269936,0.5278514389607105,C12
0.4608978427565479,0.5161150800181192,C12
0.5056925074122001,0.5264413055903568,C12
0.545554507234065,0.5877998754117718,C12
0.4452927694259718,0.42326761882484776,C12
0.5187770689267749,0.3995057502384525,C12
0.5530330162024399,0.429881073192038,C12
0.5888317255942073,0.5276392544402059,C12
0.47581641303131816,0.4215654525037696,C12
0.5467893516312581,0.40548995967943324,C12
0.5957166199434244,0.43441156349329035,C12
0.6140531059872193,0.5322263426905196,C12
0.5247854493212224,0.429486609215878,C12
0.5922878159521306,0.40525634764656915,C12
0.6547539332529303,0.4406655873821013,C12
0.6708949535202102,0.535685178789472,C12
-0.478469658721289,-0.4051506880793028,C12
-0.4650858955701331,-0.37573122034380335,C12
-0.544850478820172,-0.4240730008911121,C12
-0.4936302829044959,-0.3319232692962551,C12
-0.4518563625651545,-0.3052545234928625,C12
-0.25758911941950746,-0.30376421155562233,C12
-0.09140776115243056,-0.2102491446827839,C12
-0.257117828562727,-0.2734168523519354,C12
-0.09701860020249718,-0.15192093668981718,C12
-0.2197547161346474,-0.2474890101959437,C12
-0.07680780957933252,-0.13055569006624898,C12
-0.0025699262025288046,-0.07882296249711306,C12
0.11727129565576427,-0.02456058015718978,C12
0.153814864344529,0.00277380535081834,C12
-0.0069166393019380315,-0.07486398398694132,C12
0.10551018476997394,0.05778670156970196,C12
0.1610683854711746,0.10073861923218423,C12
0.153814864344529,0.1253441019176378,C12
0.44994098877333766,0.21523124791373496,C12
0.21058602490515654,0.16058411157296332,C12
0.42324587393680785,0.2980018424390289,C12
0.20790353038605164,0.2040133568979937,C12
0.5120169694961266,0.35539958748818545,C12
0.00475115559100102,-0.04303939273527186,C12
0.08635983067474821,0.05683419944061574,C12
0.1872386198314787,0.0014667206712831898,C12
-0.007534852191956694,-0.09818674018753148,C12
0.1513698502474604,0.12795485174700866,C12
0.2588766293721313,0.19959287284539193,C12
0.18383903705642116,0.12266392967195561,C12
0.3974185423513477,0.3415965053122366,C12
0.20682587603184974,0.21201456524464846,C12
0.42716140292596555,0.4077987492927313,C12
0.2337573629655105,0.1960527962907458,C12
0.47596158919242376,0.45245750788564204,C12
0.3845326154942486,0.33628305260611546,C12
0.5100085129402347,0.4226444259709235,C12
0.5721743136130595,0.5120712797537871,C12
0.4452927694259718,0.42496410174574245,C12
0.5892792212359672,0.5499858606235634,C12
0.6939027410660606,0.641908111583684,C12
0.5581083016305497,0.515561202669563,C12
0.7488854400095167,0.5056050284784783,C12
0.6380897219845058,0.5330614577707623,C12
0.8301393874253428,0.7168103790420317,C12
0.6730209071288962,0.6385960423084301,C12
0.8739015978644614,0.7805347883725238,C12
-3.5495969138446335,-3.425031576871338,C12
-3.424465781680136,-3.358584972472615,C12
-3.3925449767853313,-3.307164284606589,C12
-3.3512497873019806,-3.2408140427056282,C12
-3.4717262228329564,-3.425678700147353,C12
-3.4396150770279843,-3.3430256532272637,C12
-3.430509045651217,-3.2511378705960974,C12
-3.3621101834192095,-3.205546980998102,C12
-3.5454600150351814,-3.333635804315978,C12
-3.4475751542959148,-3.2636488467618716,C12
-3.367441485467328,-3.195462965921677,C12
-3.300943145452332,-3.1580942204298084,C12
-3.5176982327765574,-3.29846448765872,C12
-3.408378961786681,-3.2302745840199267,C12
-3.33338843158097,-3.18728859037838,C12
-3.378823718224965,-3.119593521229214,C12
-3.9833844524428224,-3.8022986320310777,C12
-3.8979094744881633,-3.6827886555162688,C12
-3.773915884024176,-3.57799056576202,C12
-3.5856953118716683,-3.5608277998453963,C12
-3.939679971311715,-3.7358891613811522,C12
-3.7754669373939143,-3.624559484489587,C12
-3.6753060861382254,-3.5275751474029233,C12
-3.69058277422186,-3.5006362350663975,C12
-3.9058784041594388,-3.628423569483908,C12
-3.718739312944987,-3.548055777345255,C12
-3.7084091743419987,-3.468498596053974,C12
-3.6399749108106025,-3.424104265123826,C12
-3.912218582190458,-3.6273547473362755,C12
-3.692503962086787,-3.528503610399573,C12
-3.668167955563751,-3.46350953541494,C12
-3.5764264802672643,-3.392566915902856,C12
-4.1558335895497995,-3.9477505335150687,C12
-3.925915310971756,-3.8310599176329214,C12
-3.8632794328435933,-3.779654041463006,C12
-3.7880789156914907,-3.7931420154267363,C12
-3.959397659885927,-3.7908112154367997,C12
-3.880414225038216,-3.727962206039332,C12
-3.7947956360518553,-3.672202493434581,C12
-3.988006885340743,-3.791160689846596,C12
-3.95116991347165,-3.6957684955041348,C12
-3.8350526273781584,-3.661937479560365,C12
-3.83209218999852,-3.616877952099453,C12
-3.9681877286696294,-3.7753360205324675,C12
-3.8751698505861407,-3.671293681630113,C12
-3.795880017344075,-3.6504561884309417,C12
-3.6996219351292976,-3.5831371917943895,C12
-4.387852161673513,-4.236518717998314,C12
-4.471983658810799,-3.9962206017152075,C12
-4.162600975657978,-3.9609395776938365,C12
-4.0590355065072,-3.9076753696237394,C12
-4.331520897067414,-4.143789658401604,C12
-4.193006486317893,-3.9463550279819137,C12
-4.295935320591433,-3.9191897297641884,C12
-4.346594509335499,-4.021459555898603,C12
-4.207468238098692,-3.9113747378492563,C12
-4.2790968291865425,-3.8666669737619803,C12
-4.253833035622715,-3.817745982258065,C12
-4.300856312605516,-4.008182061357885,C12
-4.134599881820699,-3.85909798632361,C12
-4.067779986122881,-3.8071205304235907,C12
-3.959397659885927,-3.7412176428410864,C12
-3.6861327796308467,-3.8345607765787864,C12
-3.609241471261283,-3.902179923436795,C12
-3.501827339363456,-3.8251116803030745,C12
-3.6873995607387404,-3.8391025792018207,C12
-3.4838614232829257,-3.829528432509938,C12
-3.399462705635531,-3.7576727073889837,C12
-3.783042792638903,-3.8514010942159085,C12
-3.55129368009492,-3.666371908516192,C12
-3.6587633767613075,-3.717903936310787,C12
-3.4914702810287133,-3.6265582130077307,C12
-3.3988094673846665,-3.591942879556464,C12
-3.7488486568246455,-3.7165697535147415,C12
-3.593800576336687,-3.6181304521027005,C12
-4.049391775215769,-3.9714428823395083,C12
-3.7947956360518553,-3.6997907625167343,C12
-3.715794932298206,-3.5804845764832054,C12
-3.518700726667144,-3.5541432254125636,C12
-3.750068243365805,-3.697289421977722,C12
-3.6362000545208906,-3.526038145092101,C12
-3.595850750790305,-3.5140592637266153,C12
-3.7664962396588657,-3.6398516909250436,C12
-3.610656688747922,-3.481200176422585,C12
-3.7293211638552934,-3.455109694437003,C12
-4.106848786870134,-4.229570399725257,C12
-3.8728952016351923,-3.9031136645862134,C12
-3.9442395353122652,-3.9165479552052274,C12
-3.774690718274137,-3.8241260313609957,C12
-3.8239087409443187,-3.8087301671955216,C12
-3.7765040590376056,-3.773527159719987,C12
-4.230622673923862,-4.1448502126394455,C12
-3.939302159646388,-3.8869122350406604,C12
-3.8495505905391196,-3.7794067789658405,C12
-3.7471469690201067,-3.7526032510658758,C12
-4.22018713682942,-4.10111056270751,C12
-4.353008462522878,-4.287040774746628,C12
-4.189095719331299,-4.081531318727764,C12
-3.890759031411797,-3.941703824755863,C12
-4.287939857538925,-4.283631498693782,C12
-4.131767131577535,-4.128018664372917,C12
-4.042728020007057,-3.9309617160581394,C12
-3.9689957186364633,-3.917543111723897,C12
-4.230992129056226,-4.078478875552579,C12
-4.0264565314675105,-3.9187168292220145,C12
-3.9164973801697327,-3.887996703486484,C12
-3.7244583115986902,-3.787899041541453,C13
-3.802719441874381,-3.7356334494675116,C13
-3.9288547095489172,-3.726081133334435,C13
-3.9336740746379624,-3.7741479313468846,C13
-3.862645888629267,-3.7124264630871453,C13
-3.7164726351383064,-3.6787748639460687,C13
-3.827689031478046,-3.7101147661728726,C13
-3.7597004179972875,-3.65612378076942,C13
-3.6765416331505323,-3.610808365325925,C13
-3.8639139026159026,-3.773031012639827,C13
-3.6910089709998357,-3.6743879644778743,C13
-3.7328282715969863,-3.6312230878485883,C13
-3.7923656326110384,-3.5663837310553452,C13
-4.066816520825386,-4.137727822119296,C13
-3.955852379121277,-4.095056158498483,C13
-4.0129597130207335,-4.069064271534593,C13
-3.9601894458516496,-4.069599538304682,C13
-4.1784209720879915,-4.1369410951436985,C13
-3.9800533183211577,-4.006747096631065,C13
-4.056456022846546,-3.9446019719490732,C13
-4.030351159519275,-3.889924793812243,C13
-4.109802613789971,-4.105361669177606,C13
-3.9168558568569476,-3.935024401903059,C13
-3.95116991347165,-3.887974572493955,C13
-3.9829666607012197,-3.852657328136197,C13
-4.599289363226768,-4.533283848331554,C13
-4.62324060459512,-4.248093371525517,C13
-4.562566556202029,-4.291365006793136,C13
-4.977159389123472,-4.20131803687744,C13
-4.708631149548418,-4.5001307699125235,C13
-4.626904012921273,-4.2915654320348695,C13
-4.437112618706121,-4.2756196744839405,C13
-4.451979305094469,-4.231888180095604,C13
-4.507239610973163,-4.381611874977346,C13
-4.432385557269155,-4.187914211828762,C13
-4.329754146925876,-4.079039013769987,C13
-4.311491192343479,-4.050623188994721,C13
-4.419759491734624,-4.282627214246075,C13
-4.3019864960608185,-4.047998235606854,C13
-4.2693792021127175,-4.020117124571752,C13
-4.242528052234332,-3.999960541490396,C13
-4.916497380169733,-4.509079457924658,C13
-4.088363066870558,-4.238261709359743,C13
-4.903437561625864,-4.469703742635062,C13
-4.841637507904751,-4.298339849687934,C13
-4.890421453095613,-4.237932434902591,C13
-4.8523236757589014,-4.111311963372363,C13
-5.082652062372229,-4.452940030747534,C13
-4.639785386704648,-4.285187165833083,C13
-4.79805693659835,-4.135567821527792,C13
-3.869344650977969,-4.050825368842576,C13
-4.826522356547006,-4.418909010121062,C13
-4.807153884811158,-4.201311397468834,C13
-4.12280148472821,-4.120663728861884,C13
-4.62745619924093,-4.0556664053148,C13
-4.51173138450454,-4.2328457821031895,C13
-4.73849922680172,-4.507394874159225,C13
-4.520568662802264,-4.225958074678122,C13
-4.388807939131565,-4.106850267674368,C13
-4.43086027452754,-4.330295094707215,C13
-4.640543979879014,-4.229608003664851,C13
-4.484258583330635,-4.33150953872196,C13
-4.154839922348054,-4.057387212506441,C13
-4.134008199873724,-3.982602273095167,C13
-4.034892414150944,-3.922843536339699,C13
-4.10242788617427,-3.909731901132254,C13
-3.974284616098659,-3.8504015933515077,C13
-3.9645702618154517,-3.8039675068764036,C13
-3.152119002554625,-3.4980282826480895,C13
-3.222790741854315,-3.3826041629116275,C13
-3.209011524911184,-3.3729018583613444,C13
-3.1219380187099874,-3.3241055787506,C13
-3.1688343660905574,-3.311033194413114,C13
-3.266401539038661,-3.3380908969925827,C13
-2.988006885340743,-3.309298508078852,C13
-3.1811804924524636,-3.2739019316305766,C13
-3.1898347154568505,-3.2698915696928026,C13
-3.0010000277816795,-3.052045570708393,C13
-2.9219058495935895,-3.0852822783684752,C13
-2.884056823060945,-3.0538871870377546,C13
-3.009927665307847,-3.088552761887698,C13
-2.975925012692574,-3.0116751588370207,C13
-2.9010103605988227,-3.039758479664356,C13
-2.982549270489464,-3.00536905605804,C13
-2.9307019878844707,-2.985403174176937,C13
-2.927750102386485,-2.9968347902115644,C13
-2.814457845145625,-2.912910007659449,C13
-2.6757175447023074,-2.8048572228649964,C13
-2.5756084455897224,-2.7216406956482313,C13
-2.70730099695607,-2.7042617452530213,C13
-2.664141088680182,-2.7872677731457287,C13
-2.641684359917804,-2.6758271068743555,C13
-2.6472388082761693,-2.7589065437699207,C13
-2.5835259208997794,-2.684290505768878,C13
-2.638839004804974,-2.6480013222011642,C13
-2.3883828894456642,-2.538110587317591,C13
-2.4645792819438266,-2.4349765694999115,C13
-2.0007824344698966,-2.4190276461434967,C13
-2.3497896453396407,-2.6014440398930208,C13
-2.159517512786558,-2.429910902652707,C13
-2.1870866433571443,-2.385871937917158,C13
-2.3107799627361643,-2.5488315860310404,C13
-2.183559832043861,-2.401785718483694,C13
-2.3256901110585226,-2.3544785997173827,C13
-2.8204482088348124,-3.1620146251738777,C13
-2.6910089709998357,-3.169686122505049,C13
-2.5897290357478155,-2.9955788534443033,C13
-2.90031935889075,-3.088471024251453,C13
-2.74521031260279,-2.7964113717112893,C13
-2.850472986245652,-2.7887639258950823,C13
-2.987584625237567,-2.825239247227852,C13
-2.745935547085662,-2.9017165499790494,C13
-2.564474148501345,-2.7745457407658116,C13
-2.90622821850127,-2.6875034250357746,C13
-2.750801642608887,-2.712650505949405,C13
-2.7878123955960423,-2.7205084887554625,C13
-2.546987608878545,-2.68932277721534,C13
-2.426316306906202,-2.770161587433951,C13
-2.383839687152417,-2.6430014788166134,C13
-2.4035128662634557,-2.6858686627404835,C13
-2.4791236183116583,-2.7240249483967793,C13
-2.4005536242747243,-2.766976219166451,C13
-2.595850750790305,-2.760042672844748,C13
-2.4537041648785576,-2.712912117871609,C13
-2.3948027326116224,-2.6600214453972058,C13
-2.533725678210708,-2.700221025926596,C13
-2.5113083016830595,-2.717564262432995,C13
-2.427012291801795,-2.675359762259013,C13
-2.387640052032226,-2.6177542947568146,C13
-2.337809009140993,-2.446649702609542,C13
-2.0651481970343393,-2.329972740271095,C13
-2.509339346643863,-2.305650557693542,C13
-2.1545298670183266,-2.2829840350162525,C13
-2.1198154471735666,-2.2987556195548065,C13
-2.1667253607094366,-2.2911239241176693,C13
-2.2830789268332388,-2.34107114713322,C13
-2.167938385409273,-2.3088432169491964,C13
-2.2115487929765445,-2.2929630312527585,C13
-2.2577463300934064,-2.304164933093687,C13
-2.237621570688036,-2.274538070824501,C13
-2.173212761183708,-2.2694233556200203,C13
-2.2191068913129213,-2.168578967360051,C13
-1.913996294381618,-1.9648677977022113,C13
-1.7772835288524167,-1.9610762173150542,C13
-2.5416643740080525,-2.6225078625721108,C13
-2.5205686628022637,-2.5720149499027607,C13
-2.3361107013773386,-2.5078443507739405,C13
-2.341893164493607,-2.4856757214287675,C13
-2.600672467841321,-2.64061730985435,C13
-2.466227941615282,-2.5451255574239546,C13
-2.463820467862775,-2.464717019109849,C13
-2.5705707356182126,-2.4155862541032853,C13
-2.5365549682295723,-2.672158717450882,C13
-2.5603515704365263,-2.5217006037839313,C13
-2.496754228534887,-2.4228706195848932,C13
-2.399571674267869,-2.3861298250144527,C13
-2.563837352959244,-2.5801149532627927,C13
-2.653451441451526,-2.475981238211273,C13
-2.422738046414185,-2.3766596527178856,C13
-2.5331323796458904,-2.3509086195077713,C13
-2.710857164067667,-2.9445365225103806,C13
-2.7318902701915215,-2.8770057985209467,C13
-2.6413039004261893,-2.9419084521795464,C13
-2.6015391503917766,-2.8098762861425617,C13
-2.8716007312821934,-2.8713034375729887,C13
-2.7274622226247627,-2.790596570817177,C13
-2.7387371312075066,-2.810194161276248,C13
-2.6633401765455798,-2.773617065034221,C13
-2.9507819773298185,-2.870237646175409,C13
-2.6935749724493125,-2.7340214516566537,C13
-2.677160727313679,-2.660140668681352,C13
-2.5890541413122254,-2.712116340448333,C13
-2.7964232250220276,-2.7749289456584743,C13
-2.7512912643990823,-2.6968407248225765,C13
-2.699187205881883,-2.604305338492612,C13
-2.6069515335832216,-2.647384380544261,C13
-3.1799299656876743,-3.229281723533676,C13
-3.0404339533620726,-3.1538641352221335,C13
-3.1204453990610257,-3.0889702070437863,C13
-3.069968385049027,-3.0491211529892834,C13
-3.2197547161346476,-3.174390453991547,C13
-3.1303576553484054,-3.1498742145808136,C13
-3.0204971512125987,-3.0645084055563103,C13
-3.1337126609158052,-3.0372520916693557,C13
-3.2175990475034704,-3.066878021533879,C13
-3.0542360768888264,-3.106318805749049,C13
-3.044504670815873,-3.0446289292205084,C13
-3.0596329540143348,-3.012417142121073,C13
-3.1644996721326812,-3.055918221922467,C13
-3.0656530732617444,-3.0848180118690958,C13
-3.075875846814175,-3.012771986609065,C13
-3.0748426728241016,-2.9905895369795292,C13
-3.7444862871804667,-3.3836161155272735,C13
-3.7084091743419987,-3.398565562016005,C13
-3.44105155402196,-3.382166316915763,C13
-3.8563607647254567,-3.2886891586124722,C13
-3.5066813917678985,-3.2913974375051507,C13
-3.537003387971944,-3.296088967463395,C13
-3.4373503277880832,-3.311243398995211,C13
-3.613679426105954,-3.368429956693894,C13
-3.4964816872759252,-3.327829453253368,C13
-3.5830268273969637,-3.309135892101295,C13
-3.4243503852447805,-3.3151280583852363,C13
-3.5557990111358406,-3.3573615282108973,C13
-3.50210325708678,-3.331220688152746,C13
-3.5083582065224137,-3.3074750642874404,C13
-3.4537041648785576,-3.3098162228832813,C13
-2.964170174747172,-2.867369888399617,C13
-2.9863203027088074,-2.852609860355418,C13
-3.0496838360754,-2.659602203655229,C13
-3.0662597005030645,-2.8031190763582186,C13
-3.0443122496864943,-2.601381752357907,C13
-3.039053804266169,-2.733050873499237,C13
-3.085498177172686,-2.6179871090769584,C13
-3.178617500252701,-2.513330088897772,C13
-3.1695396499690327,-3.0887473392877394,C13
-3.169283050563102,-2.943871274450923,C13
-3.270187492839064,-3.0327164525210626,C13
-3.5132862240175147,-2.873175954556334,C13
-3.247413821259591,-3.035554139320494,C13
-3.3244049436132537,-2.8440103789548323,C13
-3.538201442474891,-2.806648167480228,C13
-3.2163107636526838,-2.9615332633891787,C13
-3.313721321932799,-2.8244655074832643,C13
-3.422278475490979,-2.7434139894937437,C13
-3.5287082889410613,-3.4134017902982645,C13
-3.6343248595440825,-3.2963522525817095,C13
-3.4017568083463776,-3.3625464016876214,C13
-3.4596705252091264,-3.2822099152808932,C13
-3.4345063701311376,-3.2307250892029256,C13
-3.455188088242224,-3.3470055278504267,C13
-3.4640732586044307,-3.2557864006428603,C13
-3.4782083503608767,-3.208967651465334,C13
-3.4038429190838277,-3.3152756404581747,C13
-3.4197594917346237,-3.246393297255055,C13
-3.503485481302255,-3.203020692152187,C13
-3.9800533183211577,-3.6622811924618595,C13
-4.006211186181295,-3.4790794096769178,C13
-4.022459294053466,-3.3946467133675924,C13
-4.090390489509831,-3.5374577234456352,C13
-4.045902279520811,-3.4082095736406712,C13
-3.450138811528057,-3.4490149679244495,C13
-3.3926522232315866,-3.3313678710365555,C13
-3.363712747901487,-3.2861966898167942,C13
-3.3950183703925685,-3.2937265078521114,C13
-3.6472388082761693,-3.424816097865579,C13
-3.5114492834995557,-3.318887455926473,C13
-3.4640732586044307,-3.274184216581787,C13
-3.407268233606038,-3.262335895856373,C13
-3.517841304588724,-3.3346812785005215,C13
-3.4590451910738675,-3.2782659465750137,C13
-3.382999658879101,-3.2676992595246155,C13
-3.3242216583259148,-3.235026888609323,C13
-3.549442990581671,-3.3170423683952794,C13
-3.3989182722159765,-3.216047922788276,C13
-3.4474534520443396,-3.192829734446188,C13
-3.3934036908207146,-3.1892087352783247,C13
-3.6435916729610187,-3.7866624459815275,C13
-3.869666231504994,-3.569908521453657,C13
-3.597910649427903,-3.505820890612957,C13
-3.9469215565165805,-3.643885935437869,C13
-3.9037854146535946,-3.5285702320241863,C13
-3.8315025164769674,-3.4471823349012247,C13
-3.6619421245802437,-3.478044488949145,C13
-3.781464494783472,-3.5569828680310076,C13
-3.637894680706227,-3.4740654048978095,C13
-3.5694412304772425,-3.383831761751521,C13
-3.6194269969331128,-3.4111077886960075,C13
-3.7624562618571256,-3.555427504357378,C13
-3.677780705266081,-3.44597834008219,C13
-3.604324214730064,-3.3972927129393033,C13
-3.685290307044826,-3.3848624378486276,C13
-3.817585347565446,-4.090857870390471,C13
-3.975104039892515,-3.928205035227381,C13
-3.858863909879261,-3.838647786117347,C13
-3.7637147225519714,-3.8398524691192772,C13
-4.1851533313955365,-4.058746256865807,C13
-3.8941493256148565,-3.9064475397628016,C13
-3.843148098929989,-3.79109150758059,C13
-3.8347556738746893,-3.807695488657911,C13
-4.125866221172028,-3.952202964760289,C13
-4.003575896044909,-3.8547862403066238,C13
-3.846185135655471,-3.788227494681326,C13
-3.962972120244225,-3.759069367568933,C13
-4.012825498912458,-3.9094995568904807,C13
-3.9488474775526186,-3.8120109174984687,C13
-3.9574244875598095,-3.7623182383661518,C13
-3.9193735130781944,-3.734336765149063,C13
-4.542118103266008,-4.592242756599575,C13
-4.304781081094849,-4.388776384041557,C13
-4.271971045579481,-4.316299025334642,C13
-4.0205426819021515,-4.263862907244263,C13
-4.642827742276967,-4.433608039311411,C13
-4.445874418486987,-4.4536481553804625,C13
-4.185486047631762,-4.269504124607515,C13
-4.229295231784221,-4.233466202272118,C13
-4.476513667656772,-4.348335924602615,C13
-4.264560796748519,-4.238778837238697,C13
-4.311580177997289,-4.154688060345887,C13
-4.203633845022479,-4.078844854072223,C13
-4.454445492765935,-4.371032361682084,C13
-4.249106079617874,-4.16555817442843,C13
-4.366531544420414,-4.131615121075146,C13
-4.140201452519435,-4.049252640836028,C13
-2.262489309326524,-2.488422331305986,C13
-2.538651566352017,-2.4165120888395353,C13
-2.673664139071249,-2.429174204678615,C13
-2.608183076386751,-2.4291930052483344,C13
-2.632644078973981,-2.3701221008677478,C13
-2.7226200253327453,-2.3608275715779983,C13
-2.719649306953994,-2.3589036723162837,C13
-2.5907433479610904,-2.4033424277403133,C13
-3.5445460312213717,-2.3599886257016043,C13
-2.6080069277402873,-2.315248451098149,C13
-2.477425367308823,-2.3097808133557964,C13
-2.4846561069116193,-2.3199115755654036,C13
-3.018453194954764,-2.3198215216766287,C13
-2.369775589247568,-2.2456235429313383,C13
-2.408378961786681,-2.2103721143230555,C13
-2.478469658721289,-2.2132870094183024,C13
-2.3016384339448903,-2.157972573388837,C13
-2.231954185897583,-2.1076224910602726,C13
-2.1181020264269885,-2.0626211930097678,C13
-1.8279811905754435,-2.0415682836004163,C13
-2.1950432001425084,-2.0240271242248387,C13
-1.9546770212133426,-2.0473179984361263,C13
-2.0460471167680767,-2.0517197298585326,C13
-2.005111204635089,-2.0159431971306145,C13
-1.91721462968355,-1.984661485421628,C13
-2.0095723415147364,-2.0012017494567447,C13
-2.02525809549905,-1.9716239205949468,C13
-1.8965383779052953,-1.9821457736935475,C13
-1.6621415709589056,-1.9613819778660442,C13
-1.620694482249418,-1.8956527060187054,C13
-1.507938395487401,-1.7997296198030572,C13
-1.518557371497695,-1.7640481687558947,C13
-1.586700235918748,-1.788656832440261,C13
-1.5730010412434627,-1.7463323892931708,C13
-1.5662301660751343,-1.7422723232368302,C13
-1.5262211653532751,-1.6934818920895782,C13
-1.5355104525660286,-1.7301457802745672,C13
-1.5644741485013454,-1.7157388776815032,C13
-1.5421181032660076,-1.663821012349456,C13
-1.455188088242224,-1.6388767040594134,C13
-1.6073030467403342,-1.7047409394343187,C13
-1.5489815478445426,-1.718887179112324,C13
-1.491604966866947,-1.6496161625578913,C13
-1.5273898024039554,-1.6229606908049972,C13
-1.3659259745125316,-1.5593950370895495,C13
-1.2012112860487507,-1.4166773245228237,C13
-1.399789693590672,-1.4884025377201744,C13
-1.2461106685401666,-1.4062968956486197,C13
-1.2605067692183851,-1.3869378643464214,C13
-1.365724305374056,-1.4030511035812354,C13
-1.28878347567891,-1.341631768231852,C13
-1.2159535841918867,-1.317256952163478,C13
-1.3666325548829932,-1.4749071630322623,C13
-1.2910694641933838,-1.4670132447943793,C13
-1.2133905273513401,-1.3728909209063904,C13
-1.2898826348881838,-1.3126343568274477,C13
-0.1027578971946346,-0.0305790846677251,C13
0.06744284277638066,0.059722632794103454,C13
0.1195857749617838,0.006596519373907066,C13
-0.07857365898473448,-0.07960463774659905,C13
0.08529057823006501,0.13747831688486165,C13
0.19256745333654565,0.20231870286047532,C13
0.1726029312098599,0.1270667265310467,C13
0.32735893438633035,0.35004698084198954,C13
0.17753649992986212,0.2158436351035825,C13
0.38147609027503,0.404936567259839,C13
0.17231096852195424,0.21274010923662584,C13
0.4008832155483627,0.46607377671257505,C13
0.33385014510254507,0.3337007353999455,C13
0.45423489574826553,0.4275096912793968,C13
0.51241754860084,0.5130842263460645,C13
0.372175286115064,0.4262938613400791,C13
0.5278875659527047,0.5579437202708488,C13
0.5926208213219823,0.645361338476431,C13
0.5560611590095326,0.526899536773878,C13
0.7165041637732169,0.5002532797604916,C13
0.5531545481696254,0.547736364392497,C13
0.7375901662857216,0.7196750962165579,C13
0.5809249756756193,0.6492167445523637,C13
0.800166990201364,0.7814848362869911,C13
-0.3733517315259897,-0.3399695656820885,C13
-0.2628869056940387,-0.29869853402585766,C13
-0.2128230075294461,-0.252695772728805,C13
-0.31930197030236496,-0.26580921262216267,C13
-0.23515164280658923,-0.22277537052593796,C13
-0.1806535159195472,-0.18145479396441713,C13
0.14332712999204641,0.11817195014410588,C13
0.29950729870048765,0.22269398640961027,C13
0.21958452621425473,0.16920615488345753,C13
0.20655604409902956,0.2699034284448077,C13
0.3463529744506387,0.20195576502813015,C13
0.3785795761157748,0.3029584706578614,C13
0.3362595520141933,0.3480091013592102,C13
0.4522465745204372,0.42314098683210977,C13
0.4913616938342727,0.47892548929204154,C13
0.3946267642722091,0.4593457644340044,C13
0.5200903281128425,0.5313936929720253,C13
0.6011905326153335,0.6036213910747849,C13
0.6379897807846853,0.5799095490042018,C13
0.5193028492354287,0.6343384481494536,C13
0.6864575104691117,0.6943542471373939,C13
0.7446840632768864,0.8985012527504889,C13
-3.1891628488595116,-2.6838754941779386,C14
-3.1284270644541214,-2.598607827813957,C14
-2.8890737577335797,-2.4918582384660226,C14
-2.8648673486232252,-2.482519793062354,C14
-3.0314703556251605,-2.715741825820568,C14
-3.014932966849499,-2.5931159755839523,C14
-2.918292729902651,-2.5057184099007466,C14
-2.767257937279263,-2.5080746657893145,C14
-3.206419132631844,-2.749659008894272,C14
-2.88706002391592,-2.604125238355645,C14
-2.809948582240794,-2.4822642656192153,C14
-2.7101881608823786,-2.451782094519104,C14
-2.8914349762671656,-2.702757795807926,C14
-2.768785352037399,-2.595225137042994,C14
-2.7569619513137056,-2.480393666727342,C14
-2.643400564275029,-2.4565050931122814,C14
-3.378927628856374,-2.9736258168669885,C14
-3.2284125191187445,-2.888415782749952,C14
-3.1685141607513425,-2.8599826293320603,C14
-3.1106422631110684,-2.822585591676766,C14
-3.258769588974529,-3.0018845997769414,C14
-3.126970187938956,-2.8678512958489506,C14
-3.104853810624008,-2.8333996658900413,C14
-3.140681534902884,-2.7801176454281857,C14
-3.2349277988972083,-3.0007392385214944,C14
-3.1914514487595946,-2.8465174255859953,C14
-3.0787298144901873,-2.7762390153227505,C14
-3.109467208072255,-2.7449669438854634,C14
-3.1525507375008273,-2.9487254094430755,C14
-3.114921615850776,-2.8371805310571627,C14
-2.959397659885927,-2.7758777650955024,C14
-2.858863909879261,-2.738653453568742,C14
-3.615646585862494,-3.2862725412001628,C14
-3.4274769021503624,-3.1928018177551634,C14
-3.3231235680268627,-3.1673177002165764,C14
-3.3567447749752284,-3.119593563859812,C14
-3.523313257054355,-3.283160706477762,C14
-3.3696738451960533,-3.1984986277515493,C14
-3.319030281534103,-3.1386073692381293,C14
-3.2885302181256724,-3.100819120556964,C14
-3.3615107430453626,-3.2929847269884522,C14
-3.2874344721266917,-3.197713051757182,C14
-3.1542200328881105,-3.147699161429949,C14
-3.1725014918665413,-3.0872433094065763,C14
-3.318668294030834,-3.2425151014262483,C14
-3.2366468912517847,-3.183755941049072,C14
-3.162159138344477,-3.1299235378114623,C14
-3.1511952989481964,-3.068642760975483,C14
-3.8784401558124992,-3.7841484937514873,C14
-3.704872914747809,-3.6350230938185306,C14
-3.6985359268567004,-3.5960390895313146,C14
-3.585862637815523,-3.542920902910996,C14
-3.791289980093599,-3.734423155553197,C14
-3.7088532382681145,-3.619074242854484,C14
-3.555955204081924,-3.567283114661173,C14
-3.502932063601495,-3.5189807292124646,C14
-3.688246138944246,-3.707895503276577,C14
-3.6356366453842694,-3.6034781676372862,C14
-3.45296410025999,-3.538002782690347,C14
-3.506402550999473,-3.473585115678885,C14
-3.602581457648652,-3.6770199831716464,C14
-3.529883646848996,-3.58462719581874,C14
-3.4710832997223453,-3.52202178089913,C14
-3.4233131947990043,-3.461370244722021,C14
-3.1682581663543616,-2.9553493715153194,C14
-2.998699066979582,-2.980067644285772,C14
-3.0262719413119727,-2.9592606416222598,C14
-3.071706587767798,-2.9152837460502656,C14
-3.646083769079637,-3.1052066364902524,C14
-3.5409092103994135,-3.0799483828842904,C14
-3.307064997468862,-3.085994120792408,C14
-3.1384655891409623,-3.0496105821190147,C14
-3.7493360805367564,-3.375845268900981,C14
-3.7380238086021875,-3.332858146761825,C14
-3.6811022853725133,-3.322029785202151,C14
-3.5272435506827877,-3.2932871290215275,C14
-4.1580776883205495,-3.8049325490884622,C14
-4.025995203102585,-3.7782563127140585,C14
-3.721703791908726,-3.753170397326334,C14
-3.7647241233129476,-3.714128870714142,C14
-3.6595558851598815,-3.4711690508953277,C14
-3.4953932293580463,-3.4137294495928177,C14
-3.3721223054200284,-3.3508968768785095,C14
-3.7084091743419987,-3.4752764416790463,C14
-3.428990327690695,-3.4028764083580367,C14
-3.278684119394101,-3.3159057268844947,C14
-3.2037032599482083,-3.2641863933767308,C14
-3.4817493486915,-3.42751468394265,C14
-3.3364875295848444,-3.3383986037735762,C14
-3.1272611725273314,-3.3081813113347516,C14
-3.173860382064085,-3.241749987798847,C14
-3.3971806575673003,-3.3653777026739418,C14
-3.257903597696756,-3.3295712057743883,C14
-3.2606650398039205,-3.273063303829718,C14
-3.094906031672129,-3.203751321556218,C14
-3.8091082830778302,-3.665589583887834,C14
-3.446116973356126,-3.6268504182601737,C14
-3.5332806283184013,-3.5537612057779984,C14
-3.784362436564938,-3.7101953839455155,C14
-3.621420423884225,-3.6500445382657745,C14
-3.521000868326643,-3.578652817925424,C14
-3.3233063903751336,-3.5359642371659015,C14
-3.651305809734459,-3.6815756263325294,C14
-3.492413960236989,-3.6140122251446343,C14
-3.3677452233152865,-3.553198986673325,C14
-3.273354279759088,-3.5028763633395874,C14
-3.612610173661271,-3.6414667753354797,C14
-3.411952503013917,-3.5392370093278234,C14
-3.351932870551065,-3.504160677151426,C14
-3.2354502809355328,-3.4598197954647616,C14
-3.931443104927637,-3.9088536661428495,C14
-3.862329462763245,-3.860714473771387,C14
-4.008109696063975,-4.021361102816902,C14
-3.7961515362537654,-3.8908344521578266,C14
-3.7594507517174,-3.8228964323078576,C14
-3.8239087409443187,-3.784640404911542,C14
-3.785156151952302,-3.9591140059883227,C14
-3.7677664788852665,-3.8433638050213332,C14
-3.749579997691106,-3.780435107335026,C14
-3.6322714539130234,-3.743098748285225,C14
-3.7899491501248628,-3.9293096953707978,C14
-3.737786294523583,-3.8016972427185522,C14
-3.710857164067667,-3.7445545786600416,C14
-3.5683146553139884,-3.714393001283614,C14
-4.561457651213889,-4.493933984743603,C14
-4.356251314540474,-4.455851797229634,C14
-4.086398050270843,-4.1867035355116125,C14
-4.091139826982723,-4.129243884131652,C14
-4.287266140930048,-4.398074823728253,C14
-4.139063379299906,-4.194089831177714,C14
-4.0168700752653,-4.142224891792135,C14
-3.8847224086040986,-4.0685470305806755,C14
-4.213461519502197,-4.371944959666334,C14
-3.9943905546397196,-4.126685522951691,C14
-4.0240170562874535,-4.110534025050178,C14
-3.9469215565165805,-4.038501796573449,C14
-3.6250684460218117,-3.5155826758615225,C14
-3.5069604116823485,-3.431449406410612,C14
-3.5114492834995557,-3.4175328589096727,C14
-3.626720106722504,-3.530794278543802,C14
-3.514704561273911,-3.4328420822825834,C14
-3.397505931192719,-3.389645303922641,C14
-3.2770371910575102,-3.357021596342981,C14
-3.545612532853045,-3.4604540239073143,C14
-3.4825401734597676,-3.357714954954623,C14
-3.2093630380682967,-3.3766570625735164,C14
-3.452225294612177,-3.419169199681009,C14
-3.4426131179404926,-3.338662101399711,C14
-3.2225731776106885,-3.354049373440667,C14
-4.218963061378868,-3.9018010844438678,C14
-3.8016178699917056,-3.8193565520679846,C14
-3.7344746647809264,-3.775327608082081,C14
-3.654234306885512,-3.756898506993732,C14
-3.8155925145876797,-3.884256388083577,C14
-3.6912222263352787,-3.8015310325831106,C14
-3.677160727313679,-3.7335130910119734,C14
-3.604324214730064,-3.6894400040464963,C14
-3.7198771036976925,-3.846580204431727,C14
-3.629301907424423,-3.756927754056435,C14
-3.6101254416090147,-3.682935438611287,C14
-3.4631891340084584,-3.6368099898057973,C14
-3.7420815496859414,-3.81229740723747,C14
-3.584025588623434,-3.713868189752914,C14
-3.6127881996862694,-3.6489925781165833,C14
-3.417255034308723,-3.610757493065598,C14
-4.014798141635429,-4.013243816004001,C14
-3.8544928285903373,-3.9784090213042607,C14
-3.8377343857019786,-3.937764699618245,C14
-4.021865152601711,-4.143493936865356,C14
-3.8443603662402235,-3.9970159171846,C14
-3.771599641296995,-3.963487506989328,C14
-3.680685695909488,-3.9069299122186534,C14
-3.9129287940934647,-4.113344550275413,C14
-3.7520267336381936,-3.960667213729498,C14
-3.6788159726976857,-3.9179286198173804,C14
-3.674484336636852,-3.8641880167668714,C14
-3.8329782042097436,-4.057867249179442,C14
-3.7486051499598956,-3.908955077308019,C14
-3.6757175447023074,-3.86893054533094,C14
-3.771599641296995,-3.8210293931022847,C14
-4.107849722098636,-4.234629736030859,C14
-4.093718844227847,-4.140073212160742,C14
-4.348625056086957,-4.437898641758518,C14
-4.073811950892794,-4.223694253947307,C14
-4.0682371115188225,-4.227061833091631,C14
-3.910094888560602,-4.13960071550761,C14
-4.2111955069553515,-4.377535323174702,C14
-3.9706162223147903,-4.229453576199722,C14
-4.04200982159317,-4.173456378039071,C14
-3.8236193077567298,-4.11189260732141,C14
-4.123724411322121,-4.341847644703761,C14
-3.9295926782598802,-4.145735194560519,C14
-3.8979094744881633,-4.1126502462497845,C14
-3.8486301497525397,-4.042828646988104,C14
-3.7741740085381066,-4.047493889782162,C14
-3.6972362915270183,-3.897863448641217,C14
-3.581864501574768,-3.859946769528663,C14
-3.624885315307775,-3.848519155700908,C14
-3.7649768405047763,-4.010374986130775,C14
-3.6593576224392947,-3.891695139379576,C14
-3.575118363368933,-3.8205208306982392,C14
-3.547293773488971,-3.809794897181445,C14
-3.660151216962363,-3.949464751706385,C14
-3.5107448316307397,-3.8125127490711663,C14
-3.478600371884624,-3.7571022360471864,C14
-3.3370533856673754,-3.7612428310863586,C14
-3.623788149717327,-3.9019897355702784,C14
-3.6579723119125283,-3.773049955198509,C14
-3.4685210829577446,-3.7266578727562756,C14
-3.4467239538629006,-3.7023423995181366,C14
-3.958607314841775,-4.086268309170908,C14
-3.7770235501066085,-4.108356529785066,C14
-3.7226200253327453,-4.024555219251036,C14
-3.9132843360551175,-4.2214131085332305,C14
-3.7481185454474724,-4.041076372718934,C14
-3.6038006529042637,-4.002371371487353,C14
-3.534319788401722,-3.9663910108716487,C14
-3.833866029694891,-4.187899350101023,C14
-3.631341287607773,-4.010701409926558,C14
-3.6192462291961,-3.928221901074087,C14
-3.474436941729933,-3.910967413079853,C14
-3.7520267336381936,-4.135293229385402,C14
-3.614036429399303,-3.9340695061297457,C14
-3.6726410656136697,-3.870933467750883,C14
-3.4686488354169405,-3.862462265724147,C14
-4.083440780698886,-4.456353628277089,C14
-3.944621668625,-4.0063736300507635,C14
-3.8024437868464633,-3.954903234209951,C14
-3.7859513205880586,-3.824744224130422,C14
-4.025949097207123,-4.385367587577738,C14
-3.9006647223140423,-4.057417771924873,C14
-3.8265223565470055,-3.969591825392143,C14
-3.881404634776238,-3.813814329304593,C14
-3.9645702618154517,-4.355916176133131,C14
-4.150519162756014,-4.072675694882621,C14
-3.9366666410482503,-3.843040246379878,C14
-3.712870379280889,-3.7468560656285024,C14
-3.925183559354825,-4.236921448706663,C14
-3.730253626869233,-3.933061897621304,C14
-3.6859220082207873,-3.814818499624225,C14
-3.6524748400013105,-3.735513236225313,C14
-4.015022873584507,-3.982866584796639,C14
-4.0467236633326955,-3.874393839020798,C14
-4.372429335819457,-4.359480206673282,C14
-4.067830754079208,-4.102383051733192,C14
-3.9164973801697327,-3.9800016565612646,C14
-4.040052784291501,-3.859348566131471,C14
-4.067983093565799,-4.371250364276317,C14
-3.915066425063284,-4.0908878880077095,C14
-3.969805214643249,-3.9433040123753513,C14
-3.8648673486232252,-3.8295951089135305,C14
-4.054974798757537,-4.320987890375241,C14
-4.059533322336471,-4.05846901635236,C14
-4.02429253646282,-3.926371572300236,C14
-3.9597933724252887,-3.830304036619562,C14
-2.4553119776973227,-2.4514868498208107,C14
-1.8113527040002826,-2.4377267255115527,C14
-1.9804683154687446,-2.3781177231287036,C14
-2.0173670056051503,-2.4014160260147674,C14
-1.4625587165920524,-2.3219114388872626,C14
-2.236871623200863,-2.3537836180793,C14
-1.785421046429501,-2.3560925684510754,C14
-1.8982529260536338,-2.414997192312407,C14
-1.7926349625309281,-2.300446557987039,C14
-1.6649434805609085,-2.317783147041255,C14
-1.685922008220787,-2.327744077018623,C14
-1.7584535194034516,-2.3834738103575623,C14
-2.038483988551051,-2.2550532550154307,C14
-2.1139042675622526,-2.2352497377988354,C14
-1.8722474841670267,-2.2831437397334966,C14
-1.3984832163499898,-2.0203602204784046,C14
-1.4135252214286034,-2.117904067452025,C14
-1.606073993414163,-2.0029361940429187,C14
-1.51427857351842,-1.9269646792594983,C14
-1.6565914061961426,-2.0133013908727566,C14
-1.881404634776238,-1.9724465245231833,C14
-1.3867926478962402,-1.9554860122577156,C14
-1.4602967610521744,-1.911558134339883,C14
-1.2494144726589913,-1.6183987284876293,C14
-1.5055671012736014,-1.5694336972845992,C14
-0.8827287043442357,-1.5060929280948954,C14
-1.025856900097785,-1.4890601149110774,C14
-1.3138107657559763,-1.520320462716606,C14
-1.260190400978641,-1.5119309517966932,C14
-1.0886292928838621,-1.4601511637989173,C14
-0.9931062920520995,-1.4415922604178768,C14
-1.1665341398293076,-1.645415480338487,C14
-1.3001622741327543,-1.5238229700341992,C14
-1.0190426837703799,-1.4616830664124933,C14
-1.2068384707544493,-1.559615141186924,C14
-1.0860802350485341,-1.5455967117660203,C14
-1.0403386297265045,-1.4662176124680693,C14
-0.9783972839717577,-1.5393428786692926,C14
-1.0797722885430714,-1.516497099605952,C14
-1.2937090427412365,-1.383435795315901,C14
-0.8594919569618205,-1.3665916740094177,C14
-4.146727775979317,-3.5595405614131113,C14
-4.0742239461632535,-3.8372658948986844,C14
-4.079615757821642,-3.6363905151191274,C14
-3.7408841558149337,-3.527344737699765,C14
-4.2636831920958915,-3.8666720077258465,C14
-3.795880017344075,-3.63497534094946,C14
-3.6373290702743333,-3.4949865388933072,C14
-3.99012436628784,-3.8308874320568957,C14
-3.8843894883257004,-3.602756638957975,C14
-3.4862498499181767,-3.4828339096113385,C14
-4.240181122625174,-4.059142473760338,C14
-4.07448164182257,-3.6335513060833056,C14
-4.278519145229951,-3.953040748555153,C14
-4.048031415507089,-3.7460816785107194,C14
-3.7934439559009703,-3.604074063129652,C14
-4.300075597257523,-4.0060406773093105,C14
-4.0816026611563,-3.7358589882644786,C14
-3.88706002391592,-3.6062304280187183,C14
-3.9833844524428224,-3.9368895442689813,C14
-4.015337693809894,-3.704951584130107,C14
-3.756465898167938,-3.5496961917040304,C14
-4.3715088950328775,-4.1424353424328775,C14
-4.588211995456131,-4.136218445492271,C14
-4.081864773833641,-3.8187239677019202,C14
-4.292344676468813,-4.147213564512003,C14
-4.560667306169737,-3.8894639489522063,C14
-4.091193400594325,-3.7724714706210065,C14
-4.619969752032169,-3.731735992005841,C14
-4.118729496070642,-3.7536833389576247,C14
-4.479647495916682,-4.237709583688766,C14
-4.397289055042442,-4.2371602886151365,C14
-4.8843894883257,-4.035195699514022,C14
-4.196474604423468,-3.922169374082436,C14
-4.674895017028592,-4.291845861858697,C14
-4.885389015767827,-4.085005948575256,C14
-4.107794054024227,-3.9117851526644913,C14
-4.791289980093599,-4.304160494902901,C14
-4.045902279520811,-3.8976505694314016,C14
-3.370284667352868,-3.226302726228881,C14
-3.065047292182142,-3.234058095679997,C14
-3.239125361947811,-3.2887196684168583,C14
-2.8722474841670267,-3.186268643729822,C14
-3.1332402165048916,-3.1843184123510815,C14
-3.1285438259770464,-3.1877093748844727,C14
-3.096801452957022,-3.2215919410712934,C14
-2.9538952127539613,-3.157725952157574,C14
-2.9415739755429944,-3.1593474173274134,C14
-2.893129455521346,-3.2108320267624326,C14
-3.4596705252091264,-3.188511596363485,C14
-2.8989406450918844,-3.1826125619971446,C14
-2.9538952127539613,-3.174878553070946,C14
-3.0237417507429547,-3.1898257439490068,C14
-2.9480760839538935,-3.191847789844891,C14
-2.86518562967954,-3.0216380615305742,C14
-2.9083330424043154,-2.964099973570243,C14
-2.787546038959724,-3.01641324300429,C14
-2.703115524461453,-2.9969469532603705,C14
-2.7486051499598956,-2.9849353653109625,C14
-2.7146677723561154,-3.000850287837521,C14
-2.7297871451037574,-3.0052479422853517,C14
-2.73471037413917,-2.9596377972183885,C14
-2.7864822430036953,-2.9513876925704,C14
-2.651500429716162,-2.946709861091612,C14
-2.613144470815276,-3.013959670824565,C14
-2.725149679983335,-2.967256305505367,C14
-2.6008456660417836,-2.923279732797436,C14
-2.704432900037521,-2.9119803040486523,C14
-2.6540384581868586,-2.7767348209737084,C14
-2.7050930893948077,-2.7393791090830906,C14
-2.4825401734597676,-2.6863554540210646,C14
-2.648590248074561,-2.8077910780124875,C14
-2.6074789100680675,-2.7056531479018204,C14
-2.489454989793388,-2.7160083670661823,C14
-2.4977094720852273,-2.652918220439609,C14
-2.5641556340155587,-2.7939448297732543,C14
-2.5922692719736644,-2.699351566048014,C14
-2.5138530031934274,-2.685676633237421,C14
-2.597222930389653,-2.643753430137756,C14
-2.4047242881979005,-2.804181688644454,C14
-2.507938395487401,-2.7234420037940397,C14
-2.608183076386751,-2.7181218973958217,C14
-2.347173697438995,-2.655672743044472,C14
-2.50017550416042,-2.4613653581195045,C14
-2.454198242840724,-2.4027610855531965,C14
-2.416801226031377,-2.370726986362397,C14
-2.344381416458778,-2.3112706986668647,C14
-2.3949105381184195,-2.4104698722563707,C14
-2.287013766405617,-2.302966717683131,C14
-2.2488749284644163,-2.2843323489531064,C14
-2.276462238467943,-2.234122331743741,C14
-2.3796557002455065,-2.3657900391176043,C14
-2.2805858402974066,-2.269252378686803,C14
-2.2571963415308343,-2.268327042875029,C14
-2.2426039712069756,-2.2377451708110474,C14
-2.279014255846261,-2.3334435655216503,C14
-2.2468767553182873,-2.241505890426371,C14
-2.0985416786038877,-2.244416221483524,C14
-2.130592250617798,-2.2243633462281895,C14
-0.3329207945357833,-0.42494664087135087,C14
-0.3459197646934294,-0.34730819251711254,C14
-0.22687207596666528,-0.30987035982775973,C14
-0.20683847075444928,-0.3899097283301627,C14
-0.15255073750082712,-0.32643335526272094,C14
-0.12708655837960472,-0.28706531037106997,C14
0.028164419424469872,-0.0532191866393856,C14
-0.042871802323186915,-0.0024340478175634748,C14
0.07736790528415652,0.07404599859092206,C14
0.13161866434912553,0.04304296590507364,C14
0.22968184231767583,0.11431106719617178,C14
0.26623169668989327,0.3672174064914567,C14
-0.2662411644127973,-0.31469177247481067,C14
-0.18078520011761592,-0.23052743536310538,C14
-0.1861522457711457,-0.18712537783737257,C14
-0.19887081242029592,-0.6144199974601561,C14
-0.07925073872429171,-0.287399356441643,C14
-0.02200219004126029,-0.14200959377273298,C14
-0.08449463824562346,0.08030710011106404,C14
-0.011173592954724193,0.17386215824639892,C14
-0.021271822861508152,0.12084393438841336,C14
-0.017095882207371908,0.22877249703256583,C14
0.08564728829685654,0.11044355295204854,C14
0.0799044676667207,0.26088656880421457,C14
-3.9262816496538773,-3.8994212861162802,C17
-3.7318902701915215,-3.8387344133460064,C17
-3.5691190535471087,-3.672253047531645,C17
-3.957818405484234,-3.8164700662408584,C17
-3.6722325100972713,-3.761648360593388,C17
-3.5212892444872406,-3.684976944946661,C17
-3.565111879132684,-3.5806901404224836,C17
-3.73969005420508,-3.789683590020181,C17
-3.5851937204989874,-3.6552155027228217,C17
-3.588211995456131,-3.572699466259911,C17
-3.4649591867488394,-3.4979710356040927,C17
-3.7423214251308154,-3.7791707346422188,C17
-3.5754450233932866,-3.6451317130866427,C17
-3.4539511335982658,-3.5104864722604394,C17
-3.371304617285977,-3.424853115776018,C17
-4.0428238695951535,-4.025129526538082,C17
-3.944621668625,-3.9343573058972003,C17
-3.8797552044536348,-3.854556119089828,C17
-3.7569619513137056,-3.7693209209884775,C17
-3.9637704559137052,-3.9308472180715754,C17
-3.867420152340263,-3.8546935984612953,C17
-3.77780395369828,-3.7728405435957284,C17
-3.7185121120599187,-3.66803135542046,C17
-3.935916564036404,-3.8717554927671047,C17
-3.8233300673318507,-3.769919130585464,C17
-3.6712127996454655,-3.7144612293273926,C17
-3.6655462488490693,-3.61037225006936,C17
-3.850472986245652,-3.8121656018938195,C17
-3.755228238504705,-3.7222681010282135,C17
-3.6272720591144045,-3.6177066158345803,C17
-3.5590909179347823,-3.5319414311461648,C17
-4.3472703039307525,-4.1617165257881155,C17
-4.081864773833641,-4.025561577183136,C17
-4.096259059378461,-3.993267468188059,C17
-3.9527251326158206,-3.937807686698474,C17
-4.095122233036595,-4.111960820474472,C17
-3.9913998282380825,-3.995467175803815,C17
-3.907981529247203,-3.9144947751849215,C17
-3.849243560139691,-3.829181474331845,C17
-4.067171233099153,-4.091173801730139,C17
-4.00850811108984,-3.987603098692731,C17
-3.935916564036404,-3.9071277014696726,C17
-3.876475019057268,-3.815087498135625,C17
-4.0530076592516275,-4.034166463568853,C17
-3.955460239607589,-3.9553300237739495,C17
-3.8535618647142256,-3.86892645118078,C17
-3.803547458296611,-3.7531637891236382,C17
-4.316772793958565,-4.2756220538427705,C17
-4.298691114771925,-4.223192411248535,C17
-4.195656081520134,-4.207749607982686,C17
-4.136974703770529,-4.121986116617569,C17
-4.2207643683241365,-4.223439187018113,C17
-4.13335827943396,-4.149542413051861,C17
-4.087884270921146,-4.095160351084426,C17
-4.41150419899279,-4.182602532895411,C17
-4.2753964846032835,-4.203201258219311,C17
-4.144359719109855,-4.12412544908567,C17
-4.061380218497319,-4.052396017336713,C17
-4.305307073668516,-4.143219822469721,C17
-4.161087972594001,-4.119692798498761,C17
-4.074739490480565,-4.087142214263069,C17
-3.9714287473074625,-3.9825461381831957,C17
-4.466863711721361,-4.4296572080525305,C17
-4.28844583174983,-4.332364298732198,C17
-4.305658089635819,-4.266099778938055,C17
-4.228927216778805,-4.229750518738743,C17
-4.34371009880864,-4.343355765277178,C17
-4.151133788505221,-4.192990880086637,C17
-4.080921907623926,-4.108043517224644,C17
-4.273028416317123,-4.276937805796224,C17
-4.120445399061025,-4.13337827787393,C17
-4.100179497572904,-4.069886265888485,C17
-3.99012436628784,-4.004691336708904,C17
-4.150273555803672,-4.207452681515221,C17
-4.053547734986927,-4.070366622955063,C17
-3.9948194874962195,-4.017644262014639,C17
-3.8658228924232336,-3.953366531746975,C17
-4.7342390832823895,-4.522817132573249,C17
-4.465973893943865,-4.441341090422332,C17
-4.434388275097941,-4.389111468577529,C17
-4.372531727540291,-4.350243544958814,C17
-4.412401270278755,-4.420250267782548,C17
-4.36301089818777,-4.31644964703364,C17
-4.272865576239512,-4.279728502482541,C17
-4.279427279635739,-4.203246746497537,C17
-4.3441895055047475,-4.390573053328317,C17
-4.249414472658991,-4.227608111788102,C17
-4.153353671422883,-4.1523401217589475,C17
-4.1938200260161125,-4.106905396541264,C17
-4.257431965633858,-4.329409199170551,C17
-4.113058294016585,-4.094397616687641,C17
-4.1301231867332335,-4.044645787568467,C17
-4.506820879317485,-4.587255172350508,C17
-4.565750547603525,-4.545718505247362,C17
-4.4769041617474326,-4.566035031796509,C17
-4.518557371497695,-4.530004770484451,C17
-4.46826569072345,-4.422672281616789,C17
-4.370488465799546,-4.417438651613892,C17
-4.612254340391137,-4.503402461405088,C17
-4.436756298859602,-4.4386525989549295,C17
-4.368150537840182,-4.365839262941585,C17
-4.310158590862495,-4.338876737721685,C17
-4.488651484509787,-4.420636232333235,C17
-4.351639989019068,-4.356352377229531,C17
-4.292429823902063,-4.284362147223653,C17
-4.237546517636453,-4.229467948339079,C17
-4.640543979879014,-4.4783901930822845,C17
-4.549135307620234,-4.52192111344317,C17
-4.494578672416719,-4.447202531826089,C17
-4.619065536669298,-4.505962040947822,C17
-4.513711239039433,-4.45417007491886,C17
-4.497026940934369,-4.3420674878069985,C17
-4.440213031799444,-4.38647000391849,C17
-4.6439741428068775,-4.523219816511308,C17
-4.357535479757878,-4.417099398583645,C17
-4.33856594960608,-4.315909500761609,C17
-4.249106079617874,-4.2644118701650395,C17
-4.413075291855179,-4.411172547662388,C17
-4.331987028358168,-4.289784466545401,C17
-4.176460566343141,-4.209694733987938,C17
-4.079094395835976,-4.121038022500528,C17
-4.338187314462739,-4.333089456822889,C17
-4.196816111464658,-4.207509652788608,C17
-4.101658834272491,-4.106723468633712,C17
-4.0260413138932964,-4.061804195257178,C17
-4.277366077466188,-4.267205548522119,C17
-4.095663207797505,-4.136031033297102,C17
-4.033060836978887,-4.041159407575756,C17
-3.9601894458516496,-4.033544790521105,C17
-4.603277721496227,-4.5363179948244765,C17
-4.450016388840311,-4.46985566289956,C17
-4.417822962311591,-4.39154789958607,C17
-4.313810765755976,-4.342024853556236,C17
-4.541966807503494,-4.428502572913292,C17
-4.33856594960608,-4.330421159409014,C17
-4.270673190353139,-4.261293941451607,C17
-4.2041894753325915,-4.1918881835827175,C17
-4.506402550999473,-4.384032271186646,C17
-4.234033575214286,-4.255871806162397,C17
-4.219538667138282,-4.153571186003995,C17
-4.105794740857916,-4.109047962243428,C17
-4.351249787301981,-4.334016613284598,C17
-4.243668232678942,-4.211771064425516,C17
-4.136439235473757,-4.098706910121335,C17
-4.036353813515157,-4.072944691372026,C17
-4.657182685364267,-4.506955957635766,C17
-4.447696890661646,-4.443448968951026,C17
-4.500725418107782,-4.378391830745895,C17
-4.56431486205837,-4.4769912773885165,C17
-4.465212641370508,-4.401972694298455,C17
-4.333762904104195,-4.334478359802539,C17
-4.347173697438995,-4.281994970687393,C17
-4.508918586576812,-4.499602883370103,C17
-4.383209513670284,-4.333969441651173,C17
-4.320481256304211,-4.269876300313345,C17
-4.245575210722741,-4.1955425968001805,C17
-4.478338984887927,-4.430782383406215,C17
-4.31560352158098,-4.277440090365509,C17
-4.202455485638274,-4.206703065767568,C17
-4.15676722190199,-4.135973331524259,C17
-4.562725202589877,-4.476424557498231,C17
-4.593800576336688,-4.490206507405002,C17
-4.5821962773601195,-4.509025453655149,C17
-4.368860749743189,-4.394739106911479,C17
-4.5932895413902095,-4.537025701584513,C17
-4.425968732272281,-4.338428168143012,C17
-4.36845477216569,-4.329546506285596,C17
-4.540004743952609,-4.4923036377376215,C17
-4.416801226031377,-4.394557750140938,C17
-4.391260080931212,-4.319930825248896,C17
-4.325138859262188,-4.287343602238624,C17
-4.543482142194738,-4.533764069396011,C17
-4.554707230574028,-4.54145738413351,C17
-4.541815564429737,-4.494622304037414,C17
-4.441771578196675,-4.427462876600858,C17
-4.452840878672583,-4.410616272442601,C17
-4.405386490839902,-4.385857058225183,C17
-4.416914633652312,-4.33708136112086,C17
-4.356646038023137,-4.329098045171346,C17
-4.43486084803021,-4.323189022405313,C17
-4.330776126069194,-4.303018480297569,C17
-4.365724305374056,-4.283056867162388,C17
-4.321572677566133,-4.247663182150912,C17
-4.31069114087638,-4.228788391024152,C17
-4.278024598414047,-4.212012381276189,C17
-4.32910504647979,-4.161799401282887,C17
-4.409046764812015,-4.070233324288462,C17
-4.269540739954231,-4.097617446579663,C17
-4.262250926108443,-4.020917857655608,C17
-4.215953584191887,-3.9650343339737164,C17
-4.198939470152144,-3.961820704253551,C17
-4.202732459169283,-3.958392005390314,C17
-4.23047497982895,-3.9854066717602623,C17
-4.184422251675732,-3.918867116387291,C17
-4.237471477553,-3.9063390486108687,C17
-4.15857795559764,-3.905432277329135,C17
-4.153168247176743,-3.961825013606963,C17
-4.105075022640457,-3.901301309812532,C17
-4.155026061853112,-3.8872211831274974,C17
-4.102372908709558,-3.8520777206975576,C17
-4.276626432981016,-4.310258374289992,C17
-4.191383964573008,-4.274920321293819,C17
-4.18025870272699,-4.21231590183752,C17
-4.213106674738684,-4.1573826726683105,C17
-4.080555789534763,-4.164818343740991,C17
-4.0773264321414455,-4.096430863679654,C17
-4.021089422824429,-4.075112234510294,C17
-4.1007815821486275,-4.1059962871544124,C17
-4.041818502435052,-4.059230461676951,C17
-4.067983093565799,-4.0357447866131775,C17
-4.005814871797683,-4.090714736083477,C17
-4.059533322336471,-4.065548488013143,C17
-3.9476909003526766,-4.029868614470663,C17
-3.9812995013337567,-3.9895428970102556,C17
-4.042105512787102,-3.9411550969362366,C17
-4.001827878060559,-3.845437399098335,C17
-3.947306058075032,-3.794955086889166,C17
-3.919012953089113,-3.7366649555479943,C17
-4.013452186585276,-3.874283882218049,C17
-3.929962133392245,-3.809983909156109,C17
-3.880084589742009,-3.7587959051583444,C17
-3.8110715162391466,-3.6952554943321383,C17
-3.9069286936239367,-3.825965151182756,C17
-3.7864822430036953,-3.791129645358078,C17
-3.857610533881164,-3.74567700253801,C17
-3.7796303675486054,-3.6900691189125734,C17
-3.9069286936239367,-3.8064898012443447,C17
-3.8395314688809625,-3.773590631034839,C17
-3.7785857621576615,-3.7458320926311695,C17
-3.7153437172114843,-3.6920878987943264,C17
-4.474955192963154,-4.33307024256346,C17
-4.264002115908206,-4.267587702620265,C17
-4.344477403746582,-4.163146298369959,C17
-4.215953584191887,-4.2056553267132895,C17
-4.252976822548372,-4.127321982129212,C17
-4.177439663057307,-4.135160742019591,C17
-4.145451064187049,-4.067281112850051,C17
-4.203564441189825,-4.104093349465922,C17
-4.252665890384095,-4.080930430677002,C17
-4.158640529545145,-4.066934503205204,C17
-4.221559316428767,-4.086192548421082,C17
-4.14923127307112,-4.04808495879973,C17
-4.112045296191199,-4.032887521544631,C17
-4.112495225764622,-4.009873190095853,C17
-4.070683273246504,-4.065361396020488,C17
-4.070121476343217,-4.050448715816269,C17
-4.0277508640374045,-3.9117713636341427,C17
-4.048711062722328,-3.997240944456563,C17
-4.034516075754861,-3.9710333931432453,C17
-3.9649707177976317,-3.889049724329369,C17
-3.9515581964495956,-3.8688507831058194,C17
-3.963371104637839,-3.9448653683680965,C17
-3.9219058495935895,-3.973644289398408,C17
-3.962175249411658,-3.868881224569714,C17
-3.770318157682324,-3.8311777022248155,C17
-4.001435541739059,-3.9336587846091167,C17
-3.8350526273781584,-3.8937519283125326,C17
-3.8948305720006684,-3.8152864772651305,C17
-3.774432286560529,-3.775576434352455,C17
-3.975104039892515,-3.8318736410727654,C17
-3.8309136425129773,-3.771612943091002,C17
-3.883060353449244,-3.7564846923698485,C17
-3.670805584911549,-3.725529282059189,C17
-3.919012953089113,-3.695214883971143,C17
-3.7947956360518553,-3.6477122159085824,C17
-3.715118285344547,-3.5940447797288715,C17
-3.591251393815756,-3.5749492523435626,C17
-3.669992299127241,-3.6389843504706163,C17
-3.6167233495923496,-3.6031443806921546,C17
-3.5948244537820107,-3.5470634246758563,C17
-3.833273944419948,-3.62585631945066,C17
-3.6108339156354674,-3.5230877254678616,C17
-3.782779344355481,-3.54368596566897,C17
-3.47729500726525,-3.4417103161683076,C17
-3.686976889676762,-3.5128211142512438,C17
-3.438779321066056,-3.414987504299924,C17
-3.655804284128565,-3.4814761853861134,C17
-3.4316809149048884,-3.3875914170019943,C17
-3.251424383069008,-3.3062954875873816,C17
-3.5646334933873387,-3.489304705076596,C17
-3.3622101706377707,-3.3772678202287425,C17
-2.007269796045857,-1.9852985520506807,C17
-1.9677842967020185,-1.8963161657719443,C17
-1.9396799713117148,-1.819967549163645,C17
-1.9006647223140423,-1.8234974707935803,C17
-1.995248844408999,-1.9541120660135192,C17
-2.0420576645545956,-1.8812699368412498,C17
-1.886390848926972,-1.8506566622377563,C17
-1.9901243662878398,-1.8832175335740993,C17
-2.024108863598207,-1.9103832974413624,C17
-2.0648959788485506,-1.8062539139495375,C17
-1.8677403104689554,-1.729129556824724,C17
-1.9208187539523751,-1.7147741334406916,C17
-1.9041335465214573,-1.9126449819290732,C17
-1.9118639112994487,-1.7503890370570792,C17
-1.8253588073395515,-1.7775765580406562,C17
-1.872571222148401,-1.7742147929132028,C17
-2.3808022842070526,-2.3600499672217916,C17
-2.3852082080435824,-2.359841526171746,C17
-2.3370533856673754,-2.3760935704415576,C17
-2.4505062867849867,-2.348709712225513,C17
-2.330497165895657,-2.357676437991452,C17
-2.4624327428473247,-2.3100032015893133,C17
-2.2547690154718594,-2.3505152609041566,C17
-2.291749111408622,-2.2689103620905002,C17
-2.2527436025578558,-2.2307640575704237,C17
-2.3896592885478434,-2.1511285800018554,C17
-2.1970895105809602,-2.1153469111551138,C17
-2.17204947169737,-2.125525209238516,C17
-2.2701065960367623,-2.171314008250829,C17
-2.2834124223243077,-2.1532080756779086,C17
-2.1673633724032966,-2.1033278148464545,C17
-2.3348882629249488,-2.1160303603690878,C17
-2.6701954778359305,-2.731485973583365,C17
-2.744004273277598,-2.7206718651461363,C17
-2.661145253747677,-2.64757225277096,C17
-2.7164726351383064,-2.614916682880011,C17
-2.606600304706898,-2.67501694936444,C17
-2.6470460882899123,-2.5916107773516077,C17
-2.485452247339714,-2.587838502422005,C17
-2.5624079677460387,-2.5750075164237836,C17
-2.502379350218712,-2.593953261290692,C17
-2.5103227083363016,-2.554115057502652,C17
-2.476643793345207,-2.5138192880493713,C17
-2.48758245139916,-2.5279833982011772,C17
-2.6088883862971977,-2.5157881961056106,C17
-2.634137784597445,-2.4959414649787304,C17
-2.3459197646934293,-2.4613482403244107,C17
-2.372839047625224,-2.4841225937358344,C17
-3.089962876446949,-3.142961435046555,C17
-3.111202932543319,-3.1166193193689433,C17
-3.00629930517965,-3.066688413740029,C17
-3.1258662211720276,-3.0257449237779412,C17
-3.128310334314485,-3.088873802105628,C17
-3.1701175535565067,-3.06337769884645,C17
-2.9377941911802874,-3.0253546938074636,C17
-3.1236089381808125,-2.992218602179917,C17
-3.0535968661009454,-3.0574217863912216,C17
-3.162159138344477,-3.0101484008586232,C17
-3.013631406429727,-2.900820513857294,C17
-3.023054249440758,-2.9794138454601957,C17
-2.9935339577507682,-2.9203646101506253,C17
-2.885389015767827,-2.871443524738245,C17
-2.8642314854321778,-2.8557081731362537,C17
-2.110810387952927,-2.059883279302955,C17
-2.0849168983487996,-2.0266612105631148,C17
-2.091193400594326,-1.990332597691523,C17
-2.1002889054288554,-1.9902065913470453,C17
-2.160647671104579,-1.9818670563228984,C17
-2.1024278861742696,-1.9813521064831805,C17
-2.0123337350737254,-1.922638971965694,C17
-2.0441199137746247,-1.9228130302448017,C17
-1.9909742579130898,-1.939557803647248,C17
-1.9041335465214573,-1.883465513260356,C17
-1.895854449445992,-1.806653523807182,C17
-1.9637704559137055,-1.7705270668326893,C17
-2.072373037555046,-1.9173478951161183,C17
-2.0685929864434267,-1.8386953673248803,C17
-1.8300318260031077,-1.8143801986771362,C17
-1.7999707334462298,-1.7863732622828763,C17
-2.416801226031377,-2.425966995097827,C17
-2.4929541275726743,-2.3765041372218723,C17
-2.39211625564301,-2.289928739528187,C17
-2.4008814349446372,-2.294482816717323,C17
-2.3147062186132157,-2.3443976304054743,C17
-2.40340290437354,-2.288717387146004,C17
-2.274578449925741,-2.252069534397645,C17
-2.3242216583259148,-2.2496444620600538,C17
-2.2164537177296504,-2.242603971549692,C17
-2.303643611266668,-2.186522090678754,C17
-2.2867615384543383,-2.1317103398720216,C17
-2.3611115752949243,-2.1820136755976924,C17
-2.3244966152720434,-2.1680452453038295,C17
-2.3440935818197848,-2.2072527515909863,C17
-2.2414665777627136,-2.093578412560049,C17
-2.2449640662322286,-2.1207310224115625,C17
-2.696803942579511,-2.7653665049471794,C17
-2.668572703479257,-2.744494687085568,C17
-2.7791077507804807,-2.652911632498012,C17
-2.7880789156914907,-2.6893437611946314,C17
-2.683191247946978,-2.717220423755535,C17
-2.7918274733328783,-2.6861588203307765,C17
-2.6597542384320683,-2.629221264125539,C17
-2.7964232250220276,-2.6059052182216282,C17
-2.6726410656136697,-2.6657543206056284,C17
-2.7772835288524167,-2.6483407332133675,C17
-2.6675615400843946,-2.5139123053786308,C17
-2.657182685364267,-2.492409980238257,C17
-2.5434821421947373,-2.5752356153964975,C17
-2.6305985863033756,-2.5282731755471404,C17
-2.503070351926785,-2.4646064519932733,C17
-2.529295570277212,-2.4756440444172942,C17
-3.101603954069991,-3.09716348114117,C17
-3.106071873457393,-3.057009245748905,C17
-3.042871802323187,-2.999573629082047,C17
-3.122628654130226,-2.998211853875281,C17
-3.0942580726083984,-3.013477303064755,C17
-3.092105164583717,-3.0063415523589563,C17
-2.9329291439546297,-2.9137117271393858,C17
-2.998699066979582,-2.9420294231336115,C17
-2.8598063214213685,-2.9620534241518803,C17
-3.0174574176970568,-2.982820304644884,C17
-2.9175736991392283,-2.842731059107654,C17
-2.9657727392294495,-2.9227417974415872,C17
-2.895854449445992,-2.9191683241369133,C17
-2.9657727392294495,-2.9031636365788263,C17
-2.8709549401120418,-2.806583051009816,C17
-3.0070931817766877,-2.813084918644254,C17
-2.940815382368629,-3.0380516655058587,C17
-3.066715227651305,-3.0074364414582937,C17
-2.95116991347165,-2.867980403282336,C17
-2.9714287473074625,-2.8130912848627543,C17
-2.86043573382415,-2.870642740665992,C17
-2.874193541860473,-2.841038447260044,C17
-2.8190144192132696,-2.785215529957609,C17
-2.761201437286083,-2.7679725898683833,C17
-2.8038238149600265,-2.7804138739294606,C17
-2.774949303861951,-2.753670507623131,C17
-2.774690718274137,-2.6591628919822514,C17
-2.815024809301739,-2.7010513085381396,C17
-2.8184422261372135,-2.6824383684466344,C17
-2.805485658117533,-2.703189615301595,C17
-2.605023280445436,-2.615205031427555,C17
-2.6757175447023074,-2.649900662286047,C17
-3.1807193530275186,-3.180847914422959,C17
-3.223298816011589,-3.1521791069610456,C17
-3.1400815147992844,-3.0958205574490987,C17
-3.1961333657150157,-3.0856407503262484,C17
-3.135666944966607,-3.1488138218094153,C17
-3.1858190189598132,-3.093026244844572,C17
-3.188492020054673,-3.0514239157875194,C17
-3.2492602487646494,-3.0427080754677704,C17
-3.172243137021383,-3.0902716774253527,C17
-3.121765531324956,-3.0582448205637416,C17
-3.0394340971818026,-2.936833839802949,C17
-3.0191788333556646,-2.9068287120383602,C17
-2.997833938243492,-3.0013833630651368,C17
-3.004233220950026,-2.9532020869201396,C17
-2.943857737940948,-2.8893478125407577,C17
-2.8989406450918844,-2.8541714567070913,C17
-3.4890530513270273,-3.482679393549167,C17
-3.4675004139053374,-3.454243371059157,C17
-3.458545571252411,-3.391757432911103,C17
-3.392974121565214,-3.354447182915818,C17
-3.4791236183116583,-3.3988885106451256,C17
-3.4373503277880832,-3.3399507865358267,C17
-3.337998120610083,-3.2756423110887334,C17
-3.277201603129095,-3.270399934370212,C17
-3.3937261468300117,-3.361271631193351,C17
-3.415329615535651,-3.310990615954928,C17
-3.3389449151466213,-3.2232261161558027,C17
-3.3435184842095014,-3.2161107498706056,C17
-3.4174821163959375,-3.308208150744265,C17
-3.3603143387573184,-3.2578625477226826,C17
-3.3018124301338774,-3.2082918620210066,C17
-3.3413209714175514,-3.2050532069688233,C17
-3.8428455600937186,-3.841782035964792,C17
-3.8241983671517206,-3.7871566950292115,C17
-3.839231438138872,-3.7473299724252445,C17
-3.732593581247096,-3.7098463372114696,C17
-3.811352704000283,-3.765555108925041,C17
-3.743763466794077,-3.6939102980424354,C17
-3.715118285344547,-3.652969907205294,C17
-3.684449465578095,-3.6210400697790295,C17
-3.725611204449621,-3.698072958234134,C17
-3.686554629573586,-3.636647372061309,C17
-3.658961368322477,-3.583895589750366,C17
-3.588211995456131,-3.530177425433629,C17
-3.663940722133651,-3.6194043700586667,C17
-3.637894680706227,-3.5567438825642896,C17
-3.546528766277064,-3.506462512499637,C17
-3.5397036732425247,-3.4747574320889156,C17
-2.935916564036404,-3.019277899986695,C17
-3.137868620686963,-2.9778916487751075,C17
-2.8880657236673186,-2.9536904392287333,C17
-2.9430951486635273,-2.9377607005251414,C17
-3.0400527842915013,-2.9624208119704445,C17
-3.0079769722361496,-2.932588275859345,C17
-2.8738685927380154,-2.8897827108283565,C17
-2.9909742579130896,-2.883486619902351,C17
-2.8541822855081724,-2.9013432695012713,C17
-2.8541822855081724,-2.88306112277964,C17
-2.8259401922749747,-2.760118101375177,C17
-2.7323590176540846,-2.7437584517252898,C17
-2.771599641296995,-2.805798435334302,C17
-2.8018930011265986,-2.787649277960665,C17
-2.7622050067260773,-2.6781911800093083,C17
-2.7647241233129476,-2.7114628063300414,C17
-3.4505062867849867,-3.3986716049954526,C17
-3.4366375905133926,-3.3634566324187527,C17
-3.427012291801795,-3.3329994822011897,C17
-3.412962882256544,-3.293367449371327,C17
-3.381951903287907,-3.2965040242349333,C17
-3.3763372926437953,-3.242098734407214,C17
-3.2394267460556057,-3.214230990506659,C17
-3.227898430722988,-3.181547858013065,C17
-3.247490599211157,-3.2090259605816756,C17
-3.294221787171402,-3.1677222285899633,C17
-3.0847585026938056,-3.130445474483052,C17
-3.226652458019177,-3.089778031496572,C17
-3.2956778591777645,-3.160656539338877,C17
-3.2799234272318594,-3.136158632016725,C17
-3.1034186724942674,-3.059909466367518,C17
-3.2168113089247425,-3.032994561592704,C17
-3.6683702823700677,-3.57017654443065,C17
-3.5943122133272225,-3.532177946475029,C17
-3.561932549546506,-3.4659416760009174,C17
-3.516412703031106,-3.423608742346109,C17
-3.576262750017671,-3.4974282384012905,C17
-3.490663041982356,-3.4452704554614866,C17
-3.4575480526240234,-3.3914401919221278,C17
-3.377785977033705,-3.3538875348655,C17
-3.4685210829577446,-3.42855441580023,C17
-3.4041732229267767,-3.362018911234825,C17
-3.4500163888403113,-3.328487142185952,C17
-3.3978314486210026,-3.290125144125129,C17
-3.438779321066056,-3.3557697046897577,C17
-3.394587201846949,-3.293616991283418,C17
-3.3054825461888435,-3.255920198522475,C17
-3.2992962828549808,-3.232913176925864,C17
-3.829151796356691,-3.757694890586532,C17
-3.784362436564938,-3.736670914091914,C17
-3.6779875614175994,-3.633730979562777,C17
-3.731656086048935,-3.5874659025321303,C17
-3.7775436633207535,-3.7196558963165955,C17
-3.7153437172114843,-3.6732192398790433,C17
-3.6769542645182987,-3.6016567448875563,C17
-3.6449317936511494,-3.569976875997962,C17
-3.707743928643524,-3.659124187728753,C17
-3.6790233226571765,-3.6140571379321362,C17
-3.6276404174756762,-3.5624884478876195,C17
-3.5787252087896535,-3.5212254135520666,C17
-3.6447400944726214,-3.6020263660529213,C17
-3.5941416006823634,-3.5546351607701334,C17
-3.5627252025898763,-3.513135459594574,C17
-3.514704561273911,-3.4754720632304883,C17
-3.5231683714877393,-3.452969369338739,C17
-3.45917018588892,-3.4030674976238853,C17
-3.4250432242354933,-3.353646520969911,C17
-3.418277840050901,-3.3070751542979826,C17
-3.4523483416400307,-3.374239215597548,C17
-3.396855627379818,-3.3024220636258486,C17
-3.3027706572402824,-3.252831175756957,C17
-3.2539109569437996,-3.2194975999534163,C17
-3.3289197672611506,-3.283398988581699,C17
-3.2802545074704232,-3.2177688320533027,C17
-3.2497230848460075,-3.155089182276586,C17
-3.2213423680526447,-3.1027507511301433,C17
-3.343997679317043,-3.2415831946342024,C17
-3.272458742971444,-3.180314677023722,C17
-3.229516190568892,-3.11875731985395,C17
-3.195383583012745,-3.068714036828606,C17
-3.6375175252488257,-3.6377130245160028,C17
-3.6167233495923496,-3.5785924372340725,C17
-3.589391457431632,-3.5256235988607445,C17
-3.5107448316307397,-3.4565407813467877,C17
-3.624885315307775,-3.5899285593022396,C17
-3.5272435506827877,-3.484459289312065,C17
-3.4770344045080135,-3.4252787849270194,C17
-3.4240043797967323,-3.3933047750177265,C17
-3.529883646848996,-3.4920933720029512,C17
-3.43937612545007,-3.414015961611055,C17
-3.4295738216410276,-3.367005684526571,C17
-3.397505931192719,-3.327412249025776,C17
-3.4861168143889074,-3.449068280583699,C17
-3.424696666577601,-3.368922582123504,C17
-3.3171332043376753,-3.3026407240891027,C17
-3.2494916051486538,-3.2628122616999513,C17
-3.874193541860473,-3.8175073199884584,C17
-3.83238732727247,-3.731942184269464,C17
-3.713768145971447,-3.6802218464694025,C17
-3.6942188487450176,-3.6331384333963896,C17
-3.7587026128900067,-3.722119774974442,C17
-3.682563503464901,-3.636792764586923,C17
-3.6577747706392096,-3.583180374361816,C17
-3.6296719922204894,-3.5487587993946903,C17
-3.7356544929499074,-3.682814823225677,C17
-3.6430185990068686,-3.5912787403437787,C17
-3.605023280445436,-3.546914977390364,C17
-3.553462832926356,-3.485847486927667,C17
-3.6649434805609085,-3.6205760547951553,C17
-3.600326278518962,-3.543110718701804,C17
-3.545612532853045,-3.482192072363297,C17
-3.474695990041761,-3.434226002752386,C17
-3.9637704559137052,-3.9661451495067426,C17
-3.949620243738542,-3.947214699658494,C17
-3.923359556329658,-3.9050752229349257,C17
-3.911155437272996,-3.8652978580965933,C17
-4.045275209020937,-3.963455548077986,C17
-3.915066425063284,-3.8708038193951793,C17
-3.8910968723326866,-3.817450461630361,C17
-3.815024809301739,-3.7407994279151002,C17
-3.9480760839538935,-3.9345700787847737,C17
-3.881735273910521,-3.8321432094133305,C17
-3.8178707859470014,-3.769706021418914,C17
-3.7667499904588997,-3.7145402551141955,C17
-3.8790971823854727,-3.8847918637859324,C17
-3.7923656326110384,-3.796914380095247,C17
-3.780939667551139,-3.723248663701751,C17
-3.6798537138889458,-3.6666958729185226,C17
-3.899629454882437,-3.846241829494118,C17
-3.8016178699917056,-3.6691417183443913,C17
-3.7734000947926427,-3.624561654429685,C17
-3.8350526273781584,-3.735004807155585,C17
-3.7899491501248628,-3.6692376684086763,C17
-3.7609509068598084,-3.6139083352411556,C17
-3.7084091743419987,-3.573886726319835,C17
-3.876148359032914,-3.6292746698041745,C17
-3.8063189704587184,-3.5759472166893684,C17
-3.7358908436941918,-3.5222528463706895,C17
-3.7323590176540846,-3.486373304602259,C17
-3.7664962396588657,-3.6171690700799544,C17
-3.7619538968712045,-3.555838923432172,C17
-3.6243363860391145,-3.4650630337369512,C17
-3.6468534537860204,-3.428339652105775,C17
-3.8013429130455774,-3.6604982096859477,C17
-3.7404061211140514,-3.5154825034903148,C17
-3.608183076386751,-3.4242171973455138,C17
-3.6455073994105636,-3.4028248818052718,C17
-3.7801536139756395,-3.4967837586645305,C17
-3.6001532872870774,-3.4792112487644613,C17
-3.6294869104014076,-3.37316315014806,C17
-3.753501419204199,-3.4661991028215877,C17
-3.571865205971211,-3.440864032343162,C17
-3.549135307620234,-3.3732388811451153,C17
-3.5350635708782674,-3.3199087685845847,C17
-3.632644078973981,-3.486746270889912,C17
-3.576918041702769,-3.4310718579499198,C17
-3.527097348196336,-3.347466662004601,C17
-3.48758245139916,-3.2991364327507506,C17
-3.609241471261283,-3.358523141104214,C17
-3.6115435472997333,-3.244617537302933,C17
-3.379343520180379,-3.140302339477846,C17
-3.2297372618294067,-3.1050441340918598,C17
-3.5332806283184013,-3.302319086830749,C17
-3.515557792357593,-3.1734599201174025,C17
-3.291494119044763,-3.092874374481795,C17
-3.2885302181256724,-3.0381869536314428,C17
-3.4355706730020166,-3.279534528942214,C17
-3.3622101706377707,-3.188673663729421,C17
-3.218891164270534,-3.031381872992228,C17
-3.3067128429943446,-2.9801710996284303,C17
-3.3864752971463474,-3.271651040235022,C17
-3.401647290130716,-3.1886672610323537,C17
-3.1619699170146798,-3.074286341968268,C17
-3.1230320325674152,-3.0992606876705553,C17
-3.2428318077857274,-2.979426610867575,C17
-3.1504577479949836,-2.879939825414532,C17
-3.0090842454939155,-2.852130165358721,C17
-3.2358986235237714,-3.0786797683360616,C17
-3.137868620686963,-2.944925445725069,C17
-3.1296546289190403,-2.8270780296722204,C17
-3.194363233694065,-2.7655453901835885,C17
-3.170760571858611,-3.074339241130504,C17
-3.08634506491338,-2.9190400303411135,C17
-3.062933687982572,-2.813682778609854,C17
-2.9030899869919438,-2.744931940424404,C17
-3.281332264683789,-3.0321086442661747,C17
-3.0719115403350292,-2.9443065542562152,C17
-3.0807126594956173,-2.7619646862128673,C17
-2.9574244875598095,-2.7123671135393357,C17
-2.2435160355573904,-1.8812024289817384,C17
-1.9193735130781941,-1.770512800687776,C17
-1.7079655640052636,-1.6141363465090308,C17
-1.661145253747677,-1.5654203937536215,C17
-2.0222763947111524,-1.8762442742015788,C17
-1.8551145817128578,-1.6597048739604585,C17
-1.641113795594131,-1.4886904981627418,C17
-1.5723516288130674,-1.397496762522606,C17
-2.0026573093983777,-1.847329817549471,C17
-1.7064164865038831,-1.6047294163611958,C17
-1.839831707041488,-1.4798057805405547,C17
-1.6287473708750606,-1.4094980160792263,C17
-1.995248844408999,-1.8086701581711284,C17
-2.05124481983173,-1.5582056539977818,C17
-1.678815972697686,-1.4188202876073959,C17
-1.5346171485515816,-1.336446570458936,C17
-1.6968039425795112,-1.3674005528395787,C17
-1.5503673495299253,-1.2805600384295819,C17
-1.2429837652686995,-1.1695439367974594,C17
-1.3374310330667398,-1.0990706008864353,C17
-1.6615435063953952,-1.3027399527486225,C17
-1.3338565727084417,-1.1681801561238896,C17
-1.2275315969467195,-1.0535946950845663,C17
-1.000608438280909,-1.014231283632773,C17
-1.2949063894521269,-1.269164806930736,C17
-1.1296546289190403,-1.11528836439083,C17
-1.0806080732261407,-1.005799934646133,C17
-0.9034375616258645,-1.0092421544362604,C17
-1.458420756053419,-1.2150972066160175,C17
-1.199833009798636,-1.0630489271933277,C17
-0.9621752494116581,-0.9634552757411049,C17
-0.9366666410482505,-0.9847675159260854,C17
-0.90204892900585,-1.2231079339784194,C17
-2.3550692920864127,-1.7340411371553013,C17
-2.2346295197083514,-2.084255771306246,C17
-2.082652062372228,-1.9888041375756818,C17
-2.083546051450075,-1.949884061837456,C17
-2.2300321986705574,-1.6916971073397828,C17
-2.1666616110606025,-2.024752931850304,C17
-2.1322379753497995,-1.8849396107587633,C17
-2.064240896254688,-1.8349093578715958,C17
-2.182699121606679,-1.6031279511729069,C17
-2.075307296979814,-1.9196111946234533,C17
-1.9385475209128067,-1.8361423756602524,C17
-1.9374180157718368,-1.7829469253722656,C17
-2.0666139580969456,-1.5962194621037826,C17
-2.045275209020937,-1.911546259960228,C17
-1.9419537696047182,-1.796382989782628,C17
-1.8904214530956134,-1.719499795561603,C17
-2.151564544668529,-1.4418831345342935,C17
-2.0248900103138388,-1.7542913742001365,C17
-1.9430951486635273,-1.6777830210478146,C17
-1.747389659432627,-1.6098258294508008,C17
-1.7980569365983499,-1.36316710154012,C17
-1.680685695909488,-1.6569592278987557,C17
-1.6304131092636556,-1.5482233530641785,C17
-1.5608252601565316,-1.4925794627929045,C17
-1.7198771036976923,-1.3126535513564992,C17
-1.6004993386853894,-1.6008304252320518,C17
-1.5499049241283978,-1.506173168308563,C17
-1.555486793665957,-1.4555319568150167,C17
-1.6367641955163061,-1.2714680179419955,C17
-1.5705707356182124,-1.5528823337615512,C17
-1.858236769724212,-1.478336937279559,C17
-1.470826396738277,-1.393703847891054,C17
-1.6428277422769664,-1.2225055532949025,C17
-1.5294425147827257,-1.5417571716326375,C17
-1.4119525030139173,-1.3754379518102107,C17
-1.3783045376707213,-1.3213947130656385,C17
-1.6363880201078558,-1.177087445752696,C17
-1.480565805086297,-1.467632170233946,C17
-1.39211625564301,-1.3253672485129435,C17
-1.2839966563652008,-1.2923328601977058,C17
-1.5511391543925592,-1.1619184458960503,C17
-1.4242350194632807,-1.4522793674971666,C17
-1.2915790998652872,-1.3044312515927345,C17
-1.3025962767995123,-1.2420246577253125,C17
-2.06303410289213,-1.146368326562059,C17
-1.3895527785578787,-1.4316407169806935,C17
-1.4007721372262036,-1.2732127000813078,C17
-1.2690563065722642,-1.1689039708632387,C17
-1.853871964321762,-0.976988387698862,C17
-1.4198736745884175,-1.2707828333428863,C17
-1.4116162316212721,-1.1936646751928095,C17
-1.3367703654671323,-1.0835444168011719,C17
-1.5459177292689101,-0.8986981559875729,C17
-1.3632113109656252,-1.1683925702111264,C17
-1.2304011516125535,-1.0477176704670401,C17
-1.1412823851397083,-1.0428298194901873,C17
-1.461929212956828,-0.8832794928033905,C17
-1.2611401979277999,-1.1508708898691777,C17
-1.1660246287200937,-1.0011400121891072,C17
-0.996970529446382,-1.0115832771294235,C17
-1.4640732586044307,-0.8715930462609113,C17
-1.3138107657559763,-1.1308311099007986,C17
-1.1603334431175667,-0.9677450722749549,C17
-1.066765871285192,-0.9811075528048244,C17
-2.2754783728814374,-2.0776848977483984,C17
-1.962972120244225,-1.9992309085293771,C17
-1.8989406450918844,-1.8751721147191964,C17
-2.096475935528738,-1.9911630233707776,C17
-1.8735438865681957,-1.7908528907263663,C17
-1.739928612014925,-1.6932488848350766,C17
-2.05576415620652,-1.8262291362376537,C17
-1.7969671129852893,-1.6873609445093565,C17
-1.648977147415876,-1.6263088216400199,C17
-1.5830268273969637,-1.5536941611674848,C17
-1.995248844408999,-1.7775443449942836,C17
-1.6899442622491085,-1.668960119221901,C17
-1.7037737127388395,-1.5817109271480132,C17
-1.529295570277212,-1.4902013887232815,C17
-1.5309147008768795,-1.5397712042526575,C17
-1.3943717779923814,-1.4203021944202627,C17
-1.2548471049230996,-1.3483854282445291,C17
-1.1972262747080242,-1.2969449014726342,C17
-1.5291486754738823,-1.440325649843423,C17
-1.317223353685566,-1.3117766864074698,C17
-1.2250453109198614,-1.2497909708710069,C17
-1.1181020264269887,-1.182603557508279,C17
-1.4346244972859263,-1.4101580060476793,C17
-1.2499546879882324,-1.273509843171027,C17
-1.1373320497714121,-1.2030129311860618,C17
-1.079981083971085,-1.1486258196166454,C17
-1.4052760535902533,-1.3724067957349888,C17
-1.2097148359667584,-1.2367635398777594,C17
-1.0983237686736242,-1.1482702133419371,C17
-1.036259381142116,-1.0737627405069057,C17
-1.236122968504345,-1.2128798367942333,C17
-1.0932341104592722,-1.1462651059590332,C17
-1.0016534626036355,-1.1412476359318273,C17
-0.9288547095489171,-1.115953323302451,C17
-1.2229358452575705,-1.146981037469988,C17
-0.9665762445130504,-1.056430957472383,C17
-0.8706324042770144,-1.031451962482251,C17
-0.7423214251308154,-1.0235113276590226,C17
-1.1179880383733414,-1.0808292822856829,C17
-0.8632794328435932,-1.0431645121743258,C17
-0.7574585717016158,-1.0123680938035589,C17
-1.124765053549835,-1.0323674215317842,C17
-0.8407336689065058,-1.0196410707612604,C17
-0.713768145971447,-0.984156531307789,C17
-0.9310723883179282,-1.0907445060634644,C17
-0.7721132953863264,-1.0215109498073824,C17
-0.8551145817128577,-1.0626882564244577,C17
-0.7814644947834721,-1.0381858945966775,C17
-0.7115271994002175,-1.0252016255686185,C17
-2.2123978538176625,-2.6019674199861593,C18
-2.1440570537676837,-2.4271392388068502,C18
-1.947306058075032,-2.4312912429780646,C18
-2.0498299401918,-2.0549186925637053,C18
-1.6138578910691814,-1.9794630221226026,C18
-1.8317972531573692,-1.93962033035961,C18
-1.9125735429637145,-1.8220963402117385,C18
-1.8474059220725303,-1.8596640873428918,C18
-1.4668637117213612,-1.4672287735681881,C18
-1.4126258279269346,-1.5044725290372605,C18
-1.50265561898242,-1.4443952923707855,C18
-1.3504704340521811,-1.3986395756662084,C18
-1.5106040782728705,-1.400652809299736,C18
-1.0633857380247886,-1.2154016408747164,C18
-1.2113367868791425,-1.306302032542485,C18
-1.1249387366083,-1.2393105325818756,C18
-1.067779986122881,-1.1194357367384586,C18
-2.40340290437354,-2.592028895900481,C18
-2.38933983691012,-2.537372212300035,C18
-2.43297363384094,-2.394053700096146,C18
-2.4609239012072233,-2.6160954654455235,C18
-2.3344190089820467,-2.5201397488205908,C18
-2.284832642151542,-2.4858689434548644,C18
-2.201349354554731,-2.532434445352366,C18
-2.46344155742847,-2.598569169167437,C18
-2.3169529617611504,-2.55912229421336,C18
-2.2388241868442686,-2.4932028770159125,C18
-2.2041199826559246,-2.4497493653089246,C18
-2.3861581781239307,-2.5985767854053345,C18
-2.183758700008217,-2.6268269333611487,C18
-2.115771230367396,-2.476340536902632,C18
-2.213958789757446,-2.5120864663833133,C18
-2.7904849854573692,-2.75270551408548,C18
-3.0,-2.6908034141913664,C18
-2.515700160653214,-2.643645869006801,C18
-2.7644715530924513,-2.8934299787561724,C18
-2.6757175447023074,-2.753512167435086,C18
-2.7721132953863266,-2.7358634906277874,C18
-2.673664139071249,-2.6681201689855483,C18
-2.815308569182401,-2.9344097773130042,C18
-2.5257837359237447,-2.727110334736842,C18
-2.4509967379742124,-2.7011616235779896,C18
-2.6439741428068775,-2.6236900869203383,C18
-2.6090648928966207,-2.849089399091101,C18
-2.492144128304169,-2.7599349151144574,C18
-2.406713932979543,-2.709753447718231,C18
-2.505845405981557,-2.640814808698475,C18
-2.896196279044043,-3.0833150229534736,C18
-3.1605219526258015,-3.115026181948226,C18
-2.8041003475907664,-3.0517581267336364,C18
-2.8013429130455774,-3.21087326780519,C18
-2.9430951486635273,-3.0468210112230794,C18
-2.87942606879415,-3.0695154576700667,C18
-2.899629454882437,-3.06524405556024,C18
-2.7931741239681505,-3.847299107216994,C18
-2.785156151952302,-3.6805266896399256,C18
-3.070070439915412,-3.6644868958777637,C18
-3.4989407377822483,-3.6897024012289603,C18
-3.3872161432802645,-3.5770677841274816,C18
-3.3115801779972895,-3.5513832680292547,C18
-3.303643611266668,-3.502507675405656,C18
-3.489454989793388,-3.7021969417525256,C18
-3.396855627379818,-3.5806076020431776,C18
-3.39040559077478,-3.5219445716790236,C18
-3.2932822176632413,-3.4755123350940864,C18
-3.421360790031928,-3.643022884349915,C18
-3.2873502983727887,-3.5258690889761444,C18
-3.3133637307377066,-3.4879059630060403,C18
-3.2865094569060576,-3.4428337758006977,C18
-3.4225082001627745,-3.598623615897848,C18
-3.3410351573355648,-3.4849392235211214,C18
-3.316052869248488,-3.4704733649530026,C18
-3.176525770829699,-3.4293411896118227,C18
-3.9746941347352296,-3.974088697285983,C18
-3.876148359032914,-3.8191976557887655,C18
-3.8068754016455384,-3.7881383776493744,C18
-3.85078088734462,-3.7562724933914615,C18
-3.899629454882437,-3.914877436758002,C18
-3.7520267336381936,-3.8400054385609894,C18
-3.709965388637482,-3.77632724409846,C18
-3.6055483191737836,-3.7167468617840207,C18
-3.779891911959945,-3.875931066090845,C18
-3.653647025549361,-3.7841208394246753,C18
-3.583359492661719,-3.7100663866723544,C18
-3.552841968657781,-3.6699515906732847,C18
-3.774690718274137,-3.8423536996372643,C18
-3.619788758288394,-3.7252583365427947,C18
-3.6108339156354674,-3.684061191142634,C18
-3.517126416391246,-3.653222698743581,C18
-4.238824186844268,-4.136478152636253,C18
-3.987162775294828,-4.000780297073699,C18
-3.899629454882437,-3.9257597481342192,C18
-3.9208187539523753,-3.9059813781390402,C18
-4.145693958198919,-4.136365332211544,C18
-3.8664610916297826,-3.977997129240414,C18
-3.7986028756795487,-3.91055916014487,C18
-3.7721132953863266,-3.8864893558494855,C18
-3.958607314841775,-4.100001752025647,C18
-3.899629454882437,-3.9725531972060515,C18
-3.9172146296835497,-3.8904749966211485,C18
-3.835647144215563,-3.8801834428807975,C18
-3.9507819773298185,-4.039287832807892,C18
-3.8210230527068307,-3.9339667147602007,C18
-3.85078088734462,-3.891424396930861,C18
-3.677780705266081,-3.862979091134555,C18
-4.580044251510242,-4.496723177508507,C18
-4.275724130399211,-4.304574785815278,C18
-4.33913452199613,-4.245739857262742,C18
-4.140861702705469,-4.189003915303642,C18
-4.403402904373539,-4.513176045483693,C18
-4.325138859262188,-4.321236309614744,C18
-4.262807357295263,-4.225511515545117,C18
-4.083019952679618,-4.1850120252899865,C18
-4.2564902352715706,-4.420451883126377,C18
-4.139063379299906,-4.262490766091196,C18
-4.047207556955908,-4.237474700728536,C18
-4.035269078946371,-4.160787139120639,C18
-4.293282217663242,-4.374428771169916,C18
-4.104577453960592,-4.221973749646091,C18
-4.002613615602686,-4.223596920792385,C18
-3.9208187539523753,-4.118800482305413,C18
-5.190642329788894,-4.53144076524366,C18
-4.989276134608227,-4.364003427631052,C18
-4.968591535748375,-4.405478246175762,C18
-4.795066477645856,-4.38653031635967,C18
-4.856360764725457,-4.535054246191452,C18
-4.745451922891026,-4.452576271315849,C18
-4.73754891026957,-4.48760062562962,C18
-4.783834097714007,-4.431944517128888,C18
-4.693146251306992,-4.514479729958212,C18
-4.596707854841746,-4.395545754908483,C18
-4.380384994257193,-4.4228982718496015,C18
-4.234927798897208,-4.345779721014164,C18
-4.626720106722504,-4.558337447872484,C18
-4.523748203992967,-4.387136842466958,C18
-4.353792387793315,-4.399614796651016,C18
-4.2789316982028405,-4.357702926659485,C18
-4.786482243003695,-4.380713032253999,C18
-4.563519304990505,-4.2728530506572,C18
-4.884056823060945,-4.292059343738071,C18
-4.875169850586141,-4.279192738817075,C18
-4.653647025549361,-4.379155065836753,C18
-4.262409833714279,-4.399193504175408,C18
-4.108685600617857,-4.352941310480814,C18
-4.306976932076306,-4.346069951350336,C18
-4.239125361947811,-4.280044488848206,C18
-4.028445846553939,-4.273320875015507,C18
-3.988006885340743,-4.247079747760399,C18
-4.250572900878251,-4.36118973600127,C18
-4.065047292182142,-4.237604569445452,C18
-4.186419011431808,-4.235304655221926,C18
-3.958212681028248,-4.236926759514449,C18
-3.975104039892515,-4.059715065507575,C18
-3.938170692705301,-4.082331646721625,C18
-3.971022294791222,-4.150378187448776,C18
-3.9858996784803793,-4.105420639867393,C18
-3.904481957676849,-4.114339740842078,C18
-3.7937139555875676,-4.121261684881224,C18
-3.9991322784687733,-4.131673743070203,C18
-3.8989406450918844,-4.063642635241874,C18
-3.6414940885097646,-4.038958468905721,C18
-3.754240644032723,-4.044807793647776,C18
-3.6587633767613075,-4.10524069489553,C18
-3.6405439798790136,-3.9958337872038467,C18
-3.5782315987930757,-3.996313877068945,C18
-3.4056074496245734,-4.0300401546530775,C18
-4.897909474488164,-4.363739422013635,C18
-4.655018586072742,-4.391246935449843,C18
-4.5120136688706065,-4.355533745683477,C18
-4.80799040734633,-4.520096932184806,C18
-4.538951908329342,-4.426803658995823,C18
-4.599634726650061,-4.495945099970707,C18
-4.146910470148135,-4.440557881978633,C18
-4.770062314092066,-4.502689901548583,C18
-4.5161275457773264,-4.361022365175966,C18
-4.432620692349022,-4.399283021433767,C18
-4.133299243957501,-4.3242336763399924,C18
-4.570086302236246,-4.584765929797183,C18
-4.34084471905937,-4.364671608319705,C18
-4.229442525149005,-4.4007755269828595,C18
-4.053547734986927,-4.332416459232805,C18
-4.650722472532045,-4.308486298146417,C18
-4.297569463554475,-4.321743376775725,C18
-4.125924254776965,-4.299183348693991,C18
-4.385841290490825,-4.397087409562939,C18
-4.309095445945033,-4.365133610135061,C18
-4.162348442153608,-4.462274228254844,C18
-4.0835460514500745,-4.3851709496584075,C18
-4.351639989019068,-4.362973820532194,C18
-4.252355180671752,-4.274076314774953,C18
-3.940058111938045,-4.289381140949817,C18
-3.857610533881164,-4.25354998708921,C18
-4.33771448427787,-4.392894478584208,C18
-4.050122295963125,-4.241783279051658,C18
-3.905528871358355,-4.251523779621013,C18
-3.7801536139756395,-4.248031822423953,C18
-3.9034375616258643,-4.078840831183085,C18
-3.8341623753098717,-3.996180276527686,C18
-3.8105096863006325,-3.988533353833041,C18
-3.8224635000701377,-3.9836978868111275,C18
-3.9010103605988227,-4.074740512915706,C18
-3.849243560139691,-3.969067069505353,C18
-3.8190144192132696,-3.9702485928900306,C18
-3.8535618647142256,-3.996786445959116,C18
-3.3419886033428874,-3.127950075292199,C18
-3.2652001704111533,-3.1235981729601203,C18
-3.490797477668897,-3.147667334120098,C18
-3.254144804826271,-3.1001989141451762,C18
-3.2975694635544746,-3.115009386236335,C18
-3.1904402853647325,-3.0996627627649005,C18
-3.095284454721319,-3.12779881615028,C18
-3.27083521030723,-3.1614984433837456,C18
-3.2306226739238615,-3.124998154368236,C18
-3.354577730650908,-3.0831183552187347,C18
-3.279014255846261,-3.116506621206141,C18
-3.1999706407558657,-3.135841795515721,C18
-3.3429441471428962,-3.1027930613555768,C18
-3.2403321553103694,-2.9081013239288374,C18
-3.183758700008217,-2.882602448332083,C18
-2.9469215565165805,-2.885057414273105,C18
-3.234331445240986,-2.8726232678001384,C18
-3.216096420727265,-2.859704109915294,C18
-3.1084625423274357,-2.8584562839429557,C18
-3.1278437272517072,-2.860417874951974,C18
-3.0114410431213843,-2.886069243321133,C18
-2.9507819773298185,-2.8867014782454645,C18
-2.9829666607012197,-2.8798216480962675,C18
-2.9871627752948275,-2.866554287411452,C18
-3.0296531237699065,-2.8888618456920647,C18
-3.0132282657337552,-2.8948910567477495,C18
-2.9546770212133424,-2.8540397482373643,C18
-2.9136401693252516,-2.8556178314537832,C18
-2.958607314841775,-2.710654494229888,C18
-2.8096683018297086,-2.6523464658397318,C18
-2.8239087409443187,-2.6125645860327635,C18
-2.7235381958267557,-2.519152602446881,C18
-2.8068754016455384,-2.5951687225604783,C18
-2.752026733638193,-2.5589804095032997,C18
-2.709965388637482,-2.4725941367829978,C18
-2.856985199745905,-2.593904063893268,C18
-2.749579997691106,-2.585692125107915,C18
-2.6989700043360187,-2.5350712834809173,C18
-2.6989700043360187,-2.499949344045899,C18
-2.744727494896694,-2.5722072560530496,C18
-2.6757175447023074,-2.5338520990098607,C18
-2.6757175447023074,-2.4882332936573084,C18
-2.6108339156354674,-2.444050539052851,C18
-2.4828041020500256,-2.4078033780874004,C18
-2.607303046740334,-2.346039378474771,C18
-2.423658649794207,-2.266262126531653,C18
-2.6556077263148894,-2.4155798307313723,C18
-2.4461169733561254,-2.3511637444081117,C18
-2.3010299956639813,-2.3435579617757623,C18
-2.3635121036466344,-2.1899604805056616,C18
-2.595166283380062,-2.358494584394859,C18
-2.272458742971444,-2.3305059517343314,C18
-2.424812155072339,-2.269832215585523,C18
-2.3535962737769305,-2.213925781114366,C18
-2.5257837359237447,-2.3106413808574655,C18
-2.4365189146055894,-2.2679651896914517,C18
-2.370590400897281,-2.238328921180154,C18
-2.2958494831602008,-2.2491038111437565,C18
-3.416801226031377,-3.4585277159155665,C18
-3.3429441471428962,-3.3868570059101524,C18
-3.348721986001856,-3.3479277394087275,C18
-3.2291479883578558,-3.3138005220320985,C18
-3.447331783887807,-3.481648845271726,C18
-3.3767507096020997,-3.395002510944248,C18
-3.213958789757446,-3.3334023021410646,C18
-3.1951793212788377,-3.291609900149045,C18
-3.319664486585437,-3.425110716173657,C18
-3.2464169411070936,-3.354406763872827,C18
-3.1681302257194983,-3.298472905925129,C18
-3.1450869776921446,-3.2677162609821364,C18
-3.3080348972326394,-3.382007646383413,C18
-3.2410881076020264,-3.3273345358086552,C18
-3.2006594505464183,-3.295683406404999,C18
-3.0985416786038877,-3.269977517279241,C18
-3.8239087409443187,-3.928538665847923,C18
-3.6819366650372385,-3.7919861442998637,C18
-3.586700235918748,-3.7496597246714316,C18
-3.552841968657781,-3.718623055542156,C18
-3.779891911959945,-3.8730352720413603,C18
-3.630784142589857,-3.7811782493431476,C18
-3.5228787452803374,-3.7294357273937053,C18
-3.5391021572434522,-3.6719953999014407,C18
-3.6819366650372385,-3.8278821478664526,C18
-3.614393726401688,-3.7307294988053057,C18
-3.54515513999149,-3.6736626290571293,C18
-3.485452247339714,-3.622122705714797,C18
-3.7520267336381936,-3.791360124181514,C18
-3.5816987086802543,-3.6771917121991087,C18
-3.5100415205751654,-3.646523677134274,C18
-3.39040559077478,-3.6011209545611487,C18
-4.259637310505756,-4.230217106632438,C18
-3.9430951486635273,-4.09185730133429,C18
-3.9788107009300617,-3.9977621993746064,C18
-3.853871964321762,-3.9616498545658727,C18
-4.098541678603888,-4.196535728299533,C18
-3.9208187539523753,-4.040972855332124,C18
-3.9746941347352296,-3.981843547290029,C18
-3.844663962534938,-3.9428711569357873,C18
-3.9706162223147903,-4.146701168211381,C18
-3.8728952016351923,-4.012124569976778,C18
-3.8181564120552274,-3.9710732196960006,C18
-3.75448733218585,-3.9361089197455716,C18
-4.001304841688344,-4.095305735830719,C18
-3.8239087409443187,-3.95586238975962,C18
-3.7423214251308154,-3.9242519777838227,C18
-3.709965388637482,-3.881081682248838,C18
-5.05700040663396,-4.486368932486628,C18
-4.492144128304169,-4.342954345912537,C18
-4.847711655616943,-4.276304888040648,C18
-4.379863945026242,-4.297761465836219,C18
-4.928117992693875,-4.507622768221941,C18
-4.45717457304082,-4.313388399284637,C18
-4.454692883534176,-4.244155031679918,C18
-4.247183568811729,-4.233765194245731,C18
-4.46344155742847,-4.40096751728828,C18
-4.357535479757878,-4.230591091329072,C18
-4.241088107602026,-4.233574714799805,C18
-4.159266765388193,-4.173446774277726,C18
-4.453457336521869,-4.333510736459391,C18
-4.248720896016658,-4.16983936846939,C18
-4.277366077466188,-4.195680485233904,C18
-4.107905397309519,-4.125064450052721,C18
-3.55129368009492,-3.906838896670103,C18
-3.430626090384954,-3.845548749411572,C18
-3.5243288116755704,-3.9069483881360285,C18
-3.486782399932061,-3.8292724450583013,C18
-3.382999658879101,-3.7346291016476587,C18
-3.537602002101044,-3.8438033651783483,C18
-3.428291168191312,-3.7560595283747253,C18
-3.3429441471428962,-3.6746043742153405,C18
-3.5016894462103996,-3.8215880189940985,C18
-3.378823718224965,-3.719646116504346,C18
-3.277366077466188,-3.686631575411797,C18
-3.7166987712964503,-4.01190941574578,C18
-3.6478174818886377,-4.000062546606785,C18
-3.5466816599529625,-3.9619853493011217,C18
-3.9788107009300617,-4.383535380321876,C18
-3.703334809738469,-4.118815211637408,C18
-3.5331323796458904,-4.076842543468024,C18
-3.4584207560534193,-3.990212453090941,C18
-3.9507819773298185,-4.406622251981865,C18
-3.657577319177794,-4.093236483060733,C18
-3.6439741428068775,-4.009801818962545,C18
-3.462180904926726,-3.834447192273835,C18
-3.6903698325741012,-4.06937348436456,C18
-3.580044251510242,-3.9218828510951536,C18
-3.3635121036466344,-3.912795519844061,C18
-3.7825160557860937,-4.066505600403598,C18
-3.85078088734462,-4.192323034730077,C18
-3.8927900303521317,-4.196500061122003,C18
-3.712198270069774,-4.108228493122748,C18
-4.096910013008056,-4.437300755576019,C18
-3.779891911959945,-4.131877570311283,C18
-3.625251653989896,-3.97981702072658,C18
-4.152427340857888,-4.418815110185894,C18
-3.8664610916297826,-4.154338626311097,C18
-3.7423214251308154,-4.067796513131019,C18
-3.6345120151091,-4.0265264586339296,C18
-3.8664610916297826,-4.192359148221413,C18
-4.088842391260023,-4.361172706601734,C18
-3.9281179926938745,-4.2700784969094085,C18
-3.8728952016351923,-4.16806333182356,C18
-4.320572103387881,-4.525915123437956,C18
-4.071092309756048,-4.35349583115837,C18
-4.5638373529592435,-4.527134683478767,C18
-4.105130343254747,-4.311926730746698,C18
-3.8927900303521317,-4.150845414253693,C18
-3.4478186611606643,-3.5040082182946684,C18
-3.281415279972564,-3.421665011822653,C18
-3.230179742236408,-3.397137232897753,C18
-3.2102783060190783,-3.367526387111493,C18
-3.4201021303968964,-3.5932442738960106,C18
-3.3079466349659192,-3.4785410076144845,C18
-3.2761340355564963,-3.433556777545618,C18
-3.1921944677293754,-3.3655512767297355,C18
-3.2556287726681394,-3.5207754457587948,C18
-3.3091839420190845,-3.4276000183430066,C18
-3.285586407712879,-3.398903092481163,C18
-3.117703199062348,-3.327653639875958,C18
-3.3257820544233,-3.502542814704553,C18
-3.1278437272517072,-3.4026781918971287,C18
-3.1393625832262453,-3.4165602544273574,C18
-3.1225134719303984,-3.3379316186112025,C18
-3.874518734299406,-3.7166051324700486,C18
-3.4870489200275094,-3.7216447788831273,C18
-3.494850021680094,-3.638082621580544,C18
-3.5448504788201722,-3.8568273445591603,C18
-3.4418916983694503,-3.762902950334318,C18
-3.473789996158336,-3.6561577392648674,C18
-3.5379016188648444,-3.7866685481852214,C18
-3.4762535331884354,-3.6793721615802952,C18
-3.368049173740783,-3.603999387087479,C18
-3.339893778276756,-3.5923183851019145,C18
-3.5553307690614755,-3.754707002968952,C18
-3.4530873568187577,-3.6666652900495813,C18
-3.410273743745763,-3.6098284314017985,C18
-3.336959025106026,-3.6038688144631394,C18
-3.809388202186395,-3.8680698946176117,C18
-4.154715873652009,-4.136000223297587,C18
-3.9542859410591324,-3.92711195176679,C18
-3.767512133647014,-3.8577787917614272,C18
-3.860750782428393,-3.8436884553976216,C18
-3.9738754832545498,-4.1016795302774804,C18
-3.8941493256148565,-3.9769931664800424,C18
-3.783570169123749,-3.8738762470223853,C18
-3.7926349625309284,-3.883773806607634,C18
-3.8904214530956134,-4.030452907404483,C18
-3.784362436564938,-3.928568430583895,C18
-3.7349462114959855,-3.8818590576412686,C18
-4.641874714723351,-4.524599201582366,C18
-4.377682339166156,-4.315895987870729,C18
-4.324680016660708,-4.244143449730818,C18
-4.3281794398167515,-4.159749524473171,C18
-4.4061603389187285,-4.57164925079694,C18
-4.536405597812999,-4.379661529405695,C18
-4.262409833714279,-4.2261820061307045,C18
-4.305482546188844,-4.195072257955769,C18
-4.1719204094432545,-4.278945693148526,C18
-4.070223567195098,-4.174302176041277,C18
-4.424004379796733,-4.417348508251911,C18
-4.159642940796644,-4.254210948667315,C18
-4.146606022549334,-4.298808588692886,C18
-4.0720653182588205,-4.149579654219026,C18
-4.03263926003405,-4.0439541985404945,C18
-3.812761380168521,-3.8903092945051405,C18
-3.7833064008302455,-3.8534909192832645,C18
-3.784362436564938,-3.886460431467522,C18
-3.9480760839538935,-3.9056394750316836,C18
-3.8434508486682186,-3.8428612549800167,C18
-3.755228238504705,-3.8074411887373065,C18
-3.8395314688809625,-3.9798008891840557,C18
-3.718285029972704,-3.8597326073175924,C18
-3.7318902701915215,-3.7910701964626314,C18
-3.673050005834001,-3.7652760800745733,C18
-3.7872798455821575,-3.9213909221709815,C18
-3.7392133313450238,-3.7987123941530996,C18
-3.7584535194034516,-3.7529133893473645,C18
-3.6369524054789064,-3.7466353739413316,C18
-4.248489949729959,-4.100767631762721,C18
-4.180719353027519,-4.2340263541490035,C18
-4.117931055563852,-4.0254443564030495,C18
-4.101549080801625,-3.996324734071197,C18
-4.191518943434049,-3.9695377452233256,C18
-4.1090204030103115,-4.167130716453063,C18
-4.042201225070002,-3.996383218244714,C18
-3.9037854146535946,-4.008967549589426,C18
-3.7619538968712045,-3.98574507597108,C18
-3.8941493256148565,-3.9465884954564387,C18
-3.8164454663811385,-3.940721319629947,C18
-3.7931741239681505,-3.9476295380679653,C18
-4.5583048643592825,-4.517215970988431,C18
-4.186886245992102,-4.351446351896285,C18
-4.798329820353419,-4.341130397874444,C18
-4.577082019232337,-4.528489688632305,C18
-4.417255034308723,-4.34150418972714,C18
-4.785156151952302,-4.284648588440629,C18
-4.56336036830734,-4.326834044680994,C18
-4.787279845582158,-4.254452939079884,C18
-4.270673190353139,-4.202221224240716,C18
-4.206838470754449,-4.173795708805722,C18
-4.304781081094849,-4.330636047774422,C18
-4.0728350257006305,-4.14242391679835,C18
-4.224025668870631,-4.111667589992792,C18
-4.1876883908688765,-4.137181786368505,C18
-4.567351339986893,-4.833340626228732,C18
-4.634699251362012,-4.68826405953444,C18
-4.494985759915893,-4.277149074544071,C18
-3.147276089208794,-2.761503049283417,C18
-3.1307095957906017,-2.8764705439305986,C18
-3.2290007948360593,-2.7819791253372106,C18
-2.625618301949118,-2.746018122645524,C18
-2.7088532382681145,-2.921892408756164,C18
-2.617802789622546,-2.86632984422405,C18
-2.684029654543082,-2.80429640945006,C18
-2.661543506395395,-2.7684733000051076,C18
-2.6567884098202526,-2.6223501415940844,C18
-2.621420423884225,-2.4948142092265533,C18
-2.5356595153723327,-2.5226907774013316,C18
-2.378408324140782,-2.545035300226315,C18
-2.5734887386354246,-2.54305467620107,C18
-2.7401673009365166,-2.4632889067077257,C18
-2.3363932918754795,-2.4545674387506002,C18
-2.5765902722669067,-2.451843126786014,C18
-2.700274846024363,-2.4900201218776528,C18
-2.673664139071249,-2.470552241874249,C18
-2.7104110474574035,-2.5772863554912226,C18
-2.597222930389653,-2.4907902269718827,C18
-2.5076587467450255,-2.4449729074670916,C18
-2.6192462291961,-2.535632562143739,C18
-2.656394491895828,-2.544520311509459,C18
-2.573001041243463,-2.4698892751446135,C18
-2.460422116654691,-2.4327746089472644,C18
-2.4890530513270273,-2.3206779318401045,C18
-2.26082336808927,-2.417615047747156,C18
-2.2543787786930616,-2.192264378484125,C18
-2.2163107636526838,-2.199588706094738,C18
-2.363211310965625,-2.280166079142239,C18
-2.332360293943589,-2.1875836515696903,C18
-2.302160631781637,-2.2453382891664027,C18
-2.2327699018892817,-2.253330317235283,C18
-2.2834124223243077,-2.1855085535008696,C18
-2.0900697402471695,-2.1886365019397713,C18
-2.0548762298778804,-1.97279734045035,C18
-1.7859513205880586,-1.901785605969473,C18
-1.7269987279362624,-1.8892604796711894,C18
-1.9488474775526188,-1.8729671501146834,C18
-1.7223907856959089,-1.8262810127223097,C18
-1.8594919569618205,-1.7799375422971804,C18
-0.5657505476035245,-0.614281579942065,C18
-0.35664603802313705,-0.559214286271064,C18
-0.273191317475036,-0.5373514867526433,C18
-0.40483458520977045,-0.6411206000829816,C18
-0.31452698027724074,-0.5722217522980181,C18
-0.19497515557019476,-0.5046084472841159,C18
-0.16857818293497784,-0.4765430684303892,C18
0.07114529045108281,-0.33976918642703197,C18
-0.09739886933346868,-0.45791511521643186,C18
0.17435059747937998,-0.3234038667793614,C18
-0.08013774644446195,-0.436209208137452,C18
0.20030318298158503,-0.30121263310763113,C18
0.01911629044707278,-0.1978819856327629,C18
0.22530928172586284,-0.08930402274906497,C18
0.2013971243204515,0.02907731870375183,C18
0.05994188806195468,-0.16425760393710953,C18
0.2964457942063963,-0.03600821952566785,C18
0.44963265047007456,0.07890502813479572,C18
0.14736710779378645,-0.05920956405982519,C18
0.5020172148271475,0.18257348352273337,C18
0.19728055812561932,-0.041280819426197386,C18
0.6162654052817081,0.2130450866148513,C18
0.28420506770179416,-0.04234284418212807,C18
0.6519560695330743,0.23668730010759348,C18
-0.055665408029217885,-0.053287639084710604,C18
0.05652372407910037,0.07046700019127408,C18
-0.0890022836893572,0.1394028239182439,C18
-0.1708892898447054,-0.032794449977187015,C18
0.15350998930083753,0.09397317077559006,C18
0.18864729599971736,0.20418584869074452,C18
0.08778141780954238,0.17647590121566556,C18
0.34183005692051033,0.34075037025326,C18
0.21932250841933676,0.19521885136932632,C18
0.40191725051757465,0.3853347696394857,C18
0.19865708695442263,0.19300548160151806,C18
0.4753805931433612,0.40422538301958444,C18
0.3042750504771283,0.3550925542879416,C18
0.424881636631067,0.4435840927943791,C18
0.5330090224954854,0.5173044794768659,C18
0.395501124305626,0.395577409303897,C18
0.5749567757645068,0.5090791352560481,C18
0.6481647785740011,0.5973553144083682,C18
0.5496162395190853,0.5357141523235254,C18
0.4352071032407476,0.6813798172936945,C18
0.5198279937757188,0.5528261470301399,C18
0.7458551951737289,0.7270683798399291,C18
0.6973165417323833,0.5732186769687058,C18
0.8069935136821073,0.7674800345815519,C18
-0.3526170298853802,-0.3473799247033074,C18
-0.30373100325446717,-0.27120874265537437,C18
-0.2575105354182249,-0.20423458344571543,C18
-0.2594794139463353,-0.30854954703427045,C18
-0.20190206793751406,-0.24970963251785833,C18
-0.17140454362829763,-0.1795684797583322,C18
0.14674801363063983,0.12678982050740986,C18
0.2732328340430456,0.23431799736968933,C18
0.20057692675484817,0.1741622460719909,C18
0.30556631351530394,0.2094795677218048,C18
0.2469906992415498,0.25570524868613437,C18
0.353916230920363,0.30597165923822367,C18
0.33223641549144334,0.33519494404549677,C18
0.43232779226160417,0.4405444190789505,C18
0.4998244958395797,0.48535862241423533,C18
0.45773054824599846,0.3830933235149551,C18
0.5608626947274648,0.5008605167670015,C18
0.61689542640076,0.569944574845491,C18
0.458788881710845,0.3947976944276954,C18
0.7263196121107753,0.4592996430129442,C18
0.926342446625655,0.45430999383251575,C18
1.0711452904510828,0.6906097541756375,C18
-0.30320691491825574,-0.16770658695359691,C18
-0.180192935409244,-0.13722571152008475,C18
-0.12819363554127064,-0.11260203689062047,C18
-1.1555849595261756,-0.1276191189817937,C18
0.05614226205905233,0.04328010669470963,C18
0.23477029516091652,0.15030572369274675,C18
0.10890312766731332,0.07288128303440815,C18
0.2933625547114455,0.17986019898817424,C18
0.15503222879097026,0.10949137160136606,C18
0.3364597338485295,0.22274510368797604,C18
0.42324587393680785,0.3679949537881701,C18
0.46284703583167375,0.41559872904136086,C18
0.5674968911042226,0.4825663715101379,C18
0.5464192668351917,0.4269063591167911,C18
0.6396856612426814,0.48897464115762135,C18
0.6803355134145632,0.5619495228644144,C18
0.4369573306694496,0.4932928028029843,C18
0.6039018317316714,0.5933332549181332,C18
0.5379449592914869,0.5160793475382411,C18
0.7715874808812554,0.629494462559867,C18
0.6079908585471748,0.5489392148405091,C18
0.7785130117389248,0.6677562140237775,C18
-4.061280185217617,-3.9733306111847355,C19
-3.939679971311715,-3.819726028271142,C19
-3.889410289700751,-3.819562297440605,C19
-3.8579235389267152,-3.842331300469809,C19
-4.026825947317028,-3.9430839481672697,C19
-3.8992849134269183,-3.894969610830628,C19
-3.817585347565446,-3.8307442111883234,C19
-3.8170150329964185,-3.763437794386853,C19
-3.955460239607589,-3.873603217148938,C19
-3.824488186636552,-3.8075561602615986,C19
-3.7488486568246455,-3.7632714972819636,C19
-3.7721132953863266,-3.7074901261850925,C19
-3.8999742698921374,-3.8376897726088433,C19
-3.769040444251431,-3.751022344458164,C19
-3.7198771036976925,-3.7541368258246997,C19
-3.682563503464901,-3.7264358338405175,C19
-4.28878347567891,-4.18857548259588,C19
-4.151256818104316,-4.049869532607134,C19
-4.287434472126692,-4.036992349361792,C19
-4.242603971206976,-4.1683175283271074,C19
-4.0918904596074475,-3.9836018890909872,C19
-4.010683695010049,-4.012645200079485,C19
-4.017321806616516,-3.9841680782174276,C19
-4.183825009571199,-4.152382954604255,C19
-4.02323747673254,-3.996432190432764,C19
-3.9746941347352296,-4.0337420640999,C19
-3.9706162223147903,-4.003545373090905,C19
-4.136320332124102,-4.0968759233605665,C19
-3.962175249411658,-3.9379062749197282,C19
-3.9215431819467073,-3.9631406795943085,C19
-3.9229956732066498,-3.966034570994266,C19
-4.546223140309558,-4.612244632953832,C19
-3.8948305720006684,-4.558303819896359,C19
-3.736363931411892,-4.588391658753077,C19
-3.6970200632517507,-4.778156379562985,C19
-3.811352704000283,-4.461162955155462,C19
-3.6466609046886953,-4.462819028932852,C19
-4.402085528797472,-4.500703079663805,C19
-3.85078088734462,-4.432027547249456,C19
-3.7394516273630205,-4.33960949225344,C19
-3.657379957446652,-4.280321715548412,C19
-3.8341623753098717,-4.313874284058836,C19
-3.70730099695607,-4.2700073603536,C19
-3.6375175252488257,-4.252896538182699,C19
-3.9637704559137052,-4.5129531738414,C19
-3.8428455600937186,-4.5195133110549195,C19
-4.132120216541621,-4.762280507647605,C19
-3.925549281045409,-4.7982242982953,C19
-3.809948582240794,-4.677522812707281,C19
-4.355659901173677,-4.927564962578302,C19
-4.070990014506039,-4.648697004986696,C19
-3.923723744595782,-4.586738551508243,C19
-3.7961515362537654,-4.105133160432123,C19
-4.0885760346237054,-4.661090486819209,C19
-3.8359447081065485,-4.294793409063743,C19
-3.7825160557860937,-4.432025727848092,C19
-4.128660618900139,-4.165494566938037,C19
-3.640923773940737,-3.8454848491107585,C19
-3.505149978319906,-3.8283598936017973,C19
-3.449404792510672,-3.71826314101208,C19
-3.7904849854573692,-4.146311482971432,C19
-3.6122543403911362,-3.8646693880222105,C19
-3.504178246614094,-3.727072782079519,C19
-3.370386554621817,-3.6282120839948764,C19
-3.8452717925598443,-4.133418827868258,C19
-3.63320361671327,-3.8169554640334837,C19
-3.4664821379830326,-3.6794167624899696,C19
-3.3866868385445406,-3.56622124530175,C19
-3.8068754016455384,-4.088661990064085,C19
-3.5708939916673033,-3.7768963800683037,C19
-3.4752145506787775,-3.6188017964233254,C19
-3.3847866651986416,-3.530629954600135,C19
-3.795066477645855,-3.881519923192783,C19
-3.563360368307339,-3.76229655667215,C19
-3.9295926782598802,-4.227508110642116,C19
-3.7503125721946984,-3.9524377895401237,C19
-3.603451962012868,-3.834194935256049,C19
-3.5290018303391264,-3.7347796407505367,C19
-4.052321260063064,-4.22520650146469,C19
-3.7311880962602197,-3.9333907040131857,C19
-3.6029294500405915,-3.840607711111729,C19
-3.4788619162959638,-3.648251103775118,C19
-3.920095532333279,-4.175909277034811,C19
-3.69058277422186,-3.921054467555845,C19
-3.5047332556121895,-3.7848244152090533,C19
-3.4398541601509525,-3.665140639811392,C19
-3.90622821850127,-4.058228023583237,C19
-3.7373116556983037,-3.9647398454390514,C19
-4.14923127307112,-4.337996812832071,C19
-3.841939206063395,-4.150071489314755,C19
-3.6751005029476866,-3.9924507648151923,C19
-4.151195298948196,-4.341736735656536,C19
-3.8610660597430764,-4.1494286943180025,C19
-3.7488486568246455,-4.027330324644454,C19
-3.6838199011065473,-3.877707643413946,C19
-3.8529423289716402,-4.111410146703773,C19
-3.7214750352629826,-3.974615750119538,C19
-3.654822383457296,-3.895769987890636,C19
-3.8774564759312455,-4.0502946989810065,C19
-3.997833938243492,-4.319008461393124,C19
-3.9051796196452,-4.15117156261999,C19
-3.8018930011265986,-4.0924449118698325,C19
-4.307858390633216,-4.483382547506454,C19
-4.1028129234198465,-4.314590963204733,C19
-3.848017604542526,-4.012167495297903,C19
-4.251811972993799,-4.550219390430964,C19
-4.035221977977624,-4.280535284625987,C19
-3.864549300654486,-4.0904663825382315,C19
-3.8563607647254567,-4.027611031754634,C19
-4.603975103391407,-4.662571712649441,C19
-4.432973633840939,-4.661274025256521,C19
-4.4077121840478695,-4.524351051246888,C19
-4.292514988032527,-4.453380534441543,C19
-4.544850478820172,-4.590046306409832,C19
-4.432150549426893,-4.48083000551036,C19
-4.346980548900387,-4.538761227776936,C19
-4.27703719105751,-4.407002431353108,C19
-4.455559862682308,-4.594675114965618,C19
-4.383629527708731,-4.420365885245666,C19
-4.3141687253739365,-4.406530683819157,C19
-4.236572006437063,-4.283529415500316,C19
-4.406271001292089,-4.62734687400331,C19
-4.340654364253823,-4.365027939046087,C19
-4.249491605148654,-4.407624481627478,C19
-4.179601477296019,-4.309442881840257,C19
-4.422163658707256,-4.543220136649687,C19
-4.349984047528161,-4.520480119930662,C19
-4.252821328639835,-4.41901098295337,C19
-4.21261037864789,-4.345753649328411,C19
-4.3624102141613,-4.426609854329758,C19
-4.253599355508439,-4.377442634592382,C19
-4.249414472658991,-4.406810901874254,C19
-4.151749285322958,-4.32243856743653,C19
-4.297569463554475,-4.392176829901984,C19
-4.22767829327708,-4.249845863262718,C19
-4.134126471792185,-4.202454988512052,C19
-4.1090204030103115,-4.153233701334719,C19
-4.27083521030723,-4.424231751107166,C19
-4.207118254614603,-4.169835969434246,C19
-4.1185582780586065,-4.181712501391006,C19
-4.078469586498757,-4.147853744378089,C19
-4.032077793269482,-4.297335395598009,C19
-3.915423722065669,-4.1724530973512275,C19
-3.889410289700751,-4.176355832156442,C19
-3.8706324042770146,-4.177738052058443,C19
-3.8279811905754433,-4.1653258123715275,C19
-3.95116991347165,-4.093075505613776,C19
-3.889410289700751,-4.016508902665553,C19
-3.8639139026159026,-4.0223065388846955,C19
-3.84103473961659,-4.037754137812445,C19
-3.950394387405027,-4.100240683971867,C19
-3.912218582190458,-3.9804308231321937,C19
-3.848017604542526,-4.0003661759282725,C19
-3.8443603662402235,-4.035730575461157,C19
-3.6929320493387015,-4.122146431312524,C19
-3.6219656775426685,-4.091742997593008,C19
-3.6516951369518393,-4.066085751845143,C19
-3.6781945161424607,-4.06419427293201,C19
-3.65286521708998,-4.053024371356934,C19
-3.6819366650372385,-4.024064930953862,C19
-3.7461775612919266,-4.000895783476519,C19
-3.63921731012672,-3.9900589990044257,C19
-3.636764195516306,-4.024958754595445,C19
-3.5922692719736644,-3.9751131682337113,C19
-3.5741398549221595,-3.9788183345632806,C19
-3.5358086293590003,-4.006693047451606,C19
-4.658763376761308,-4.876558439505524,C19
-4.519849274726719,-4.7008895073655115,C19
-4.455931955649724,-4.625444157128412,C19
-4.573488738635425,-4.678527273411734,C19
-4.529001830339126,-4.59154224827704,C19
-4.469672210221914,-4.577941817971623,C19
-4.402853512166304,-4.525530600183842,C19
-4.55783391421528,-4.58048903897528,C19
-4.452225294612178,-4.4723865620279515,C19
-4.4180503416266825,-4.36404333762963,C19
-4.322849478726567,-4.280819659507434,C19
-4.5269511949114625,-4.567569222314499,C19
-4.427593132441944,-4.424197353377055,C19
-4.364616795952501,-4.362663911472198,C19
-4.363111093016201,-4.291942175912653,C19
-4.359021942641668,-4.679753540229846,C19
-4.31238187042823,-4.522443336946588,C19
-4.247030134970916,-4.395337596587144,C19
-4.189095719331299,-4.391474699179455,C19
-4.2515793775324315,-4.3896249054677785,C19
-4.261933285222531,-4.273840201693236,C19
-4.112832979105225,-4.216118880446321,C19
-4.148313684557572,-4.156400714407425,C19
-4.266883018557936,-4.389285644454184,C19
-4.1751585282463,-4.21087960640569,C19
-4.154158092578243,-4.25272038411475,C19
-4.184422251675732,-4.14426543978495,C19
-4.066057397258739,-4.360881261393846,C19
-4.005243055412372,-4.1292837342259,C19
-4.0236041633881205,-4.086831590698448,C19
-4.064240896254688,-4.139732692200561,C19
-3.95116991347165,-4.0915377558334365,C19
-4.114017188645027,-4.0979179850809055,C19
-3.9292235371565654,-3.940318568876627,C19
-4.0126913262688175,-4.006794532950701,C19
-3.928486194904911,-3.8951389131254692,C19
-3.895854449445992,-3.8957797150031355,C19
-3.9281179926938745,-3.874372566854163,C19
-3.622875957653544,-4.245744626413535,C19
-3.684449465578095,-4.158332066795153,C19
-3.6064247967304124,-4.097704803806399,C19
-3.6838199011065473,-4.081091860060885,C19
-3.701146923590293,-4.008999854716478,C19
-3.6895191085373247,-4.046811609616584,C19
-3.6363880201078556,-3.987620425192654,C19
-3.633763876281707,-3.9335689425457705,C19
-3.6216020990518625,-3.9525432548146284,C19
-3.5785606097799505,-4.016015538227848,C19
-3.623788149717327,-3.916001374481451,C19
-3.622875957653544,-3.920163860981956,C19
-3.247721014539881,-3.2637337643851505,C19
-3.2622509261084427,-3.183785694236581,C19
-3.243439956993317,-3.101635792975444,C19
-3.2119731159041964,-3.1459445129050017,C19
-3.195519810894007,-3.175677833952196,C19
-3.2834124223243077,-3.1840220642785404,C19
-3.201349354554731,-3.090464923573649,C19
-3.205860644232226,-3.1060603812249186,C19
-3.2938798902972963,-3.178871607979394,C19
-3.2170975940253554,-3.1909407276795356,C19
-3.2627278234644566,-3.1242406868006194,C19
-3.2060001990155294,-3.140715187791684,C19
-3.272377422030863,-3.146500787728013,C19
-3.22242819530859,-3.160648350570556,C19
-2.978810700930062,-2.9191806249944667,C19
-3.0516359440116307,-2.8671943372655417,C19
-2.961379838050297,-2.8762762549814167,C19
-2.9738754832545498,-2.8837681813095255,C19
-2.971022294791222,-2.8635537738967116,C19
-3.070785496262606,-2.8582067009998595,C19
-2.9821322810364945,-2.8758578775399366,C19
-2.9303319030884043,-2.83695886424799,C19
-2.939679971311715,-2.8306188415728126,C19
-2.71602071576152,-2.6656594835457175,C19
-2.8250684064715577,-2.6608391082426155,C19
-2.654822383457296,-2.569111530183836,C19
-2.83654044823001,-2.5459367808906266,C19
-2.728390698621168,-2.5704412460105743,C19
-2.7728849174108747,-2.557609056190989,C19
-2.626352527790782,-2.5232886712593374,C19
-2.4038429190838277,-2.4280248651132013,C19
-2.436163081335455,-2.37538661977495,C19
-2.283579266153445,-2.36389824736748,C19
-2.423658649794207,-2.286168530836168,C19
-2.962573502059376,-2.8509100749918597,C19
-2.940058111938045,-2.888982824750359,C19
-2.999565922520681,-2.7917601506506955,C19
-3.0543837207732683,-2.8032634769640516,C19
-2.88706002391592,-2.7014086142483174,C19
-3.0074464821678646,-2.8502198508400443,C19
-2.8877302315827293,-2.8210611859533024,C19
-2.9010103605988227,-2.741654717024946,C19
-2.770830297460899,-2.792338609168153,C19
-2.9507819773298185,-2.871259590738251,C19
-2.9197343726601552,-2.7590704681104987,C19
-2.8910968723326866,-2.661812913325694,C19
-2.5873714794556246,-2.8219613266957886,C19
-2.9104481171135457,-2.762096267819606,C19
-2.831797253157369,-2.7482962834152214,C19
-2.82131076022441,-2.6225631523141213,C19
-2.305394801066431,-2.5054901834307546,C19
-2.423773862550395,-2.4843416201479553,C19
-2.436163081335455,-2.470220235300512,C19
-2.5192746210115122,-2.5256476662704976,C19
-2.310513551635752,-2.52857017018425,C19
-2.4832002959183757,-2.4901045617346425,C19
-2.4103854593687335,-2.494824765018492,C19
-2.472627917172388,-2.519889408550956,C19
-2.477425367308823,-2.695903136741618,C19
-2.424119684319354,-2.4809838767380428,C19
-2.2971388294270705,-2.4310719035777737,C19
-2.3993537643376057,-2.4946774092334367,C19
-2.566230166075134,-2.59698788329889,C19
-2.410273743745763,-2.4193915954708856,C19
-2.392330563311757,-2.377238797203032,C19
-2.2931969029626615,-2.332121628927158,C19
-2.3328273275211315,-2.267947452160618,C19
-2.139721900247765,-2.217895924700668,C19
-2.089856038935487,-2.1305976709154955,C19
-2.285335007137463,-2.2676610850220884,C19
-2.267445420148568,-2.1296655597831764,C19
-2.1743791749965,-2.0918327261502325,C19
-1.981715691573469,-2.171122690494624,C19
-1.978810700930062,-2.216467872161189,C19
-2.03226486821612,-2.138829718174769,C19
-1.9051796196452002,-2.1324194826709695,C19
-2.0944739515649515,-2.1948459024324847,C19
-2.11941504393502,-2.187933352645591,C19
-2.082336975672625,-2.1331734541748455,C19
-1.955460239607589,-2.093569757419857,C19
-2.010238812281222,-1.9508310175976358,C19
-1.8850555842874153,-1.804140812399546,C19
-1.8566728700079536,-1.8365452414466348,C19
-1.6878226435602213,-1.7170099465483555,C19
-1.8728952016351923,-1.8096496734006426,C19
-1.849243560139691,-1.760013537835816,C19
-1.8873949984654255,-1.743182949543359,C19
-1.926648297613099,-1.8229248646233709,C19
-1.8241983671517206,-1.8232895709554013,C19
-1.8329782042097436,-1.745981778728076,C19
-1.7505570385574178,-1.7094435735378366,C19
-2.7597004179972875,-2.576806605194565,C19
-2.6424462802569186,-2.535359069327168,C19
-2.532687937019448,-2.3968849424853333,C19
-2.5409092103994135,-2.390079838223071,C19
-2.787546038959724,-2.5960398724131797,C19
-2.6619421245802437,-2.514415508507777,C19
-2.553462832926356,-2.481880639775062,C19
-2.5380515047962384,-2.5197686894096933,C19
-2.9370421659154897,-2.575389639970886,C19
-2.6362000545208906,-2.5587579916799137,C19
-2.489454989793388,-2.493261295964403,C19
-2.485585079419631,-2.442989178154171,C19
-2.7775436633207535,-2.5793136550460205,C19
-2.5700863022362457,-2.625108816750238,C19
-2.508218224415834,-2.472739741074045,C19
-2.428407616638693,-2.501960854677226,C19
-3.1464234563803584,-2.9233537437911035,C19
-2.9871627752948275,-2.8723840521330306,C19
-3.0193150256366854,-2.8297440423442515,C19
-2.920095532333279,-2.7263549160723626,C19
-3.128018646156631,-2.973561955439927,C19
-2.9714287473074625,-2.882412500620363,C19
-2.944621668625,-2.874256513206915,C19
-2.8471004036062526,-2.7667003015447897,C19
-3.103584023526877,-2.9893156613850365,C19
-2.9476909003526766,-2.845186656746434,C19
-2.8677403104689554,-2.8409638627417597,C19
-2.8992849134269183,-2.7244855699473773,C19
-3.0841254971423084,-2.9070610334649443,C19
-2.893129455521346,-2.862078343497222,C19
-2.8517059025652545,-2.8334881400442526,C19
-2.889747082646597,-2.7232658490058066,C19
-3.3838396871524172,-3.1881979507544793,C19
-3.2471835688117285,-3.0716935170498982,C19
-3.2306226739238615,-3.0938206950219147,C19
-3.1785519809824696,-3.0626576251496402,C19
-3.3512497873019806,-3.2186496234954554,C19
-3.2716462179787715,-3.1141669504373692,C19
-3.2026631992246504,-3.047444899838534,C19
-3.1570165298777826,-3.1065526058780675,C19
-3.3985919394653163,-3.1983400018692594,C19
-3.2936236441603097,-3.07128502037713,C19
-3.246953438373471,-3.046073031683074,C19
-3.132179091954427,-3.058938583399763,C19
-3.28642546222793,-3.164855619835597,C19
-3.274987274658843,-3.0689965172879297,C19
-3.17966715510059,-3.062721324368609,C19
-3.0888423912600236,-3.0633143442050605,C19
-3.832682665251824,-3.7809567050056634,C19
-3.59159042153157,-3.6839905530555015,C19
-3.6291169832223944,-3.6414200468177946,C19
-3.5603515704365263,-3.4879529551167865,C19
-3.731656086048935,-3.765496708961482,C19
-3.6101254416090147,-3.565824005921065,C19
-3.5924391505136373,-3.546827801128375,C19
-3.5316526695878427,-3.461895439193947,C19
-3.7269987279362624,-3.6475356988912164,C19
-3.5914208745913325,-3.525678274320832,C19
-3.5373025918982828,-3.5306622423356355,C19
-3.4616776667685603,-3.450345548246144,C19
-3.6989700043360187,-3.58122915667599,C19
-3.5813673126459347,-3.512913323371021,C19
-3.51173138450454,-3.506827662217038,C19
-3.469032318428085,-3.4529781818535694,C19
-2.9484616094846725,-2.9691370247709976,C19
-2.6024075659618835,-2.9912367108195825,C19
-2.6449317936511494,-2.9671451386088656,C19
-2.5655907924125,-2.919527767931237,C19
-2.9796387173522922,-3.0004363860163368,C19
-2.7276941555979137,-3.04306702007331,C19
-2.597566653780688,-3.063250019983806,C19
-2.6127881996862694,-2.966729840684955,C19
-2.8709549401120418,-3.0439242716712447,C19
-2.586700235918748,-3.050265233457438,C19
-2.579054594078028,-3.079338125336279,C19
-2.5383514319365448,-2.9585548757410245,C19
-2.774432286560529,-3.0325472276768415,C19
-2.6950788380991084,-3.0802435784464537,C19
-2.575118363368933,-3.1049725717716394,C19
-2.556893543262734,-2.999813515350527,C19
-3.219106891312921,-3.195776864147547,C19
-3.0280750508158087,-3.222032833795109,C19
-2.9863203027088074,-3.2655545964908814,C19
-2.9090369234042686,-3.1585193166240293,C19
-3.1317083119821443,-3.276638833910866,C19
-2.922268820347608,-3.428582095857731,C19
-3.0126913262688175,-3.42703925894259,C19
-2.9542859410591324,-3.257727523164275,C19
-3.182368532809485,-3.2506347321331224,C19
-2.929962133392245,-3.3443416312237657,C19
-2.9601894458516496,-3.452843377020193,C19
-2.8353497840657034,-3.2545884849324525,C19
-3.1278437272517072,-3.2138445342136515,C19
-2.95233580539844,-3.30600371944463,C19
-2.853871964321762,-3.385293825926422,C19
-2.869344650977969,-3.208304701922503,C19
-3.422163658707256,-3.5274364053107172,C19
-3.305570309042917,-3.556455881765233,C19
-3.3435184842095014,-3.4747803371200794,C19
-3.222500680409635,-3.4303292059378454,C19
-3.417709317281006,-3.436991896619253,C19
-3.3028578737245406,-3.471407446582728,C19
-3.264081883468703,-3.4387211356618055,C19
-3.222355722303515,-3.399207888095606,C19
-3.4081565887752157,-3.457592192661701,C19
-3.2754783728814374,-3.457606405019134,C19
-3.2376966367122315,-3.465885588728361,C19
-3.1832285876666537,-3.4228176025206167,C19
-3.3503731131594705,-3.4126389530537917,C19
-3.2730284163171235,-3.431830261205173,C19
-3.217885852520929,-3.4825652261830475,C19
-3.1760044088440322,-3.411116591726251,C19
-3.7649768405047763,-3.9510995388853223,C19
-3.655411257421286,-3.859953018406252,C19
-3.5888855814490954,-3.803701183787647,C19
-3.560036064079095,-3.741477200445498,C19
-3.6935749724493125,-3.9357571501736905,C19
-3.6145724851948695,-3.8776756942694206,C19
-3.5238932831598087,-3.7600880984826786,C19
-3.513711239039434,-3.6803870254176294,C19
-3.6111885865264766,-4.008263292938775,C19
-3.5785606097799505,-3.881254928226649,C19
-3.5488278424874604,-3.7376128009099774,C19
-3.4741780478433375,-3.7661070945045787,C19
-3.653451441451526,-3.8576472993721205,C19
-3.520856752021387,-3.776774931504876,C19
-3.4490382477018238,-3.679989264541232,C19
-3.440931665965463,-3.704564725967015,C19
-3.5712174885030454,-3.4892507332682126,C19
-3.4631891340084584,-3.4119887109436897,C19
-3.4325031088957774,-3.3780738500514773,C19
-3.3759242688543174,-3.388853684149086,C19
-3.5425723070535153,-3.595836427160708,C19
-3.4503837604809147,-3.4888273454060443,C19
-3.330497165895657,-3.4426626392511617,C19
-3.3364875295848444,-3.398823972176568,C19
-3.486649201194043,-3.518203896534552,C19
-3.296364762416104,-3.4461700107137707,C19
-3.384892012556806,-3.3922405630760624,C19
-3.311758204022288,-3.3503412682639633,C19
-3.3656235059116324,-3.5108312531487575,C19
-3.3783045376707213,-3.4052579998026093,C19
-3.295249095709329,-3.4140853852623074,C19
-3.2398792147354323,-3.378861842509604,C19
-3.7311880962602197,-3.7139316518033634,C19
-3.636764195516306,-3.725980228905988,C19
-3.65033401590337,-3.571940741190677,C19
-3.5394028111023985,-3.5578410657603987,C19
-3.691649051413274,-3.8142496018032976,C19
-3.6239708182718195,-3.7151946546597694,C19
-3.5533075336284727,-3.5989504195763495,C19
-3.542875373696591,-3.5516566614928293,C19
-3.6842395093342653,-3.701481015753129,C19
-3.597566653780688,-3.579693539349528,C19
-3.5394028111023985,-3.466652229433444,C19
-3.509339346643863,-3.5105511112100967,C19
-3.6263525277907824,-3.6732455099842167,C19
-3.4530873568187577,-3.5452803890040907,C19
-3.4990777608096995,-3.462839692574034,C19
-3.4434562915164855,-3.5203507701173478,C19
-4.101549080801625,-3.931250764929579,C19
-3.963371104637839,-3.945949280224848,C19
-3.937418015771837,-3.8556780875821492,C19
-3.8610660597430764,-3.79617230322867,C19
-4.08868255767597,-4.124307262961721,C19
-3.9262816496538773,-3.9214983277477797,C19
-3.869344650977969,-3.847996180548236,C19
-3.8300318260031077,-3.8484020706369937,C19
-4.001087095641214,-4.08179404688663,C19
-3.869666231504994,-3.9685117311301044,C19
-3.862013267276468,-3.8661769055380177,C19
-3.762959208620809,-3.9191542997836866,C19
-3.996970529446382,-4.005856302658,C19
-3.841939206063395,-3.937714767410657,C19
-3.7907531512466264,-3.920619767866802,C19
-3.7775436633207535,-3.9019386215270626,C19
-4.5292955702772115,-4.510220409735241,C19
-4.355561410532162,-4.297744565675784,C19
-4.220547816595938,-4.096497896892624,C19
-4.316052869248487,-4.336779645560345,C19
-4.230327335944508,-4.207494682466684,C19
-4.200521601162019,-4.15000040250275,C19
-4.417822962311591,-4.359211202760992,C19
-4.265360161012301,-4.213445044474185,C19
-4.1779627519274145,-4.16343350055851,C19
-4.094258072608398,-4.111434207911586,C19
-4.3923305633117575,-4.338061898774222,C19
-4.131355561605174,-4.162349459804926,C19
-4.084494638245624,-4.067054997706274,C19
-3.447088549783491,-3.410366826708777,C19
-3.5065419490048115,-3.3732423068016857,C19
-3.4521022824369028,-3.370237958182566,C19
-3.6151092034694456,-3.5564229117421373,C19
-3.4586704223333062,-3.449940969855617,C19
-3.4272445348457805,-3.394624265122995,C19
-3.445995678988097,-3.3631437523420495,C19
-3.5132862240175147,-3.4892215539087865,C19
-3.301464507437999,-3.4056834947515853,C19
-3.4620550407085133,-3.339041655999698,C19
-3.3736596326249577,-3.3214873735459736,C19
-3.446359663768646,-3.468745600670268,C19
-3.330962199114844,-3.3751732826619056,C19
-3.4449055514216806,-3.3516180059742475,C19
-3.3901922306712975,-3.333563765095044,C19
-3.8335698861567176,-3.7044580172608383,C19
-3.7883455994468176,-3.6529958255258235,C19
-3.90622821850127,-3.861058368247635,C19
-3.846795099915716,-3.759395322030876,C19
-3.7883455994468176,-3.684809551181703,C19
-3.725149679983335,-3.63671928999547,C19
-3.9118639112994487,-3.7607199924031014,C19
-3.8054856581175325,-3.6594397108351453,C19
-3.7335331045597586,-3.588130354239346,C19
-3.681310730052254,-3.596954047509729,C19
-3.862013267276468,-3.7616293363087006,C19
-3.7449688366544485,-3.6307526868761015,C19
-3.683191247946978,-3.5798235340772817,C19
-3.6736641390712483,-3.5876075979615933,C19
-4.255941834121164,-4.083652878945164,C19
-3.962175249411658,-3.8380922904794286,C19
-4.128777443240293,-4.110790085851043,C19
-4.049197177035341,-3.907721618583784,C19
-3.9800533183211577,-3.830084958894736,C19
-3.935167780261426,-3.8320931398198987,C19
-4.133476374467157,-4.010730030404029,C19
-3.9788107009300617,-3.9242058699402587,C19
-3.8579235389267152,-3.8774951458949456,C19
-4.06183065360968,-3.9604030464193225,C19
-3.8639139026159026,-3.853828295223438,C19
-3.8486301497525397,-3.845078318065722,C19
-4.477816682381314,-4.411443169586119,C19
-4.257746330093406,-4.184443910879282,C19
-4.203148250950113,-4.092337666745231,C19
-4.506541949004812,-4.3987264035319535,C19
-4.247183568811729,-4.254349479736292,C19
-4.298345682674252,-4.16378515202891,C19
-4.184422251675732,-4.113067120320831,C19
-4.391687957302673,-4.305573475095503,C19
-4.311491192343479,-4.172471670854086,C19
-4.184687956475641,-4.0808509883431725,C19
-4.372839047625225,-4.278780618511546,C19
-4.209433374853924,-4.13337352405046,C19
-4.135726303195621,-4.099165308294236,C19
-4.0751523670244625,-4.031620581000771,C19
-2.5312097379003893,-2.3224313549143836,C19
-2.4397346021372854,-2.321657095683648,C19
-2.506402550999473,-2.363665754284894,C19
-2.4434562915164855,-2.2957936648255624,C19
-2.5014137911824825,-2.3414596664024323,C19
-2.416121401501374,-2.221552043450509,C19
-2.4939010400715595,-2.3362428869053327,C19
-2.4917396944876655,-2.2398834793165348,C19
-2.44891613481422,-2.484240982816444,C19
-2.396206295863037,-2.20345828076541,C19
-2.475733731233021,-2.1590394243282445,C19
-2.408935392973501,-2.1786432707972327,C19
-2.4924139602369895,-2.3270942374402592,C19
-2.3267025602403644,-2.146207980853017,C19
-2.319664486585437,-2.1106896835287343,C19
-2.339229356472303,-2.1103538179193584,C19
-2.335640125448859,-2.0259195046180465,C19
-2.383734594718292,-2.0379552549281184,C19
-1.8999742698921374,-1.9940622240971932,C19
-2.1023729087095586,-1.9365269223872457,C19
-2.0764969330578955,-1.935405629230511,C19
-2.0839673898114306,-1.8271940651355578,C19
-1.99225222199926,-1.9071649084965319,C19
-2.0037948938216754,-1.8745302370284078,C19
-1.95703092660682,-1.915566570618548,C19
-1.9344202852715515,-1.866201231871604,C19
-1.9118639112994487,-1.820949181883444,C19
-2.0207704069778445,-1.8948482816294352,C19
-1.9211808169011513,-1.9288243282457207,C19
-1.9215431819467075,-1.8302908079747295,C19
-1.895854449445992,-1.7642942510547914,C19
-1.8082696066371438,-1.5154183869921034,C19
-1.5836924129401175,-1.4769019739120137,C19
-1.5422694517540017,-1.4159504192646357,C19
-1.7182850299727042,-1.4852358365551075,C19
-1.5198492747267196,-1.4879229296474723,C19
-1.585026652029182,-1.4319440644774821,C19
-1.5603515704365263,-1.4128654369254707,C19
-1.604673606930649,-1.4275617990800074,C19
-1.5678327305574118,-1.4391089635990963,C19
-1.5018273393634562,-1.3364367015054026,C19
-1.4782083503608765,-1.3109074480448195,C19
-1.4981195062449415,-1.4372464633651678,C19
-1.495257363728312,-1.4328126346611083,C19
-1.4422522583585318,-1.3254649843435595,C19
-1.4152166210034922,-1.3235321574630572,C19
-1.6846595233727117,-1.370127781640363,C19
-1.2693792021127173,-1.3727096899610851,C19
-1.2181010806488508,-1.288654231944649,C19
-1.2214146721370378,-1.408477471224247,C19
-1.371508895032877,-1.390963658131171,C19
-1.2428318077857274,-1.2863348764832974,C19
-1.1884920200546734,-1.289983658492986,C19
-1.3433269541151498,-1.381903715950227,C19
-1.2050242559488684,-1.3848599585579997,C19
-1.2262135550188065,-1.2958862250120737,C19
-1.0473528302410569,-1.2701351338194742,C19
-1.279014255846261,-1.411562324191547,C19
-1.4185054577091007,-1.3925490221341714,C19
-1.0807649620767492,-1.304648777462383,C19
-1.077689836785604,-1.2874778630389923,C19
-0.501965276312973,-0.3707724319449591,C19
-0.3956659268970889,-0.30041138287927976,C19
-0.3949105381184196,-0.24888171520206212,C19
-0.45717457304082015,-0.3229962960246263,C19
-0.38436553112258404,-0.24857529183098545,C19
-0.3713046172859767,-0.20125785759110865,C19
-0.1911141326401879,0.11450165370621118,C19
-0.06803388527182737,0.2253681762861102,C19
-0.13247358880025667,0.18260514829933952,C19
-0.01112903393535476,0.19759828071219174,C19
-0.0969643032115027,0.2627958881660304,C19
-0.00806545028105216,0.30282612118503305,C19
0.10482840365365537,0.18134336993267194,C19
0.13830269816628146,0.2738977926068186,C19
0.23979981844709866,0.31705916631406034,C19
0.16879202031418183,0.2724838647918594,C19
0.28510702956681194,0.3648273702506414,C19
0.25959387888594865,0.4002515542520564,C19
0.2780673308886626,0.4620037299894358,C19
0.5394524915494608,0.575181773835233,C19
0.31470969295517376,0.5367629846837624,C19
0.5058280338548362,0.6188884510959989,C19
0.3667963832867299,0.6175303329578317,C19
0.5190400386483446,0.7119274807062023,C19
-0.3476569449372852,-0.1753278543630134,C19
-0.15739076038943792,-0.112721713062862,C19
-0.07966792846041065,-0.059479623462457304,C19
-0.26680273489343054,-0.2074034600683454,C19
-0.08884239126002341,-0.12884481127610378,C19
-0.011664044143949512,-0.06725780469487769,C19
0.05994188806195468,0.1482975535675329,C19
0.2593549273080343,0.23500591358679815,C19
0.0867156639448825,0.20256714960619177,C19
0.30168094929357625,0.23901579868663286,C19
0.1112625136590653,0.2530236875471883,C19
0.3494717992143857,0.306332666049796,C19
0.4174716932032931,0.46646111503345494,C19
0.4877038631637263,0.5066381044011639,C19
0.5305838596451177,0.553708100836473,C19
0.5212688755983853,0.5803298106781142,C19
0.6203442997544932,0.5949887221961347,C19
0.6561940621791857,0.6687219365736892,C19
0.5651391519697895,0.5007104900944165,C19
0.6780629049743452,0.5821106828258112,C19
0.7414667617697549,0.6516117702539509,C19
0.6452257115354162,0.6215440499076383,C19
0.7726883546821415,0.7109302602654582,C19
0.046104787246038705,-0.06591948123373385,C19
0.09096307659573168,0.062045726097222746,C19
0.15594301797183674,0.10197476786817278,C19
0.030599721965951066,-0.06194015889114585,C19
0.153814864344529,0.10116958463606826,C19
0.2535802895621828,0.20011247496488846,C19
0.20030318298158503,0.155773559464966,C19
0.353916230920363,0.34008429504930027,C19
0.2538224387080733,0.18688058235109406,C19
0.40294882934440474,0.3851952682361081,C19
0.2636360685881081,0.178172286570333,C19
0.4557582031041368,0.40982619830874134,C19
0.3368598209168094,0.3498080394173439,C19
0.436162647040756,0.44477589591056665,C19
0.4720246977002814,0.5251411475632484,C19
0.43727479741012365,0.3935320105126271,C19
0.5268559871258746,0.5136713262939054,C19
0.6101276130759954,0.6028047991903827,C19
0.5256925245050109,0.5337303156142258,C19
0.5618166643189575,0.6458036772429321,C19
0.5733358400660676,0.5419677092606515,C19
0.7209031708134575,0.7231741473871304,C19
0.6225248624035682,0.5752021793797248,C19
0.7543483357110189,0.7660269154067544,C19
-1.988006885340743,-2.021693322547973,C2
-1.8645493006544862,-1.998434219602957,C2
-1.7775436633207533,-1.9452210939152228,C2
-1.7822529267372063,-1.9422849781098421,C2
-1.9370421659154897,-2.031014355238688,C2
-1.857610533881164,-2.048258888463991,C2
-1.839231438138872,-1.9215039106269711,C2
-1.9034375616258645,-1.9830579837745592,C2
-1.8884014751196059,-2.0319550438561005,C2
-1.7964232250220273,-2.0453010788856782,C2
-1.6916490514132743,-1.8884717183554656,C2
-1.661145253747677,-1.9314563767921538,C2
-1.9058784041594385,-1.9584284216772108,C2
-1.691222226335279,-1.9546753172157902,C2
-1.7833064008302457,-1.8534130878043473,C2
-1.779891911959945,-1.8884555896240387,C2
-2.3365817877473205,-2.391047440175541,C2
-2.35222594973117,-2.4025516678571877,C2
-2.3932962586663256,-2.358948888904859,C2
-2.35222594973117,-2.4154778246776347,C2
-2.3732491463166068,-2.359926474147914,C2
-2.295592072613159,-2.4302506561921713,C2
-2.396206295863037,-2.2646757550736734,C2
-2.253443638589631,-2.2903842210530367,C2
-2.2163822348092515,-2.2891742338442818,C2
-2.1100263615960038,-2.3620758772755117,C2
-2.0914613678280407,-2.2187745704268393,C2
-2.109411332294513,-2.216663272878496,C2
-2.1390633792999063,-2.2911955702325213,C2
-2.138405855356135,-2.306462984474564,C2
-2.0925886392254136,-2.2052079391950166,C2
-2.1125514997500465,-2.28959404339907,C2
-2.75300930075845,-2.6734069511403447,C2
-2.753747687700678,-2.7062450081053653,C2
-2.6621415709589056,-2.650203947501572,C2
-2.601712694642599,-2.680520611503525,C2
-2.6829818989518883,-2.61624224991558,C2
-2.563519304990505,-2.626474529342424,C2
-2.5885486578620625,-2.5058241167142827,C2
-2.586532587014175,-2.5413032234097326,C2
-2.5777385491863973,-2.5337253813518097,C2
-2.550521600812635,-2.5394059110209515,C2
-2.5106040782728707,-2.4720393924887722,C2
-2.526221165353275,-2.4836522156943897,C2
-2.4826721177056266,-2.5926724700241053,C2
-2.4817493486915,-2.598639324358045,C2
-2.4294570601181023,-2.3851891736274604,C2
-2.486649201194043,-2.398230120081945,C2
-3.160270624793612,-3.09106153985667,C2
-3.1233203895807997,-3.1049095374161886,C2
-3.093018846771146,-3.021737724239001,C2
-3.0323584359169886,-3.0979778283609347,C2
-3.0970186002024973,-3.1209805198188345,C2
-3.0749974923190226,-3.1469940866807202,C2
-3.053744292800603,-2.970807911212717,C2
-3.006475596832934,-3.0791582699097293,C2
-3.0782615163154015,-3.055215364126789,C2
-3.006211186181295,-3.1243588511500877,C2
-2.935167780261426,-2.95930348365327,C2
-2.881735273910521,-3.0116732983974965,C2
-2.980883709552927,-3.008073382804749,C2
-2.896538377905295,-3.008412631603126,C2
-2.8709549401120418,-2.8909143643926765,C2
-2.855425792390384,-2.9010037150728682,C2
-2.0582401861853046,-2.121167098292137,C2
-2.0296996245978223,-2.089662466795662,C2
-2.0048476231085464,-2.0717501948105483,C2
-2.0141246426916064,-2.0776584425891946,C2
-1.95116991347165,-2.1318613861986098,C2
-1.999132278468773,-2.091646392662705,C2
-1.9161391991334271,-2.012120465207445,C2
-1.93292914395463,-2.036910338183664,C2
-1.9237237445957824,-2.0223699484570807,C2
-1.8745187342994059,-1.9691188925348826,C2
-1.7793689805519077,-1.922073633161124,C2
-1.7079655640052636,-1.9609447881356963,C2
-1.9023956711255892,-2.0709649143642554,C2
-1.8021683066710972,-2.039299195034878,C2
-1.8016178699917058,-1.859613347665948,C2
-1.761201437286083,-1.8522292600931245,C2
-2.454569170534649,-2.4193512525734446,C2
-2.396855627379818,-2.4578413638806915,C2
-2.2730284163171235,-2.393397953959542,C2
-2.2522775379644915,-2.4035153248207646,C2
-2.3567447749752284,-2.331884960800357,C2
-2.2937090427412365,-2.3813047758440544,C2
-2.2494144726589913,-2.282178216323932,C2
-2.2605858973013047,-2.318505132626527,C2
-2.2512694439015055,-2.2547523782879257,C2
-2.172695358910265,-2.310925916589097,C2
-2.1184441702066885,-2.2767509049141554,C2
-2.211124884224583,-2.3323646668294162,C2
-2.123955449753905,-2.309193496662467,C2
-2.2335871528876003,-2.3274809353862738,C2
-2.0697133527544804,-2.2446532510705834,C2
-2.1205027127505716,-2.2584764767794843,C2
-2.783042792638903,-2.702690846071181,C2
-2.765735875621211,-2.6914439755121102,C2
-2.6360121702515085,-2.7475763365947654,C2
-2.7370745306681683,-2.763611504785415,C2
-2.7269987279362624,-2.702252968045436,C2
-2.6878226435602213,-2.768499879408995,C2
-2.6520848134983086,-2.6816037252822365,C2
-2.6192462291961,-2.755887572079481,C2
-2.671212799645465,-2.68404671591269,C2
-2.65286521708998,-2.749337546809786,C2
-2.4934949675951277,-2.6619450427228895,C2
-2.460171441622102,-2.6728455737941763,C2
-2.5671909949668317,-2.5967468086703835,C2
-2.484126156288321,-2.6419039321552114,C2
-2.4452686233240333,-2.5429582788103744,C2
-2.469032318428085,-2.5594989163864112,C2
-3.112720365469977,-3.0961470181584896,C2
-3.055369298143722,-3.09335859096323,C2
-3.0112627247112,-3.0444435236200036,C2
-3.00629930517965,-3.0892774870295243,C2
-3.00859669741996,-3.073918834048086,C2
-3.0007389288868995,-3.0785071073746804,C2
-2.90031935889075,-2.9513371594361297,C2
-2.9344202852715515,-3.005154548955232,C2
-2.9344202852715515,-2.9223604773170226,C2
-3.0041893683239573,-3.0089910400111632,C2
-2.7975116829399065,-2.9279610250500414,C2
-2.96738123914928,-2.9673134081326453,C2
-2.904830648568245,-2.9191806924067927,C2
-2.8890737577335797,-2.964623122937295,C2
-2.7939841232366556,-2.8897451562272196,C2
-2.7726275577103636,-2.96747153299668,C2
-3.0784695864987577,-2.9489278206198537,C2
-3.0467236633326955,-3.01888786493335,C2
-2.881735273910521,-2.93515260748832,C2
-2.79805693659835,-2.927868085224936,C2
-2.870310107800699,-2.872551863867746,C2
-2.8239087409443187,-2.8711215541951565,C2
-2.7888794587419508,-2.8160632799446867,C2
-2.7584535194034516,-2.7943146942554726,C2
-2.769295686387431,-2.8145475722382787,C2
-2.725149679983335,-2.796702419119102,C2
-2.6250684460218117,-2.777667342262015,C2
-2.6994045161100364,-2.795738140054161,C2
-2.630042392653947,-2.817041711198775,C2
-2.5870357280033374,-2.6592390021951116,C2
-2.6360121702515085,-2.6946513866241575,C2
-3.1834273039738967,-3.1836158628384044,C2
-3.1495375672384833,-3.2109070976148164,C2
-3.098759697926691,-3.154559124468481,C2
-3.086239113587677,-3.1834653497108483,C2
-3.1540342384545164,-3.150161003721575,C2
-3.079876673709276,-3.1736833226825323,C2
-3.0591847913491987,-3.1693580434263278,C2
-3.0562582341686864,-3.190667811107444,C2
-3.0805557895347633,-3.144862434080571,C2
-3.0769114845576007,-3.124441040581792,C2
-2.9136401693252516,-3.04786971238099,C2
-2.874518734299406,-3.0366243047343646,C2
-2.96818772866963,-3.033856306451112,C2
-2.916139199133427,-3.030025797026543,C2
-2.874193541860473,-2.964519119755968,C2
-2.8247781996569477,-2.9382215343938753,C2
-3.4669909775045147,-3.503836402054143,C2
-3.4555598626823074,-3.4741594598658616,C2
-3.3885953622884064,-3.4511290248401396,C2
-3.34332695411515,-3.4094233771147713,C2
-3.3864752971463474,-3.480098912250993,C2
-3.3154239126115446,-3.4403183182637815,C2
-3.26082336808927,-3.3544893024847293,C2
-3.2629664686661224,-3.313564887648938,C2
-3.352910571283445,-3.4249649863447242,C2
-3.306888884537859,-3.4130098244001887,C2
-3.2061397986573303,-3.3488170335965664,C2
-3.194703083842015,-3.3427874424949766,C2
-3.289459552066703,-3.418396125618748,C2
-3.2325472819022267,-3.3754862885835615,C2
-3.196065150136158,-3.3159636923218923,C2
-3.1957923949179587,-3.3336310513919227,C2
-3.8486301497525397,-3.844921708360013,C2
-3.80493100353141,-3.818287400928522,C2
-3.7677664788852665,-3.801173743610493,C2
-3.7205612117129796,-3.7337292746423683,C2
-3.7856861025756,-3.7954427578487104,C2
-3.691649051413274,-3.7374374214330035,C2
-3.6595558851598815,-3.7058154696591,C2
-3.622875957653544,-3.6751488237880574,C2
-3.687611050629408,-3.7346463235092804,C2
-3.621783850250122,-3.6896957140154605,C2
-3.5855280503706974,-3.6488282479732552,C2
-3.5127201835569313,-3.602936619790644,C2
-3.5873714794556246,-3.680762587876815,C2
-3.527682453683158,-3.6491447576135445,C2
-3.4828041020500256,-3.568804960282721,C2
-3.4586704223333062,-3.5517319135266954,C2
-3.0338582672609675,-2.970623518941081,C2
-2.9738754832545498,-3.0720018441073864,C2
-2.9722427953094464,-2.9051680311546626,C2
-2.9453869454431123,-2.9357385328427528,C2
-2.9775716288145135,-2.99980944032828,C2
-2.935916564036404,-2.986239231269806,C2
-2.9090369234042686,-2.8836143405441836,C2
-2.9157813132607613,-2.9306563009617412,C2
-2.9157813132607613,-2.866693047862162,C2
-2.905528871358355,-2.8612467336591227,C2
-2.755228238504705,-2.81887600809137,C2
-2.7084091743419987,-2.7816663571887337,C2
-2.8002448227465253,-2.805915950199369,C2
-2.7670038896078464,-2.813144110253343,C2
-2.645123577483766,-2.766543013708011,C2
-2.717377887121937,-2.762690015098012,C2
-3.424465781680136,-3.441265867191941,C2
-3.3763372926437953,-3.4305626760563723,C2
-3.3530084625228778,-3.40166586349441,C2
-3.3019864960608185,-3.3925942507007485,C2
-3.305131672017544,-3.3763178371040645,C2
-3.2310660578132184,-3.3674613466086254,C2
-3.2174557159899897,-3.2491582702864372,C2
-3.1760695448744363,-3.2445905765179224,C2
-3.2035644411898256,-3.2736946459483294,C2
-3.1564557880543647,-3.2895285478452694,C2
-3.126040345256647,-3.1333624809369054,C2
-3.0861861476162833,-3.2031284879946464,C2
-3.1567672219019904,-3.2848363118700776,C2
-3.140261433802853,-3.274749261409516,C2
-3.05453141486818,-3.1243670792152,C2
-3.0204061041510695,-3.1905891114202385,C2
-3.5856953118716683,-3.6313948212784006,C2
-3.5543957967264026,-3.5744498857970237,C2
-3.4926839599235864,-3.535582199167085,C2
-3.4369938129382063,-3.499213742514569,C2
-3.518557371497695,-3.5474302040815235,C2
-3.455435902503957,-3.490030854554446,C2
-3.4100503986742923,-3.4422613120861136,C2
-3.360812440064246,-3.3837477285417563,C2
-3.4468454518303746,-3.465924633027262,C2
-3.365421977146112,-3.4169582430030423,C2
-3.348431261134208,-3.418081144631642,C2
-3.296536658116707,-3.3831598021088696,C2
-3.34640161815671,-3.4363263245706865,C2
-3.2761340355564963,-3.388155154331219,C2
-3.2508049577803275,-3.323984293643908,C2
-3.2198988085320885,-3.309819577510903,C2
-3.7713430418910647,-3.806145289252615,C2
-3.761201437286083,-3.764101631944478,C2
-3.633763876281707,-3.6832112732536526,C2
-3.749092300299144,-3.74918904570587,C2
-3.6895191085373247,-3.706839363253452,C2
-3.610656688747922,-3.6603824957870716,C2
-3.5873714794556246,-3.6308243715675657,C2
-3.6734593314834383,-3.6933044708711997,C2
-3.624153563690844,-3.6639222959874376,C2
-3.5747919488613435,-3.6192200140599433,C2
-3.525346746637937,-3.5779979938871906,C2
-3.6088883862971977,-3.6407392640039515,C2
-3.554240163511369,-3.600624746742469,C2
-3.5259294967849564,-3.5555328655484204,C2
-3.4850539946919956,-3.512442584944323,C2
-3.480565805086297,-3.500834140722234,C2
-3.4145392704914994,-3.459054248339912,C2
-3.3673402867060864,-3.4204796648232265,C2
-3.3077701642272443,-3.4010636293786387,C2
-3.3775787260243297,-3.4498550732786444,C2
-3.2854187911604686,-3.403178838255445,C2
-3.2556287726681394,-3.314811170136095,C2
-3.2053028731080015,-3.2772768588410806,C2
-3.266080848987609,-3.347087828854815,C2
-3.200246033588114,-3.3018722177590973,C2
-3.137093786437002,-3.257091950452011,C2
-3.071092309756047,-3.2329476736928004,C2
-3.225775095131081,-3.341389207017545,C2
-3.152797636019076,-3.2870686521245736,C2
-3.107404577171102,-3.2337905368907327,C2
-3.034187046963397,-3.2088840189506778,C2
-3.637706062035769,-3.652645106083465,C2
-3.5705707356182126,-3.610641201739444,C2
-3.535361440904967,-3.573405636009922,C2
-3.4441803169388088,-3.5215342805079475,C2
-3.593459819566045,-3.6233555399122355,C2
-3.4710832997223453,-3.539371309053892,C2
-3.4048345852097706,-3.4872914381699336,C2
-3.3783045376707213,-3.4446954008993744,C2
-3.4618034216505458,-3.548153671642877,C2
-3.3852082080435824,-3.4682852176260996,C2
-3.357041120590209,-3.4382036910942726,C2
-3.299209778625653,-3.406224249109274,C2
-3.4207882197685007,-3.5041500344196117,C2
-3.3365817877473205,-3.441413587444364,C2
-3.2672043017106707,-3.3500847318778613,C2
-3.2201150368073557,-3.296570533791466,C2
-3.828566099056992,-3.8614886000989728,C2
-3.7332980331159122,-3.802407595830164,C2
-3.692290076595193,-3.7127536925078517,C2
-3.6176226965318863,-3.6864660116858463,C2
-3.702239488900866,-3.7835338615881913,C2
-3.625434939277235,-3.6920877266910814,C2
-3.5598783968121963,-3.653694394629079,C2
-3.5395532161192795,-3.6250313279832325,C2
-3.6655462488490693,-3.7414798914070424,C2
-3.5754450233932866,-3.651525853878031,C2
-3.5476001540885584,-3.609543786750006,C2
-3.460547508450539,-3.565797601658597,C2
-3.599289363226769,-3.6862039210359026,C2
-3.5218665718994826,-3.615899695313295,C2
-3.4630629772953263,-3.5515141316319134,C2
-3.4108326094539523,-3.499185450688127,C2
-3.9484616094846725,-3.9848124030598395,C2
-3.9796387173522922,-3.9476043430290306,C2
-3.9273825234547632,-3.9167569815383456,C2
-3.894489815230026,-3.89277964208585,C2
-3.968591535748376,-4.022721830656607,C2
-3.867420152340263,-3.918456655842891,C2
-3.821886747685368,-3.879107725190803,C2
-3.7176044952574743,-3.8228461060146754,C2
-3.928486194904911,-3.967408448661825,C2
-3.823041019413092,-3.8853930940474606,C2
-3.7587026128900067,-3.828974671555262,C2
-3.7068585165490693,-3.7754089300733136,C2
-3.8563607647254567,-3.9053884675609765,C2
-3.773657912836369,-3.829226125319854,C2
-3.707079700399994,-3.786769765550036,C2
-3.6311554931741785,-3.7199982408039003,C2
-3.881404634776238,-3.881374975485074,C2
-3.709520186669327,-3.819492405492209,C2
-3.6880343396316335,-3.7831098305285122,C2
-3.6352614449446015,-3.755755150672234,C2
-3.7817271464285525,-3.8355962542844857,C2
-3.68277265082358,-3.7888642060667928,C2
-3.6439741428068775,-3.7446054674986136,C2
-3.5826944167554746,-3.718044649582709,C2
-3.6289321377282637,-3.8486291128808556,C2
-3.5692801121367177,-3.7908667206271476,C2
-3.5328360340309097,-3.728633678933722,C2
-3.480172006224281,-3.713850389472469,C2
-3.6343248595440825,-3.775969049618185,C2
-3.5553307690614755,-3.7552186332622823,C2
-3.4730149314400043,-3.650911304244961,C2
-3.4233131947990043,-3.6458466697111485,C2
-3.717151397165355,-3.765051806886315,C2
-3.5179844235492883,-3.690523804951121,C2
-3.4187331947263293,-3.5998161018470833,C2
-3.4035128662634557,-3.608805332527578,C2
-3.4850539946919956,-3.754030264793267,C2
-3.493089274448482,-3.6252603405567694,C2
-3.4480623046351626,-3.588147932529341,C2
-3.3768541253620605,-3.6027675424308145,C2
-3.4500163888403113,-3.7322973362229015,C2
-3.432033093176846,-3.5914673840955564,C2
-3.361710464585743,-3.5586180623023673,C2
-3.2999889376778877,-3.5495399892887116,C2
-3.4960731958064897,-3.6490955790933626,C2
-3.4173685605103636,-3.58050214683518,C2
-3.33338843158097,-3.527554229816982,C2
-3.2801717137456654,-3.5034659371382384,C2
-3.3660268442103263,-3.569695733827178,C2
-3.2737619531973623,-3.5355156001540267,C2
-3.1468495635521574,-3.341379264203914,C2
-3.1034737825104446,-3.2592772600016144,C2
-3.301464507437999,-3.5141395973809564,C2
-3.150642018338701,-3.4787066423309883,C2
-3.108852969551229,-3.2954575675838327,C2
-3.0194966818066047,-3.3019645612965047,C2
-3.280088935801661,-3.4412308666402818,C2
-3.1986649043254536,-3.389446467977466,C2
-3.001740661576301,-3.2455114997344774,C2
-2.9457700901366026,-3.287952174694797,C2
-3.1840239990280144,-3.389735940923724,C2
-3.0935572061829677,-3.208313478526253,C2
-2.97183558057553,-3.2467319141482274,C2
-3.0232832956366176,-3.17464211165113,C2
-2.9034375616258643,-3.105398804058042,C2
-2.835647144215563,-3.02493335420711,C2
-2.9562448730313204,-3.1419497904192815,C2
-2.82739706879014,-3.128768226360138,C2
-2.765735875621211,-3.1333305568453906,C2
-3.105185670916699,-3.1897954526607015,C2
-2.8867253075356496,-3.105027535427933,C2
-2.8130436645345878,-3.0557627615969962,C2
-2.7335331045597586,-2.969253367726466,C2
-2.998699066979582,-3.1016190313072984,C2
-2.732593581247096,-3.0648701077548153,C2
-2.673050005834001,-2.9798422623257483,C2
-1.4757337312330212,-1.283971462608963,C2
-1.4301581005962385,-1.2714177354072431,C2
-1.3098039199714864,-1.3601747489783311,C2
-1.2351516428065892,-1.2600599191572834,C2
-1.4165744995934932,-1.2317561471957705,C2
-1.3239468753481285,-1.222887127753844,C2
-1.2428318077857274,-1.2722242996673834,C2
-1.1944991418415998,-1.1460576605600188,C2
-1.32358076828164,-1.1859825429985889,C2
-1.2287065573709404,-1.1717809547042295,C2
-1.1481914857717626,-1.2162514623247784,C2
-1.0737604789541377,-1.0792978210522657,C2
-1.30715308072277,-1.1937863893494043,C2
-0.9017024635053024,-1.1740959109998519,C2
-1.2493373538659442,-1.2076035978599629,C2
-1.2559418341211646,-1.0849255070005768,C2
-1.1456332219591303,-1.0248473091938488,C2
-1.0734003460929726,-1.0200435406477868,C2
-1.0390062910576638,-0.9432551403501421,C2
-0.989700043360188,-0.9403565690566293,C2
-0.9867413347164835,-0.9051819410908436,C2
-1.9434762759208997,-2.0894862140283443,C2
-1.8253588073395515,-1.90815470921336,C2
-1.620694482249418,-1.7239103881780307,C2
-1.5453075507605232,-1.6829886257450644,C2
-1.9515581964495954,-1.979469888868895,C2
-1.6961562251113456,-1.8300904576969281,C2
-1.493089274448482,-1.6675793946053454,C2
-1.3749963989851366,-1.5741073229843863,C2
-1.895854449445992,-1.9566046128018444,C2
-1.5973947580800851,-1.7724297547173882,C2
-1.4970269409343686,-1.7550334956581042,C2
-1.4034029043735399,-1.6201131244512577,C2
-1.889747082646597,-1.9719153047348679,C2
-1.5433303705762424,-1.943390494462194,C2
-1.4202164033831899,-1.6779787240675765,C2
-1.3008563126055162,-1.551954972471496,C2
-1.3938336853923796,-1.6436871627837553,C2
-1.2677671197795022,-1.5198878034939736,C2
-1.1690266026773495,-1.291724822343784,C2
-1.0413883422351207,-1.301910018536852,C2
-1.328179439816751,-1.5500695452164275,C2
-1.1708249260829124,-1.3330405658366795,C2
-1.0321713206698448,-1.1885415453195292,C2
-0.9738754832545498,-1.052829273911943,C2
-1.2860896458710447,-1.3547703585641724,C2
-1.09344948089855,-1.1770534170466496,C2
-0.9722427953094466,-1.0758887167505142,C2
-1.2254830342714504,-1.4099032994299168,C2
-1.022413561996149,-1.212952654690472,C2
-0.9226320947158435,-1.0093512589665357,C2
-2.1741197010638205,-2.1880542213197094,C2
-2.0666139580969456,-2.181283462877601,C2
-1.993962045002683,-2.0719565405012297,C2
-1.960982678002588,-2.061147070755803,C2
-2.103584023526877,-2.138095382459094,C2
-2.006343371384538,-2.136102961104291,C2
-1.889747082646597,-2.065353977709329,C2
-1.8513973451939065,-2.0291326840839927,C2
-1.9273825234547635,-2.071202811908563,C2
-1.8735438865681957,-2.0632331577130416,C2
-1.8365404482300098,-1.9446769577294594,C2
-1.7848914189469067,-1.9388758826945223,C2
-1.9685915357483759,-2.0325541683664836,C2
-1.7991495019089225,-2.0315744289806186,C2
-1.8046539416515803,-1.9272192366665921,C2
-1.6963720236161102,-1.8949817317118531,C2
-1.8153085691824011,-1.9535828136306672,C2
-1.733298033115912,-1.9466436003907654,C2
-1.6595558851598817,-1.868833788232173,C2
-1.598427154323554,-1.7600461798267089,C2
-1.689519108537325,-1.6986267516586326,C2
-1.6409237739407372,-1.6942697978173633,C2
-1.5179844235492883,-1.6408522643129606,C2
-1.48758245139916,-1.5843104251522022,C2
-1.6131444708152758,-1.640791596151551,C2
-1.5683146553139882,-1.6351747822244747,C2
-1.4806971507645714,-1.5848834812232593,C2
-1.4403327216119424,-1.5611219974980677,C2
-1.5485205948751382,-1.62135612384599,C2
-1.4786003718846243,-1.6459209824139152,C2
-1.4587953093167416,-1.7246383572499788,C2
-1.3578323655950548,-1.5392291654146355,C2
-1.5870357280033371,-1.5533623287249003,C2
-1.4932244633933567,-1.5282093491489583,C2
-1.3405592181296822,-1.4067854365050199,C2
-1.3072411818452758,-1.38496788795284,C2
-1.5069604116823487,-1.499774624218159,C2
-1.3625102704874892,-1.4734178306306913,C2
-1.3114022249188302,-1.3555579703940868,C2
-1.3022477258322454,-1.304880372293619,C2
-1.474307475494989,-1.4531973146900516,C2
-1.3925449767853315,-1.42553676082732,C2
-1.29362364416031,-1.3067760587550548,C2
-1.224608028303388,-1.2992457124466004,C2
-1.4694161403548822,-1.4930204698274776,C2
-1.339608901597533,-1.4300870369936876,C2
-1.2563334785537872,-1.3539876926193346,C2
-1.122110574628516,-1.2939699370051427,C2
-1.3244049436132537,-1.4637635841039007,C2
-1.2206921724164141,-1.4158131957321682,C2
-1.2129648179737766,-1.351714545110827,C2
-1.0381993608083215,-1.2888840319721075,C2
-1.160459107031031,-1.377999436662358,C2
-1.1287774432402928,-1.3422249079961301,C2
-1.003838706631993,-1.2206442085705926,C2
-1.1605848073161065,-1.319987505442719,C2
-1.0400527842915015,-1.283349464369982,C2
-0.9527251326158205,-1.1619701515058138,C2
-1.1507034591652734,-1.3397029422731788,C2
-0.9531148091622899,-1.298529740581077,C2
-0.9125735429637145,-1.1620425839006323,C2
-2.127727153775795,-2.1707643364848592,C2
-2.059682778425782,-1.9607324412338747,C2
-1.9226320947158435,-1.868537485410832,C2
-1.774432286560529,-1.7767814340343908,C2
-2.101439355060288,-2.0521560271723356,C2
-1.8085489855351045,-1.8533827376358156,C2
-1.709742730605482,-1.7372892752336415,C2
-1.6203319659663462,-1.6349482678117981,C2
-1.8335698861567173,-2.002755212377196,C2
-1.6649434805609085,-1.7919658102640807,C2
-1.634137784597445,-1.661334836952085,C2
-1.5364055978129998,-1.5879865225271168,C2
-1.787013815263332,-1.9578464862775709,C2
-1.674689628288939,-1.7200224701845757,C2
-1.5931193299508752,-1.666809773100736,C2
-1.462936857218383,-1.550696238312062,C2
-1.5573634742177682,-1.5356143301772684,C2
-1.420788219768501,-1.3929438468862771,C2
-1.337242168318426,-1.2728331016159684,C2
-1.237471477553,-1.2331603898941452,C2
-1.4353339357479107,-1.506015965829889,C2
-1.3036436112666678,-1.3201877814927157,C2
-1.2654401784205238,-1.211974606034071,C2
-1.1520573611547764,-1.1422621885127098,C2
-1.4168012260313771,-1.4485668227541983,C2
-1.264960294966279,-1.2694729115959313,C2
-1.1886931599186639,-1.1546804364002032,C2
-1.1286022185125162,-1.1082016853540921,C2
-1.3740705072837054,-1.416371480553541,C2
-1.2074682380986925,-1.2372564878918992,C2
-1.1322379753497993,-1.1211121030993318,C2
-1.0214999306885408,-1.0777494975267357,C2
-1.205372555335492,-1.2401121932418382,C2
-1.1268538486717443,-1.1020234046830941,C2
-1.1620960554070576,-1.1897239886447042,C2
-1.0077116462029077,-0.9856986436321775,C2
-1.0476435226762093,-1.119475677382679,C2
-0.9956786262173574,-1.1082182968900334,C2
-3.860750782428393,-3.756410323738352,C2
-3.6693833327055616,-3.6087001062024253,C2
-3.784098186795968,-3.6803456567513284,C2
-3.728390698621168,-3.5545144184578934,C2
-3.5708939916673033,-3.562436142842314,C2
-3.8224635000701377,-3.7703896739136966,C2
-3.6192462291961,-3.6179836494469626,C2
-3.55783391421528,-3.5663296012434005,C2
-3.479647495916682,-3.497899433906404,C2
-3.82623117686335,-3.738197825701503,C2
-3.655804284128565,-3.591475916086179,C2
-3.506402550999473,-3.4760884398998284,C2
-3.3875340360468575,-3.410529786976496,C2
-4.057396751157843,-4.017396702609023,C2
-3.959397659885927,-3.9194592655378235,C2
-3.8706324042770146,-3.854982314162141,C2
-3.774949303861951,-3.7559658254143957,C2
-3.856985199745905,-3.854463296200238,C2
-3.784098186795968,-3.753481412480236,C2
-3.6591594501876683,-3.7113400727181802,C2
-3.7418418066592056,-3.6820816731674673,C2
-3.5240384108075764,-3.5688382888322905,C2
-4.199076818186782,-4.260657806727511,C2
-4.019678413991244,-4.049106747930368,C2
-3.95311480916229,-3.946716797500162,C2
-4.129713171007409,-4.092585797700768,C2
-4.001958735636571,-3.997030534922401,C2
-3.9125735429637145,-3.917253481975681,C2
-3.821886747685368,-3.8654193467845808,C2
-4.116679321617025,-4.07133581954144,C2
-3.9240882385172227,-3.9184043258583126,C2
-3.811915626285062,-3.8626721452857433,C2
-3.960982678002588,-3.9544807477147836,C2
-3.7351821769904636,-3.803768535805911,C2
-4.240256632402275,-4.179878860026273,C2
-4.123435786016154,-4.121653142374411,C2
-4.255628772668139,-4.2218704733652554,C2
-4.175483671992791,-4.120454659339168,C2
-4.113847818029203,-4.073259730302727,C2
-4.221053272031384,-4.248377493274995,C2
-4.14563322195913,-4.1152616609975725,C2
-4.0562088010706985,-4.061063873387836,C2
-4.1279603320267135,-4.1586702585959765,C2
-4.110306208555815,-4.0589836569932,C2
-3.9863203027088074,-3.980838633581874,C2
-4.404283380056576,-4.39061055412114,C2
-4.292004253577071,-4.342198824166664,C2
-4.2359733923079625,-4.273680542757614,C2
-4.269621531412357,-4.322061783230203,C2
-4.103363569470416,-4.108634058100763,C2
-4.115148017254002,-4.112375925624633,C2
-4.058389197846366,-4.0418251504087115,C2
-4.261219441515631,-4.285291627702191,C2
-4.113622093241428,-4.129386601757207,C2
-4.014034921695129,-4.050092119667119,C2
-4.551448260798422,-4.591741745499695,C2
-4.390619055749293,-4.402469792116668,C2
-4.353008462522878,-4.334124533357724,C2
-4.190777078310578,-4.211785162398545,C2
-4.2644011003018205,-4.252377016512085,C2
-4.154034238454516,-4.2061518744413355,C2
-4.095771483659922,-4.126469525167181,C2
-4.324680016660708,-4.359581405276374,C2
-4.07852161962431,-4.137375214988297,C2
-4.563519304990505,-4.594309184965305,C2
-4.505845405981558,-4.5862420684676195,C2
-4.452594540332511,-4.4655243935190585,C2
-4.354872600741609,-4.476170760738347,C2
-4.475863623407432,-4.5419101195330285,C2
-4.404283380056576,-4.441500137382505,C2
-4.348334396077065,-4.331745871980216,C2
-4.286509456906058,-4.325767106752227,C2
-4.532836034030909,-4.5021101619433725,C2
-4.293282217663242,-4.297915759785386,C2
-4.187153463032929,-4.243637413823287,C2
-4.44057220024051,-4.455880372774737,C2
-4.267204301710671,-4.313027738946919,C2
-4.216024996587329,-4.211699517475545,C2
-4.113734940970243,-4.17093331390468,C2
-4.637894680706227,-4.610228345404181,C2
-4.481486060122113,-4.55392755855472,C2
-4.505011026316832,-4.491433545966025,C2
-4.403952992454561,-4.384298098471353,C2
-4.557050130422138,-4.572481283281563,C2
-4.448062304635163,-4.450438913229542,C2
-4.33301428167034,-4.356447927430911,C2
-4.505706231334667,-4.529958556427392,C2
-4.385524633909605,-4.412042640913623,C2
-4.344093581819785,-4.369273405692988,C2
-4.277942228668536,-4.319137923934996,C2
-4.440093374963888,-4.457420875712361,C2
-4.332453660488484,-4.306457878071132,C2
-4.266642212074415,-4.291020689496848,C2
-4.337053385667375,-4.352095229345227,C2
-4.191046700844089,-4.255495020805959,C2
-4.08873582900163,-4.110328236158001,C2
-4.2575891194195075,-4.2900710916234726,C2
-4.104853810624008,-4.154579531865606,C2
-4.059682778425782,-4.101700832825622,C2
-3.979224511806442,-4.029380997039223,C2
-4.171791385532055,-4.198766213502134,C2
-4.025120026993069,-4.0959748957474185,C2
-3.987584625237567,-4.020826949351992,C2
-3.9090369234042686,-3.9326737705849677,C2
-4.559248299520815,-4.6289832944951295,C2
-4.4566770993530875,-4.454361627020488,C2
-4.421246215573565,-4.402744495880518,C2
-4.3623101808815985,-4.3490367220430395,C2
-4.429340329978466,-4.408798558820243,C2
-4.321299565001696,-4.35007766980171,C2
-4.280917426098514,-4.27207562026292,C2
-4.204467557289846,-4.256406345035637,C2
-4.41873319472633,-4.352402828667155,C2
-4.2155966982469915,-4.260041766197991,C2
-4.155212281172154,-4.171234912749138,C2
-4.101933339358365,-4.1815819107538905,C2
-4.324038450357831,-4.274288568270633,C2
-4.194907121657327,-4.215346118878665,C2
-4.088203409562748,-4.1236005995192615,C2
-4.032779740217032,-4.115030833453996,C2
-4.615825861192967,-4.5337585453788,C2
-4.641684359917805,-4.479198011602992,C2
-4.576262750017671,-4.513874258448292,C2
-4.644165504115064,-4.460368767841666,C2
-4.564633493387339,-4.512986906229797,C2
-4.503485481302255,-4.414502195452944,C2
-4.4445427827953505,-4.423665354374531,C2
-4.461049437985639,-4.3700241942201465,C2
-4.527097348196336,-4.554854916195393,C2
-4.455931955649724,-4.419840901221987,C2
-4.406049704736013,-4.351519177528782,C2
-4.353498249968388,-4.308185328218963,C2
-4.424927674286187,-4.472618005990355,C2
-4.3628105778512385,-4.361279530872987,C2
-4.309006967900131,-4.2880201986105995,C2
-4.216954427885307,-4.243570629147267,C2
-4.61261017366127,-4.447993790124162,C2
-4.560036064079095,-4.47253644446665,C2
-4.496481687275925,-4.463888649500231,C2
-4.531948208545763,-4.539033359826553,C2
-4.556893543262734,-4.520273486440631,C2
-4.5699249444480605,-4.504247566540353,C2
-4.492683959923586,-4.47096387850995,C2
-4.565431095965801,-4.543231405446861,C2
-4.4766437933452075,-4.488319939497242,C2
-4.453951133598266,-4.417950988294268,C2
-4.527682453683158,-4.545564562262478,C2
-4.549442990581671,-4.535546713397874,C2
-4.552997101533838,-4.488105740049301,C2
-4.465593100862123,-4.422420985132638,C2
-4.423313194799005,-4.419514894768961,C2
-4.442974277613617,-4.368685590055689,C2
-4.428757149439776,-4.369859030335714,C2
-4.350470434052181,-4.361300649991729,C2
-4.335922409814925,-4.3898045714727,C2
-4.312738653756494,-4.351522308292549,C2
-4.217312431765033,-4.277020739747242,C2
-4.223516744166319,-4.178140715008251,C2
-4.211973115904196,-4.0979149155444725,C2
-4.090443970758825,-4.0401510136712,C2
-4.063285241788797,-4.05017326982303,C2
-4.140201452519435,-4.244687289656769,C2
-3.9965394678904937,-4.153966819739181,C2
-3.922268820347608,-4.1759532994020905,C2
-3.927750102386485,-4.145335585016776,C2
-3.8972233851165585,-4.101749170079563,C2
-4.097018600202497,-4.043745787819357,C2
-3.920095532333279,-3.9687240774626504,C2
-3.8535618647142256,-3.844483365802094,C2
-3.962175249411658,-3.942504140021495,C2
-3.811352704000283,-3.726658300973749,C2
-3.7961515362537654,-3.7794687720375184,C2
-3.838033383635925,-3.8508319233138937,C2
-4.270916242956388,-4.27588996912058,C2
-4.249029015562681,-4.221953281433838,C2
-4.153972324635621,-4.158308331808769,C2
-4.093287943057036,-4.185931543919774,C2
-4.107015449289284,-4.205070801893111,C2
-4.0672726326984705,-4.131074756300071,C2
-4.1220530483708115,-4.182268943648266,C2
-4.057694247104106,-4.113513947193799,C2
-4.036873558918096,-4.0791835079248395,C2
-4.0745847629157534,-4.06918946696989,C2
-3.96657624451305,-4.012044188095301,C2
-3.880414225038216,-4.016084976882618,C2
-4.0381993608083215,-4.03413953057646,C2
-3.955460239607589,-4.00687672790249,C2
-3.8910968723326866,-3.9603157114193737,C2
-3.8784401558124992,-3.929584487884577,C2
-4.022459294053466,-3.936520709502934,C2
-3.886056647693163,-3.931245277349847,C2
-3.8368386250229816,-3.8241710719970246,C2
-3.9480760839538935,-3.9656558653534915,C2
-3.8810742471742232,-3.8749365456075857,C2
-3.8173000966639576,-3.881078449841374,C2
-3.764471553092451,-3.8009383645628856,C2
-3.7767637268970025,-3.8335905404027693,C2
-3.7244583115986902,-3.715027548582179,C2
-3.636764195516306,-3.725044746998426,C2
-3.593459819566045,-3.658085138307603,C2
-3.5486741915104805,-3.6181038090755107,C2
-3.5700863022362457,-3.701519866052131,C2
-3.5130031115681772,-3.624708911479618,C2
-3.487449007095789,-3.6093972560117855,C2
-3.4652126413705084,-3.6273205193633196,C2
-3.4624327428473247,-3.5036961855016897,C2
-3.3239468753481285,-3.462770303543087,C2
-3.4719836588107986,-3.5865179088183803,C2
-3.430626090384954,-3.446747512845013,C2
-3.335640125448859,-3.3735436889287986,C2
-3.3881705205016264,-3.420096234359143,C2
-3.2943073034622965,-3.3064960255340257,C2
-3.375511637486551,-3.3943926266790085,C2
-3.335922409814925,-3.3333733008462176,C2
-2.125576169413498,-2.0683142771224046,C3
-2.077067043444788,-2.027029641595487,C3
-2.0565549509749697,-1.9564659825484598,C3
-1.9496202437385421,-1.9609692702500363,C3
-2.0318907988718022,-2.0251201999651043,C3
-1.9888526392242025,-1.9793897486025793,C3
-1.9396799713117148,-1.9492848847275595,C3
-1.9030899869919435,-1.9382712691607455,C3
-1.988429556402722,-2.078855509428886,C3
-1.9051796196452002,-2.0447652932642715,C3
-1.8401321529074333,-2.005448912173179,C3
-1.8850555842874153,-2.00766295132962,C3
-1.922268820347608,-2.0661798033622287,C3
-1.9150664250632838,-2.037621820502925,C3
-1.8233300673318504,-1.9895996555768325,C3
-1.7629592086208092,-1.9926274343417567,C3
-2.4877159367181463,-2.5084103741573003,C3
-2.437469231137739,-2.511207486516786,C3
-2.3950183703925685,-2.4483965627623645,C3
-2.3902988976206005,-2.4509151803255316,C3
-2.4081565887752157,-2.4634662000052376,C3
-2.329754146925876,-2.4646289456234,C3
-2.2632848663943888,-2.4208315662445785,C3
-2.3427528701162834,-2.4316915950103226,C3
-2.3183970012691315,-2.4329360310058092,C3
-2.3270713095572777,-2.4369432848904466,C3
-2.292004253577071,-2.4028202571610935,C3
-2.20859008433284,-2.4295194222845056,C3
-2.2258481410452897,-2.415811080925564,C3
-2.273354279759088,-2.42429082819781,C3
-2.2170975940253554,-2.3795667297617045,C3
-2.1821042428382045,-2.3991693173660087,C3
-2.665747357665769,-2.8495015269754185,C3
-2.696803942579511,-2.8701187034864826,C3
-2.6796459671823283,-2.829770235215648,C3
-2.573163546196492,-2.8388466939009516,C3
-2.5385014732169813,-2.8332241972382297,C3
-2.606073993414163,-2.8460896410238186,C3
-2.62015082123717,-2.8231830484446925,C3
-2.5671909949668317,-2.8292596444401803,C3
-2.628562682595899,-2.8337293650707456,C3
-2.5907433479610904,-2.847141129372827,C3
-2.57577192930402,-2.833077597192438,C3
-2.5130031115681772,-2.851630246949556,C3
-2.5628839069519214,-2.82185841309286,C3
-2.545307550760523,-2.8462397254111873,C3
-2.475084852460133,-2.813664986276862,C3
-2.4636941276489663,-2.8316560600106775,C3
-2.6591594501876683,-3.1637228187373676,C3
-2.768020973168496,-3.1607512427520947,C3
-2.672028376376989,-3.1018609681542797,C3
-2.6910089709998357,-3.115812599184817,C3
-2.7579557606304492,-3.1332661491565124,C3
-2.7637147225519714,-3.120931275171926,C3
-2.8434508486682186,-3.075391813907496,C3
-2.8833922560117515,-3.0874414964292796,C3
-2.8658228924232336,-3.1657884095797364,C3
-2.8392314381388717,-3.149340792607228,C3
-2.7864822430036953,-3.103702677351828,C3
-2.802168306671097,-3.1292581207589496,C3
-3.253988892248074,-3.066228081459305,C3
-3.1513183459760494,-3.112783835099716,C3
-3.1566426215620442,-3.004672786024395,C3
-3.0990323760808756,-3.008290589020356,C3
-3.118273064623582,-3.0707055183086407,C3
-3.0692037370167,-2.95671274713292,C3
-3.039481657219292,-2.94754975027152,C3
-2.996970529446382,-2.9686049515246835,C3
-2.9956786262173574,-3.0539288629122527,C3
-2.9051796196452,-2.913147258617374,C3
-2.9125735429637145,-2.92895350421859,C3
-3.0078000702044148,-2.953608543361915,C3
-2.9292235371565654,-3.0283508116830267,C3
-2.8041003475907664,-2.8950575186288767,C3
-2.828273546346769,-2.904355080751712,C3
-3.703334809738469,-3.543911125090431,C3
-3.662540738709344,-3.5358076887196264,C3
-3.5652714582202423,-3.5044091053722153,C3
-3.5205686628022637,-3.475999480831253,C3
-3.5636782998602667,-3.5181655051158516,C3
-3.5238932831598087,-3.4998056304681593,C3
-3.494985759915893,-3.464998095220469,C3
-3.463820467862775,-3.4395547996443483,C3
-3.5422694517540014,-3.4445107217869544,C3
-3.4560560575170935,-3.4357283005564905,C3
-3.359518563029578,-3.4078105038236135,C3
-3.354577730650908,-3.3949338534657354,C3
-3.480697150764571,-3.4304524377773182,C3
-3.4981195062449415,-3.4226763435770082,C3
-3.3584267468218245,-3.385317193034758,C3
-3.3287345670528414,-3.3723097942201488,C3
-3.8161609629435786,-3.7794575853873402,C3
-3.8161609629435786,-3.7170818154064955,C3
-3.624153563690844,-3.6388148635023336,C3
-3.6579723119125283,-3.604609665245332,C3
-3.7503125721946984,-3.70962914157588,C3
-3.6435916729610187,-3.648544531910172,C3
-3.6008456660417836,-3.5892104298436402,C3
-3.5927791070726034,-3.549440767928255,C3
-3.749092300299144,-3.6433960198682676,C3
-3.655214877367339,-3.587655447908221,C3
-3.605023280445436,-3.529361167278875,C3
-3.553462832926356,-3.501813105069485,C3
-3.6955094722265125,-3.621498158031408,C3
-3.595850750790305,-3.5619397667069483,C3
-3.549289121853081,-3.5021289382841583,C3
-3.5069604116823485,-3.47305858276513,C3
-4.044937930324968,-3.864146686312413,C3
-4.0228710994193175,-3.8243731058128634,C3
-3.996970529446382,-3.7353290806065953,C3
-3.9570309266068198,-3.711644269367245,C3
-4.095771483659922,-3.8018853209724095,C3
-3.9943905546397196,-3.761201325468579,C3
-3.9450041384708583,-3.692296710568729,C3
-3.938170692705301,-3.6648044101584696,C3
-4.018181392829336,-3.7567650324519897,C3
-3.8046539416515803,-3.7209404744958587,C3
-3.792904459580782,-3.643787864506436,C3
-3.819587367161676,-3.6310498174967805,C3
-3.90622821850127,-3.7250225225837053,C3
-3.831797253157369,-3.6937658786086276,C3
-3.7584535194034516,-3.616227737864963,C3
-3.6834006979061393,-3.5991067245900448,C3
-3.1099704138365833,-3.0276309345737906,C3
-3.0413883422351207,-3.0794463076917635,C3
-2.9546770212133424,-2.9786780304224885,C3
-2.9442395353122652,-2.984741093816795,C3
-3.0536951450065253,-2.977941297498156,C3
-2.943857737940948,-3.032029724455125,C3
-2.915066425063284,-2.939236076195201,C3
-2.9329291439546297,-2.932146638971621,C3
-2.96617430604669,-2.935399006467098,C3
-2.927750102386485,-3.0019146765704003,C3
-2.8810742471742232,-2.901005605961433,C3
-2.84103473961659,-2.906165106431374,C3
-2.9125735429637145,-2.911284665281137,C3
-2.9292235371565654,-2.9752362614815557,C3
-2.84103473961659,-2.876149574040754,C3
-2.846185135655471,-2.868761208704749,C3
-3.4229680143739687,-3.315080420765415,C3
-3.3851027839668655,-3.324144370557533,C3
-3.2829955929594528,-3.2584678963655627,C3
-3.19777376230893,-3.2734409332179717,C3
-3.3284569147374263,-3.2599726740392367,C3
-3.217240807376003,-3.2705256958151354,C3
-3.1951112553776087,-3.2025041713007054,C3
-3.1508263669011733,-3.2114792467686,C3
-3.2173124317650337,-3.177592010303476,C3
-3.2028710122034476,-3.1848100296341864,C3
-3.1247650535498352,-3.1260047550157286,C3
-3.1269120144097142,-3.1468760155062423,C3
-3.210701388840559,-3.1734624570663823,C3
-3.1262145391817993,-3.170893544871555,C3
-3.0902835467656553,-3.108013399145958,C3
-3.0726296369609765,-3.122251453672577,C3
-3.6734593314834383,-3.718706762349049,C3
-3.6540384581868586,-3.666258552506642,C3
-3.622329560665677,-3.6134155202104425,C3
-3.59773861754532,-3.5639181378922866,C3
-3.6959405337824007,-3.6497123733445402,C3
-3.6430185990068686,-3.6134997275114284,C3
-3.5953372991262778,-3.5646915930199086,C3
-3.560983271612487,-3.510834088360508,C3
-3.5654310959658013,-3.565406236959683,C3
-3.491201034596095,-3.529066719285756,C3
-3.4658469258149376,-3.484246650692653,C3
-3.4582959767157115,-3.4459169945126544,C3
-3.5885486578620625,-3.5502070572610447,C3
-3.5269511949114625,-3.5101673202162216,C3
-3.493765640387874,-3.461395149889459,C3
-3.4321505494268933,-3.4282463334402538,C3
-3.983802646487561,-3.9307482123002977,C3
-4.1258081953209285,-3.8757630075466047,C3
-4.080869586139386,-3.8335452612007783,C3
-4.0266873795470985,-3.774717025790685,C3
-4.142607189079099,-3.894270691987642,C3
-4.0189973100586,-3.835030348242924,C3
-4.0082867242869105,-3.807143417929823,C3
-3.9657727392294495,-3.749678442532228,C3
-4.057396751157843,-3.884678751888686,C3
-4.00572685102683,-3.8362970249161807,C3
-3.95311480916229,-3.810064422696711,C3
-3.8910968723326866,-3.7569559871125255,C3
-4.029653123769907,-3.8486590747557554,C3
-3.9321854888381598,-3.80777279435272,C3
-3.8784401558124992,-3.776293894403085,C3
-3.883060353449244,-3.7166770299436114,C3
-3.182632983712406,-3.045621780530583,C3
-3.045468057373086,-3.0448112170312913,C3
-3.0040578370074495,-2.9480369128093744,C3
-2.9415739755429944,-2.9484047087511946,C3
-3.050122295963125,-2.9985523618232106,C3
-2.9961088337630897,-2.9975351237038175,C3
-2.893129455521346,-2.892190878017083,C3
-2.9208187539523753,-2.8857164035647345,C3
-3.00056495012367,-2.9191578248358074,C3
-2.949620243738542,-2.935517860466963,C3
-2.8941493256148565,-2.8086598489061356,C3
-2.8728952016351923,-2.8153028093521755,C3
-2.9419537696047184,-2.9141061128860692,C3
-2.890759031411797,-2.926471235225925,C3
-2.8642314854321778,-2.8067562614554813,C3
-2.803547458296611,-2.8090092235533737,C3
-3.594653639824291,-3.5378776406971304,C3
-3.52071268352383,-3.4979947551970305,C3
-3.519418213170831,-3.457014665189972,C3
-3.4340341825533334,-3.420117215700295,C3
-3.5341711846425636,-3.5019539960791315,C3
-3.505567101273601,-3.4518013798248846,C3
-3.418961051227833,-3.411066523244044,C3
-3.3774751375964316,-3.376226959841217,C3
-3.4508740732418888,-3.4187937516830633,C3
-3.385946894012781,-3.371359156867495,C3
-3.3373365904259624,-3.3374063478044396,C3
-3.2752327543536897,-3.3096130151486145,C3
-3.411056357259985,-3.398930846331383,C3
-3.327255801693401,-3.3569797733956284,C3
-3.27083521030723,-3.317171882491014,C3
-3.239502124773473,-3.2883657563265114,C3
-4.017819254403597,-3.774907191655307,C3
-3.9796387173522922,-3.71487321827969,C3
-3.8863908489269723,-3.6354007520067486,C3
-3.838033383635925,-3.6114608745150103,C3
-4.034751249032879,-3.7113638731322056,C3
-3.8434508486682186,-3.6449696685550492,C3
-3.7654827164873135,-3.586013785729915,C3
-3.8227521637443767,-3.5610718502287226,C3
-3.812761380168521,-3.648490133454067,C3
-3.760450279159527,-3.5906372711680046,C3
-3.677160727313679,-3.535049504543372,C3
-3.6445484798734826,-3.5150517973672137,C3
-3.795066477645855,-3.6203471089073114,C3
-3.733768303310107,-3.571648291713768,C3
-3.625434939277235,-3.5114497869849117,C3
-3.6057234732321786,-3.4867971676636524,C3
-4.22657927670939,-3.9507033468936754,C3
-4.274741933640039,-3.8919279606272044,C3
-4.239879214735432,-3.820266049914656,C3
-4.158265221025257,-3.7805858807742014,C3
-4.215097550113345,-3.8944680232762576,C3
-4.21645371772965,-3.8203923076531434,C3
-4.10768273927752,-3.775811138251164,C3
-4.070223567195098,-3.726771422252208,C3
-4.180061430644605,-3.8386057657469754,C3
-4.117874080229968,-3.7850942257507305,C3
-4.0496838360754,-3.7251038793457103,C3
-4.016463918397007,-3.6953193793640655,C3
-4.128719027142027,-3.7918300493635626,C3
-4.03240522732811,-3.7441882812864717,C3
-4.005023326350309,-3.6888276446439714,C3
-3.938170692705301,-3.657788871100626,C3
-4.439495584804943,-4.666690306631849,C3
-4.479909671887158,-4.607086225244184,C3
-4.419759491734624,-4.530245791431433,C3
-4.44502654166676,-4.53183798363085,C3
-4.431329021990103,-4.579711467024331,C3
-4.394264106123253,-4.556628521281728,C3
-4.743282254022513,-4.4626663431409925,C3
-4.562407967746038,-4.493752588142039,C3
-4.635449004646028,-4.457339664480501,C3
-4.613144470815276,-4.402071025396007,C3
-4.685922008220787,-4.417444834956873,C3
-4.573326111978627,-4.463965102735698,C3
-4.654430243943608,-4.411606841244188,C3
-4.608535588160897,-4.4610583259802885,C3
-4.5747919488613435,-4.3784155714445285,C3
-4.584359020103846,-4.2873273510901475,C3
-4.526221165353276,-4.267745356398437,C3
-4.522444667801019,-4.355401899098072,C3
-4.50251746263263,-4.310719809457123,C3
-4.513427849481643,-4.258846847887546,C3
-4.485186705000714,-4.2193838730423465,C3
-4.459920911195828,-4.253309933022339,C3
-4.517698232776557,-4.215461226307241,C3
-4.376130731649698,-4.169097987193686,C3
-4.383629527708731,-4.162094404722126,C3
-4.437826136635351,-4.243883538984581,C3
-4.44502654166676,-4.189432837583966,C3
-4.425505731714672,-4.148276395322866,C3
-4.376130731649698,-4.132068133286735,C3
-4.488250288655017,-4.347680080511914,C3
-4.334606649720288,-4.27362388360784,C3
-4.4766437933452075,-4.191340263755288,C3
-4.399027104313252,-4.148399229934936,C3
-4.3879582553547305,-4.270819586555242,C3
-4.253988892248074,-4.224423585463667,C3
-4.219610671529047,-4.181961591497147,C3
-4.3174939140609885,-4.113118498647836,C3
-4.346980548900387,-4.244706049373548,C3
-4.20017716900668,-4.201321547252571,C3
-4.1913164908710305,-4.139910561372602,C3
-4.164055899906152,-4.0593405014830655,C3
-4.24542234395527,-4.2236493928228,C3
-4.218819279062738,-4.165519979534238,C3
-4.176786686717333,-4.118999942029699,C3
-4.088895682195964,-4.054384657040178,C3
-4.42458120878564,-4.124636935940417,C3
-4.22863302914222,-4.0335395475713645,C3
-4.180587688790675,-3.940008755049393,C3
-4.129362036789194,-3.898720797863281,C3
-4.184754408083437,-4.048432870403719,C3
-4.067983093565799,-3.976680779515569,C3
-4.023879381700184,-3.9226511842305394,C3
-3.9706162223147903,-3.8686523319628385,C3
-3.9734667354767033,-3.9725790251197886,C3
-3.946537395074545,-3.9099422423035968,C3
-3.9072793553159006,-3.8557646049488716,C3
-3.8065970969375824,-3.807837957642365,C3
-3.982549270489464,-3.9605497439808643,C3
-3.9370421659154897,-3.8993515161196144,C3
-3.85325198636936,-3.846956016210107,C3
-3.7859513205880586,-3.7938944806624018,C3
-4.484656106911619,-4.4768240676862,C3
-4.573976984310124,-4.497093931204568,C3
-4.551139154392559,-4.346406783801348,C3
-4.606424796730413,-4.336114194638795,C3
-4.674484336636852,-4.429455508197687,C3
-4.632830511465319,-4.450242156103254,C3
-4.656394491895829,-4.313135794334846,C3
-4.554084586048877,-4.297132509272852,C3
-4.565750547603525,-4.288149692915311,C3
-4.579219380451435,-4.372648620835987,C3
-4.545307550760523,-4.21726762393032,C3
-4.518127589689336,-4.250871233485608,C3
-4.581036169296377,-4.270265587703773,C3
-4.516270100999976,-4.322751654252378,C3
-4.475733731233022,-4.212701637788196,C3
-4.425043224235493,-4.213445264367704,C3
-4.556424120249742,-4.1318669000733586,C3
-4.409269594207309,-4.07194053299543,C3
-4.340654364253823,-3.9918667526818434,C3
-4.37509939779551,-3.9599414791579997,C3
-4.351249787301981,-4.066979516612916,C3
-4.326426203576949,-4.030156794497084,C3
-4.346208812612188,-3.964947199757055,C3
-4.277366077466188,-3.930292237350569,C3
-4.115261262230368,-3.9788271894179967,C3
-4.032592443402527,-3.9540895976341885,C3
-3.9935339577507682,-3.8927331865100183,C3
-3.97798426018228,-3.8688147130183226,C3
-4.032498825277159,-3.9775995478955077,C3
-4.084336396494227,-3.941980390122462,C3
-3.9336740746379624,-3.8803466746705526,C3
-4.034234035817314,-3.84059032732668,C3
-4.011530229790124,-4.00493198275489,C3
-3.9527251326158206,-3.9098076563546518,C3
-3.975514332300833,-3.8645007846638917,C3
-3.904830648568245,-3.7876189177859634,C3
-3.9775716288145135,-3.9522261110305026,C3
-3.9389246763702084,-3.8737391074815846,C3
-3.9292235371565654,-3.850971585960564,C3
-3.8181564120552274,-3.761050302327684,C3
-3.9193735130781944,-3.9208581344897837,C3
-3.9248181453813085,-3.8382534197653713,C3
-3.88706002391592,-3.8234715618684363,C3
-3.862645888629267,-3.709409225351062,C3
-3.9006647223140423,-3.900063068952429,C3
-3.837435593476981,-3.814555603332009,C3
-3.8613815661005075,-3.7824172391127044,C3
-3.856985199745905,-3.6769553521006686,C3
-3.5914208745913325,-3.486395167714184,C3
-3.669180533504163,-3.3073978119238303,C3
-3.7587026128900067,-3.2508810470921343,C3
-3.5503673495299255,-3.391116948564001,C3
-3.518700726667144,-3.334319976717228,C3
-3.5380515047962384,-3.267324425997216,C3
-3.439973751087108,-3.187885375941065,C3
-3.546528766277064,-3.2785229469814503,C3
-3.5250556645346123,-3.2183037211994434,C3
-3.3411304077980377,-3.132033527621978,C3
-3.384260311380845,-3.0846263187743244,C3
-3.5922692719736644,-3.2962440726488507,C3
-3.528561592610701,-3.220189921113293,C3
-3.443938840990467,-3.131484412097421,C3
-3.452225294612177,-3.069015185741105,C3
-4.262012673666569,-4.08308192319106,C3
-4.084758502693806,-3.9955482360074446,C3
-4.035598928837269,-3.9189986479256476,C3
-4.131355561605174,-3.8436815287439097,C3
-4.21645371772965,-4.037605938120155,C3
-4.079824477989977,-3.925583661783791,C3
-3.9125735429637145,-3.8817221972710723,C3
-3.7991495019089223,-3.801519602545595,C3
-4.028863370523194,-3.994457174039281,C3
-3.9226320947158433,-3.866769602645831,C3
-3.799696817018415,-3.812407225246389,C3
-3.6888821573374946,-3.7242388976490726,C3
-4.0165992618194615,-3.968028768604605,C3
-3.855737226238009,-3.8500419548006852,C3
-3.7260732198994746,-3.7933663272830254,C3
-3.6718243385616773,-3.7127066241838693,C3
-4.364315237452778,-4.247848876015693,C3
-3.9318141382538383,-4.119678178826972,C3
-3.9617773616312815,-4.070014006286937,C3
-3.8013429130455774,-3.9906121065308566,C3
-4.213603538627695,-4.225150622275662,C3
-3.9850596502070634,-4.079880574645059,C3
-3.838332587562264,-4.050885175897618,C3
-3.725611204449621,-3.963518194971984,C3
-4.116452120731957,-4.202350464997992,C3
-4.07727454200674,-4.018683218821685,C3
-3.923723744595782,-3.9984018436233697,C3
-3.8610660597430764,-3.912218484449935,C3
-4.0636370804022555,-4.168336845658701,C3
-4.015382686763251,-3.9996845604590177,C3
-3.8591778198906894,-3.9734557038265437,C3
-3.8096683018297086,-3.8925495185928334,C3
-4.3971806575673,-4.3524399535184495,C3
-4.366430557445908,-4.298294033173803,C3
-4.322119418488409,-4.205409195740954,C3
-4.2658404867555335,-4.143692761983598,C3
-4.3644157336887694,-4.332205681135457,C3
-4.292259545726229,-4.269556283153283,C3
-4.222863287495827,-4.195116781124929,C3
-4.262568799485417,-4.1273413310621025,C3
-4.34332695411515,-4.327722893771955,C3
-4.249106079617874,-4.241758004136198,C3
-4.151318345976049,-4.1673306902353415,C3
-3.9850596502070634,-4.100529877949619,C3
-4.374893424596532,-4.293518043404747,C3
-4.263205245075639,-4.20997815264593,C3
-4.156455788054365,-4.1376494064852665,C3
-3.974284616098659,-4.075569029748249,C3
-4.755722879198157,-4.411489462581183,C3
-4.814741234703415,-4.387890645256125,C3
-4.758702612890007,-4.251099905263029,C3
-4.714442690992226,-4.200764745426235,C3
-4.676747899828313,-4.391908481621658,C3
-4.732124580681102,-4.358500743979295,C3
-4.527243550682788,-4.240433855885978,C3
-4.61852390972497,-4.181445380973697,C3
-4.641874714723351,-4.4039694291016,C3
-4.603451962012868,-4.3523153620745365,C3
-4.5320960534772,-4.217238237407417,C3
-4.389446294682905,-4.165159872125576,C3
-4.6252516539898965,-4.355177979769655,C3
-4.541966807503494,-4.3293086652098545,C3
-4.4605475084505395,-4.174511250385515,C3
-4.322940822607839,-4.120429818454836,C3
-2.060780364145182,-1.9253922700511243,C3
-2.0277045713888606,-1.8657143534741918,C3
-1.9637704559137055,-1.78335476412025,C3
-1.959793372425289,-1.7852037579803621,C3
-2.0326860817129164,-1.858147783365103,C3
-1.9582126810282483,-1.7803753173742531,C3
-1.9017024635053024,-1.7702875053635427,C3
-1.8771290771355644,-1.7276508502046237,C3
-1.9796387173522922,-1.8311362796418278,C3
-1.91721462968355,-1.7638892482621382,C3
-1.873219422987991,-1.6965255629374025,C3
-1.8038238149600268,-1.6620417038595516,C3
-1.9273825234547635,-1.8325508791425815,C3
-1.8526328922062134,-1.776146530503926,C3
-1.7912899800935989,-1.6847369938725725,C3
-1.7662426370344895,-1.6542950996210282,C3
-2.358823453386886,-2.1857932557089423,C3
-2.4195312160489983,-2.1617671509716216,C3
-2.333107788933464,-2.100532767885038,C3
-2.3527148549746335,-2.096576019168599,C3
-2.3729415359990105,-2.136199747434572,C3
-2.2719710455794817,-2.113425298942628,C3
-2.282579163277625,-2.076218282081738,C3
-2.271402756616568,-2.0581162188587627,C3
-2.2934528973596424,-2.095041741515395,C3
-2.2444300193712,-2.0498857240179076,C3
-2.2309921290562262,-2.00509558116114,C3
-2.144541419613964,-1.9954954621399523,C3
-2.2572748686953017,-2.0825970124515325,C3
-2.2041199826559246,-2.0376878797708855,C3
-2.180916924256297,-1.989569858813679,C3
-2.143029566517508,-1.9575024343799061,C3
-2.515415470717157,-2.5101445996037124,C3
-2.4195312160489983,-2.5021255132783335,C3
-2.6790233226571765,-2.4417822990650837,C3
-2.4920092751803087,-2.4089044888090214,C3
-2.549289121853081,-2.457416916168156,C3
-2.534022631714177,-2.4446093333349896,C3
-2.540607512240769,-2.4066264078520803,C3
-2.5168407902830205,-2.388036208964118,C3
-2.5265130299354315,-2.4440698099054563,C3
-2.5466816599529625,-2.410176684093691,C3
-2.497163361378997,-2.3797483918118227,C3
-2.47456644657118,-2.3458491367240972,C3
-2.4452686233240333,-2.4207907090150758,C3
-2.3965308402661614,-2.380055568901238,C3
-2.378927628856374,-2.345930136768406,C3
-2.3955579337392767,-2.31192259444311,C3
-2.822175028135318,-2.820599011996978,C3
-2.872571222148401,-2.8235178239809193,C3
-2.7888794587419508,-2.7821096118343642,C3
-2.7822529267372063,-2.782005714765104,C3
-2.8049310035314097,-2.8057340377881417,C3
-2.8239087409443187,-2.7804608059120115,C3
-2.82333006733185,-2.771818904539339,C3
-2.815024809301739,-2.76541376808059,C3
-2.7899491501248628,-2.781012201030764,C3
-2.7644715530924513,-2.73067011169596,C3
-2.762707662432541,-2.7412589421058713,C3
-2.7392133313450238,-2.7190724860324025,C3
-2.8038238149600265,-2.762232875430719,C3
-2.743041847439068,-2.7274658318202936,C3
-2.8329782042097436,-2.705274805955756,C3
-2.8049310035314097,-2.6866369974889195,C3
-1.4681380509041906,-1.419961011655657,C3
-1.1860189243635282,-1.2841779696249258,C3
-1.2980867887876562,-1.416131069113306,C3
-1.1197010085742474,-1.3201205064111015,C3
-1.071655364735138,-1.268158477682201,C3
-1.1391232035967023,-1.354971936618312,C3
-0.9574244875598095,-1.2529493207268576,C3
-1.1262726193533206,-1.3233251028167883,C3
-1.0285385949754133,-1.2075147443378127,C3
-1.0303511595192747,-1.1403805844202033,C3
-1.6560009309428387,-1.7147823322892617,C3
-1.5217221680803954,-1.6080594992394452,C3
-1.4355706730020166,-1.6175056817874893,C3
-1.2263598067399741,-1.6220486861637353,C3
-1.518270803039984,-1.6828988594637302,C3
-1.3683533370415806,-1.5624432910037838,C3
-1.2961070463674556,-1.5657944321158308,C3
-1.0617305165370887,-1.5610916186669455,C3
-1.466227941615282,-1.615173660694714,C3
-1.3558569494900812,-1.4748023663293968,C3
-1.276708553522416,-1.4698741358620935,C3
-1.114186625339511,-1.4534513135981386,C3
-1.412176828681045,-1.5802893754190637,C3
-1.2516568955124505,-1.4222349581815423,C3
-1.1222831991350233,-1.4189875910535799,C3
-1.0208159663255816,-1.4059292677994466,C3
-1.9488474775526188,-1.9583320889543152,C3
-1.889410289700751,-1.8556137932274992,C3
-1.8201610719768133,-1.897801965034653,C3
-1.7176044952574745,-1.9246341532648066,C3
-1.9093892921715934,-1.956734629098209,C3
-1.7728849174108747,-1.8672510887013383,C3
-1.7435227937583233,-1.898455989596225,C3
-1.6407338353932515,-1.9143196610348752,C3
-1.778846678045295,-1.9333607440819298,C3
-1.681310730052254,-1.7798122036190318,C3
-1.5900668766687054,-1.7775037362366257,C3
-1.559878396812196,-1.796368655990498,C3
-1.7088532382681143,-1.8689093905110012,C3
-1.6015391503917769,-1.7354445006533072,C3
-1.5379016188648442,-1.7125884338934863,C3
-1.484656106911619,-1.7220613711976172,C3
-2.2950777087765983,-2.089087568157093,C3
-2.2665619729089386,-2.0072349618424754,C3
-2.1975683735692764,-2.0625732514644675,C3
-2.144420277498282,-2.063476716843594,C3
-2.2095037230328907,-2.097036366217954,C3
-2.133949075990725,-2.0354340024773423,C3
-2.0926423918688273,-2.1037742497608143,C3
-2.047207556955908,-2.1061219629428005,C3
-2.134067331806814,-2.1028244767502375,C3
-2.0892689019566193,-2.01502887188166,C3
-2.0247060846437934,-2.008572042243861,C3
-1.9653715433746797,-1.9985239306561584,C3
-2.073657553374345,-2.0604304509225173,C3
-2.0180002858701216,-1.95772272916542,C3
-1.9469215565165803,-1.9533815046304104,C3
-1.8934691461776187,-1.938964199415975,C3
-4.2111955069553515,-4.055344043342272,C3
-4.082284483440507,-3.9387856049197603,C3
-4.031003673351687,-3.8172925222648075,C3
-4.118672415899448,-3.9768808087642626,C3
-4.035740369803151,-3.9089143502654653,C3
-4.001522696963494,-3.850608328102181,C3
-4.046095406586541,-3.792234361213776,C3
-4.09248115389337,-3.941852290903516,C3
-3.9500071430798576,-3.878879652584327,C3
-3.8820661649603587,-3.821335991624303,C3
-3.8579235389267152,-3.770610024480976,C3
-4.0323116495466875,-3.9222780721682935,C3
-3.95311480916229,-3.855147377315155,C3
-3.881735273910521,-3.784371494788581,C3
-3.977159389123472,-3.7288115263635015,C3
-3.8706324042770146,-3.8465132748353903,C3
-3.7349462114959855,-3.7470147165545153,C3
-3.5595632338942265,-3.6590529077311578,C3
-3.700057099977233,-3.6365537641413677,C3
-3.5605094096103165,-3.7718830677647626,C3
-3.5319482085457623,-3.7110558745445634,C3
-3.576754126063192,-3.6411609565517353,C3
-3.423658649794207,-3.61939407783477,C3
-3.6693833327055616,-3.7583144420921366,C3
-3.54515513999149,-3.7234212904548882,C3
-3.6546262694409117,-3.6228773780978702,C3
-3.6627404602497244,-3.725019482318911,C3
-3.602581457648652,-3.6788594099584153,C3
-3.609418121449565,-3.565647065907177,C3
-3.5764264802672643,-3.562604062681918,C3
-3.4082677610481644,-3.686540071823485,C3
-3.3091839420190845,-3.573528519371854,C3
-3.2264329510739413,-3.4563240792117544,C3
-3.0449860969619498,-3.395265692244425,C3
-3.5422694517540014,-3.6103675995780433,C3
-3.020633757603839,-3.5302104017768197,C3
-3.0525172634430815,-3.419125402000104,C3
-2.9492336887669577,-3.369037874443607,C3
-3.2982593675627876,-3.583204904891675,C3
-3.027426919073445,-3.541894587916459,C3
-3.0385789059335515,-3.3741475401430887,C3
-2.9411945133240933,-3.306556861406955,C3
-3.283913146225168,-3.5608823261913973,C3
-3.1066266697539753,-3.504437334151585,C3
-3.1197582241045194,-3.350147953220765,C3
-2.9601894458516496,-3.2937232166840267,C3
-3.014618439768003,-3.398337440461239,C3
-2.883060353449244,-3.3169002520807336,C3
-3.0373465951067886,-3.2350638901380195,C3
-2.85325198636936,-3.1735016344413522,C3
-2.981715691573469,-3.3151453667273736,C3
-2.753747687700678,-3.2849363857133853,C3
-3.0987051828344327,-3.2107667131238475,C3
-2.8820661649603587,-3.123070623656361,C3
-3.0042770780045345,-3.227397312562702,C3
-2.833866029694891,-3.235987059914013,C3
-2.6859220082207873,-3.133911135707369,C3
-2.795337488251781,-3.0623905676293544,C3
-3.094042300907573,-3.232867624882135,C3
-2.8404328067663798,-3.2208427404817392,C3
-2.7106340484799682,-3.119252698254818,C3
-2.7569619513137056,-3.049738563368564,C3
-1.2014184052714523,-1.3602033978221955,C3
-1.206419132631844,-1.4321079593621322,C3
-1.27083521030723,-1.4206095948110402,C3
-1.199489123105632,-1.3454218444572401,C3
-0.9251835593548252,-1.3898330447864329,C3
-0.9058784041594385,-1.1667381898481075,C3
-1.1086298253038518,-1.0421941995549835,C3
-0.9476909003526766,-0.9575165879314206,C3
-0.9370421659154897,-0.972269118930702,C3
-0.9044819576768491,-1.003857503611858,C3
-1.2582970160422602,-0.931490830161991,C3
-1.2579822528598616,-0.8610457963899182,C3
-1.7092977567121457,-1.5152075584636011,C3
-1.599807511407424,-1.4458885564473765,C3
-1.5550188879120552,-1.434879806059827,C3
-1.583858968831671,-1.3626153501772746,C3
-1.494036481981874,-1.4605611348362988,C3
-1.3130957304318227,-1.3608228774480224,C3
-1.188357978546849,-1.3363468449759939,C3
-1.193413065672197,-1.2548169352931493,C3
-1.393511149557352,-1.2692196108878218,C3
-1.2680085509810706,-1.1390032222781559,C3
-1.3872161432802645,-1.081719833111718,C3
-1.263284866394389,-1.0655492473601955,C3
-1.4975728800155672,-1.2316199171017101,C3
-1.3425616772970375,-1.1066386878296777,C3
-1.0698663541588824,-1.045282684539265,C3
-1.1177601519811766,-0.9945740366311598,C3
-1.935916564036404,-1.7637891855180359,C3
-1.8613815661005075,-1.6459921038767384,C3
-1.6777807052660807,-1.6134856020969555,C3
-1.7267671659569543,-1.5877284522957011,C3
-1.810790510417694,-1.7359114067503987,C3
-1.7223907856959089,-1.6289649603178427,C3
-1.6124322205828114,-1.5737654468121938,C3
-1.5747919488613438,-1.5260760156965432,C3
-1.7969671129852893,-1.6553701981255682,C3
-1.6029294500405913,-1.500382570462842,C3
-1.5077985486074603,-1.4216140080759445,C3
-1.5550188879120552,-1.3858905777245403,C3
-1.7258421507363202,-1.6294323071351906,C3
-1.5486741915104805,-1.4771834765688918,C3
-1.5068208793174847,-1.3988091388568056,C3
-1.47716468633947,-1.3452863559195791,C3
-2.3365817877473205,-2.053056955242016,C3
-2.234704070301943,-1.995671713760575,C3
-2.1712756728612086,-2.035777715743648,C3
-2.086822166009532,-1.9271901158559663,C3
-2.2967086218813386,-2.1026681053047844,C3
-2.1117081546434844,-2.0313843321240155,C3
-2.0919977988274465,-2.0356309026093276,C3
-2.0046280939718377,-1.926299489418722,C3
-2.304956341178706,-2.0567647447437656,C3
-2.09344948089855,-1.897402494416533,C3
-1.95116991347165,-1.8979752024124203,C3
-1.8683813356508745,-1.7988988445327225,C3
-2.2762160630346706,-2.0462349683487977,C3
-2.006255243445538,-1.869546286039442,C3
-1.9090369234042683,-1.8489034620548639,C3
-1.856985199745905,-1.736598113557885,C3
-2.4963454807570407,-1.8380302192408844,C3
-2.470569645633014,-1.7284145623346914,C3
-2.4837291172706597,-1.7176652748728238,C3
-2.4741780478433375,-1.6782106582804077,C3
-2.4001169279263124,-1.6386155649141536,C3
-2.4572990305518894,-1.6423443313732227,C3
-2.3926522232315866,-1.638410894566103,C3
-2.4106089768630667,-1.5488272286222806,C3
-2.281083313985139,-1.435807539910948,C3
-1.9613798380502971,-1.4343181615716951,C3
-2.3432312207339834,-1.619561007154527,C3
-1.9566377219788704,-1.5084515605616684,C3
-2.0449379303249677,-1.381985508917805,C3
-1.6665527255032495,-1.378041806208392,C3
-2.1865524557351788,-1.4783077998169434,C3
-1.709742730605482,-1.261840736913437,C3
-1.676747899828313,-1.2766895027321103,C3
-2.274823698580863,-1.2166573986434959,C3
-1.5012760292520952,-1.1927780222181108,C3
-1.4193030602875631,-1.0095706757540797,C3
-1.0154726866562074,-0.9383238520056645,C3
-1.5785606097799503,-0.9953659669421716,C3
-1.2398792147354325,-0.9265477929889046,C3
-0.9641701747471718,-0.9175067173622433,C3
-1.3797598101541686,-0.9098007431849113,C3
-1.1028129234198465,-0.837854040366586,C3
-0.9767475403662885,-0.8105338376151632,C3
-1.4538276316830574,-0.8368944751084179,C3
-1.093772736947641,-0.7649098452279742,C3
-0.8877302315827293,-0.747689934659949,C3
-4.796151536253765,-4.573269949769761,C3
-4.617802789622546,-4.353470396869917,C3
-4.519274621011513,-4.278352302656627,C3
-4.6129662987176365,-4.380788677472796,C3
-4.510604078272871,-4.3268443451374266,C3
-4.459920911195828,-4.252268231988721,C3
-4.6136794261059535,-4.46980776035982,C3
-4.554084586048877,-4.295107584910858,C3
-4.320208829019646,-4.201984634168115,C3
-4.355266072552808,-4.14282179252292,C3
-4.752026733638194,-4.412104779336117,C3
-4.6522797829659615,-4.454313561059478,C3
-4.597394758080085,-4.401373359277667,C3
-4.400116927926312,-4.331702910685278,C3
-4.554707230574028,-4.495303024674969,C3
-4.522734004575147,-4.343276406470919,C3
-4.493630282904496,-4.2747128781301695,C3
-4.4605475084505395,-4.228612626613418,C3
-4.717151397165355,-4.36083983615752,C3
-4.566710314804975,-4.363277115271037,C3
-4.741602195904491,-4.638581168232513,C3
-4.720789487398605,-4.591796498224649,C3
-4.856985199745905,-4.623864226582807,C3
-3.490797477668897,-3.4169502193006074,C3
-3.4365189146055894,-3.3834936250363663,C3
-3.3872161432802645,-3.3292044115497132,C3
-3.3535962737769305,-3.304591278379536,C3
-3.3306831194338877,-3.3337987546055206,C3
-3.2865094569060576,-3.3337987546055206,C3
-3.4609239012072233,-3.361866988342838,C3
-3.3914739664228057,-3.328209711709705,C3
-3.350665141287858,-3.2406144972584086,C3
-3.2958494831602008,-3.207678279785961,C3
-3.272458742971444,-3.254290587345812,C3
-3.2410881076020264,-3.254290587345812,C3
-3.384049948343599,-3.292061848555232,C3
-3.3106911408763797,-3.268349125555786,C3
-3.279840696594043,-3.1845021647782925,C3
-3.250263684430939,-3.1799409941305936,C3
-3.211124884224583,-3.2207852420444345,C3
-3.151810883008601,-3.2207852420444345,C3
-3.329754146925876,-3.2740034552162833,C3
-3.283996656365201,-3.253428810225668,C3
-3.211831628858832,-3.1689064906526077,C3
-3.196542884351586,-3.172524482595778,C3
-3.130181792020672,-3.2143067742586098,C3
-3.0819696632151197,-3.2143067742586098,C3
-3.2464169411070936,-3.2800523909411274,C3
-3.2313618987523856,-3.248082410612905,C3
-3.161150909262745,-3.150966698892639,C3
-3.0757207139381184,-3.1510460697811578,C3
-3.0777937225609837,-3.202715771130738,C3
-3.0443122496864943,-3.202715771130738,C3
-3.2636034977233574,-3.2800523909411274,C3
-3.166215625343521,-3.248082410612905,C3
-3.153044674980176,-3.150966698892639,C3
-3.099086932262331,-3.1510460697811578,C3
-3.05453141486818,-3.202715771130738,C3
-3.013676222949235,-3.202715771130738,C3
-3.5421181032660076,-3.503394508930928,C3
-3.5199930570428495,-3.4625064024327177,C3
-3.4881166390211256,-3.4159524035069957,C3
-3.4559319556497243,-3.395309617791835,C3
-3.4100503986742923,-3.4246975694347714,C3
-3.382999658879101,-3.4246975694347714,C3
-3.5199930570428495,-3.4347707651609336,C3
-3.496209316942819,-3.391026626673022,C3
-3.4685210829577446,-3.304967276434815,C3
-3.3615107430453626,-3.2651309727737945,C3
-3.337242168318426,-3.3171494572258498,C3
-3.2865094569060576,-3.3171494572258498,C3
-3.4365189146055894,-3.351933082511186,C3
-3.402304814074488,-3.3140025932436084,C3
-3.3142582613977365,-3.2626104508908993,C3
-3.2831622767004753,-3.2315204994077233,C3
-3.2636034977233574,-3.280120678771318,C3
-3.214670164989233,-3.280120678771318,C3
-3.393618634889395,-3.3321383921401178,C3
-3.3251388592621884,-3.296221951821959,C3
-3.3045183235098023,-3.2481891726742655,C3
-3.24184537803261,-3.220245768774274,C3
-3.214670164989233,-3.2710391592719192,C3
-3.1830961606243395,-3.2710391592719192,C3
-3.3726341434072675,-3.3391709305974495,C3
-3.3018994543766103,-3.291942393633891,C3
-3.2388241868442686,-3.2276891736891877,C3
-3.185086818724926,-3.2017696051647104,C3
-3.1745738822321767,-3.2585184599044443,C3
-3.1084625423274357,-3.2585184599044443,C3
-3.3288271572849166,-3.3391709305974495,C3
-3.2740883677049517,-3.291942393633891,C3
-3.2388241868442686,-3.2276891736891877,C3
-3.25649023527157,-3.2017696051647104,C3
-3.0920514783877278,-3.2585184599044443,C3
-3.1290111862394245,-3.2585184599044443,C3
-3.707743928643524,-3.603108668958144,C3
-3.614393726401688,-3.541161138082002,C3
-3.5783960731301687,-3.496533044923113,C3
-3.503070351926785,-3.4518798878059664,C3
-3.485452247339714,-3.4784450730734804,C3
-3.480172006224281,-3.4784450730734804,C3
-3.6439741428068775,-3.5702296507130704,C3
-3.5917600346881504,-3.490150148351116,C3
-3.517126416391246,-3.424377890498541,C3
-3.485452247339714,-3.3776402775944554,C3
-3.425968732272281,-3.422610201016557,C3
-3.369572124974976,-3.422610201016557,C3
-3.580044251510242,-3.5124801130211525,C3
-3.537602002101044,-3.4412190390256687,C3
-3.4710832997223453,-3.395673308834561,C3
-3.4111682744057927,-3.3528132071561143,C3
-3.3496924768680634,-3.3953915554734184,C3
-3.3410351573355648,-3.3953915554734184,C3
-3.5361070110140926,-3.491034413150088,C3
-3.45717457304082,-3.4293118930213997,C3
-3.42021640338319,-3.3883747898810315,C3
-3.3809066693732572,-3.345384483996874,C3
-3.343901797987168,-3.386162673292605,C3
-3.291579099865287,-3.386162673292605,C3
-3.4353339357479107,-3.474932983703437,C3
-3.370590400897281,-3.4176567187963953,C3
-3.317854923626168,-3.340695696484057,C3
-3.2494916051486538,-3.303192471716844,C3
-3.248720896016658,-3.354576081661137,C3
-3.1681302257194983,-3.354576081661137,C3
-3.447331783887807,-3.474932983703437,C3
-3.3419886033428874,-3.4176567187963953,C3
-3.3288271572849166,-3.340695696484057,C3
-3.266000713461613,-3.303192471716844,C3
-3.2218487496163566,-3.354576081661137,C3
-3.166215625343521,-3.354576081661137,C3
-3.7594507517174,-3.6439407342379844,C3
-3.707743928643524,-3.6153559685409697,C3
-3.6516951369518393,-3.573259173494866,C3
-3.614393726401688,-3.5136777853497234,C3
-3.58838029403677,-3.558698419804463,C3
-3.543633966870957,-3.558698419804463,C3
-3.7166987712964503,-3.614567471551505,C3
-3.6635402661514704,-3.537058605725148,C3
-3.6038006529042637,-3.4787770627566963,C3
-3.549750891680639,-3.437141042696574,C3
-3.5100415205751654,-3.500000131593077,C3
-3.4596705252091264,-3.500000131593077,C3
-3.6556077263148894,-3.5443250265438415,C3
-3.560667306169737,-3.4688927989660834,C3
-3.489454989793388,-3.4343394512249055,C3
-3.4559319556497243,-3.395713835637557,C3
-3.4225082001627745,-3.4598270096536923,C3
-3.3979400086720375,-3.4598270096536923,C3
-3.623423042943488,-3.52704761751151,C3
-3.5575202309355514,-3.4573439039448535,C3
-3.4596705252091264,-3.425757171581888,C3
-3.45717457304082,-3.388409965746322,C3
-3.369572124974976,-3.4503698085812795,C3
-3.33161408331,-3.4503698085812795,C3
-3.563837352959244,-3.4953069189691575,C3
-3.5100415205751654,-3.4383276773336204,C3
-3.441291429466834,-3.351552446883271,C3
-3.396855627379818,-3.2862923340311965,C3
-3.309803919971486,-3.3666943269328566,C3
-3.288192770958809,-3.3666943269328566,C3
-3.537602002101044,-3.4953069189691575,C3
-3.4788619162959638,-3.4383276773336204,C3
-3.39040559077478,-3.351552446883271,C3
-3.3233063903751336,-3.2862923340311965,C3
-3.288192770958809,-3.3666943269328566,C3
-3.282329496997738,-3.3666943269328566,C3
-3.8601209135987635,-3.8064194346661804,C3
-3.7904849854573692,-3.7586580340532114,C3
-3.774690718274137,-3.6884715503863426,C3
-3.6903698325741012,-3.624965254016095,C3
-3.6345120151091,-3.657702467467123,C3
-3.6345120151091,-3.657702467467123,C3
-3.835647144215563,-3.7325008773437984,C3
-3.75448733218585,-3.6509300789709953,C3
-3.692503962086787,-3.5851766536436838,C3
-3.638272163982407,-3.5377772271865164,C3
-3.6020599913279625,-3.5872094292605707,C3
-3.555955204081924,-3.5872094292605707,C3
-3.7399286120149253,-3.683999215513883,C3
-3.684029654543082,-3.5953334860249484,C3
-3.625251653989896,-3.543856915233809,C3
-3.5654310959658013,-3.4960861264256424,C3
-3.530177984021837,-3.5485868128246265,C3
-3.493494967595128,-3.5485868128246265,C3
-3.709965388637482,-3.6709253963237605,C3
-3.625251653989896,-3.5868253722540526,C3
-3.5346171485515816,-3.538101653367272,C3
-3.42021640338319,-3.488719621695228,C3
-3.473660722610156,-3.538575099499133,C3
-3.452225294612177,-3.538575099499133,C3
-3.6556077263148894,-3.6347353029100553,C3
-3.575118363368933,-3.5589013679209427,C3
-3.500312917381596,-3.4720881846407403,C3
-3.424812155072339,-3.4079926282081523,C3
-3.421360790031928,-3.4722444739585945,C3
-3.3736596326249577,-3.4722444739585945,C3
-3.640164517660112,-3.6347353029100553,C3
-3.5466816599529625,-3.5589013679209427,C3
-3.492144128304169,-3.4720881846407403,C3
-3.4436974992327127,-3.4079926282081523,C3
-3.3914739664228057,-3.4722444739585945,C3
-3.3306831194338877,-3.4722444739585945,C3
-3.9829666607012197,-3.855510339125335,C3
-3.962573502059376,-3.8007423427051665,C3
-3.889410289700751,-3.7060049607604952,C3
-3.8477116556169433,-3.663726904919844,C3
-3.7931741239681505,-3.6965839762071053,C3
-3.7569619513137056,-3.6965839762071053,C3
-3.9706162223147903,-3.759152516269982,C3
-3.8181564120552274,-3.684175967933926,C3
-3.7166987712964503,-3.6397519973016066,C3
-3.703334809738469,-3.600929471633859,C3
-3.7189666327522723,-3.6465196721102515,C3
-3.5686362358410126,-3.6465196721102515,C3
-3.9136401693252516,-3.724293078155454,C3
-3.7986028756795487,-3.636744901134884,C3
-3.749579997691106,-3.589453847730694,C3
-3.6675615400843946,-3.540071092921184,C3
-3.632644078973981,-3.5904688995615466,C3
-3.5917600346881504,-3.5904688995615466,C3
-3.869666231504994,-3.716881833762909,C3
-3.7399286120149253,-3.630678214043918,C3
-3.72584215073632,-3.58301447136018,C3
-3.6345120151091,-3.530485370839598,C3
-3.5900668766687054,-3.5779624700209207,C3
-3.5466816599529625,-3.5779624700209207,C3
-3.795880017344075,-3.6667575647155597,C3
-3.709965388637482,-3.595639983283742,C3
-3.6458915608525992,-3.531870337944132,C3
-3.58838029403677,-3.4661647850358204,C3
-3.5257837359237447,-3.523735431881569,C3
-3.4975728800155674,-3.523735431881569,C3
-3.764471553092451,-3.6667575647155597,C3
-3.694648630553376,-3.595639983283742,C3
-3.692503962086787,-3.531870337944132,C3
-3.6497519816658373,-3.4661647850358204,C3
-3.4449055514216806,-3.523735431881569,C3
-3.5100415205751654,-3.56376318256804,C3
-4.053547734986927,-3.9262234688798414,C3
-4.031984286006359,-3.8635043949982735,C3
-3.9318141382538383,-3.7717660097019725,C3
-3.9318141382538383,-3.721956649870845,C3
-3.899629454882437,-3.742346104731957,C3
-3.8477116556169433,-3.742346104731957,C3
-3.9829666607012197,-3.8722813803166622,C3
-3.962573502059376,-3.777706144165343,C3
-3.9136401693252516,-3.7008109589237237,C3
-3.869666231504994,-3.6575642069360037,C3
-3.7772835288524167,-3.685532488978926,C3
-3.7471469690201067,-3.685532488978926,C3
-3.9956786262173574,-3.835011528468719,C3
-3.958607314841775,-3.738671655281982,C3
-3.8632794328435933,-3.647528828058977,C3
-3.826813731587726,-3.5974140632686415,C3
-3.785156151952302,-3.632077128173742,C3
-3.721246399047171,-3.632077128173742,C3
-3.958607314841775,-3.8259991722194173,C3
-3.87942606879415,-3.732540238612562,C3
-3.785156151952302,-3.6403814739766407,C3
-3.779891911959945,-3.5919862646334138,C3
-3.75448733218585,-3.624722196863409,C3
-3.583359492661719,-3.624722196863409,C3
-3.9244530386074694,-3.7746983753782146,C3
-3.8096683018297086,-3.6821284278857997,C3
-3.7351821769904636,-3.586564146412298,C3
-3.669586226650809,-3.5188202638634527,C3
-3.612610173661271,-3.56376318256804,C3
-3.596879478824182,-3.56376318256804,C3
-3.853871964321762,-3.7746983753782146,C3
-3.835647144215563,-3.6821284278857997,C3
-3.688246138944246,-3.586564146412298,C3
-3.6478174818886377,-3.5188202638634527,C3
-3.625251653989896,-3.56376318256804,C3
-3.5575202309355514,-3.56376318256804,C3
-4.152427340857888,-3.9742199653562778,C3
-4.137272471682025,-3.9398424585869978,C3
-4.094743951251549,-3.9091089857946195,C3
-4.019088062223156,-3.8822341836262986,C3
-4.008773924307505,-3.870433954799796,C3
-4.0,-3.870433954799796,C3
-4.166215625343521,-4.009370654894102,C3
-4.051098239029787,-3.9064270272026715,C3
-3.85078088734462,-3.8617886253240266,C3
-3.853871964321762,-3.8004117062129956,C3
-3.8181564120552274,-3.7957084850960454,C3
-3.876148359032914,-3.7957084850960454,C3
-4.145086977692144,-3.9526064048064553,C3
-4.024108863598207,-3.8717694465607546,C3
-4.001304841688344,-3.8099580824220913,C3
-3.910094888560602,-3.7566339174314622,C3
-3.9244530386074694,-3.7549167531220973,C3
-3.835647144215563,-3.7549167531220973,C3
-4.077793722560983,-3.9388877244237097,C3
-4.013228265733755,-3.86552064641404,C3
-3.9281179926938745,-3.8031242571400874,C3
-3.886056647693163,-3.748033759017546,C3
-3.8416375079047502,-3.742865060277919,C3
-3.8041003475907664,-3.742865060277919,C3
-4.029653123769907,-3.88344611378302,C3
-3.958607314841775,-3.800227879903601,C3
-3.9208187539523753,-3.7656487339379128,C3
-3.8210230527068307,-3.680465711355631,C3
-3.7986028756795487,-3.6872831168088496,C3
-3.744727494896694,-3.6872831168088496,C3
-3.9829666607012197,-3.88344611378302,C3
-3.9030899869919438,-3.800227879903601,C3
-3.853871964321762,-3.7656487339379128,C3
-3.8239087409443187,-3.680465711355631,C3
-3.714442690992226,-3.6872831168088496,C3
-3.6655462488490693,-3.6872831168088496,C3
-4.341988603342887,-4.089126072152637,C3
-4.269217724333611,-4.011739914749343,C3
-4.266802734893431,-3.9829427151585475,C3
-4.169411331314856,-3.9275927473501224,C3
-4.123205023799299,-3.907381020853473,C3
-4.095825631715837,-3.907381020853473,C3
-4.288192770958809,-4.066704688905732,C3
-4.23210238398191,-3.963492590855667,C3
-4.1605219526258015,-3.908745248865417,C3
-4.053056729302175,-3.841461059824001,C3
-4.039053804266168,-3.8339321641375546,C3
-3.9956786262173574,-3.8339321641375546,C3
-4.231361898752385,-4.020955173895053,C3
-4.106793246940152,-3.938021831065302,C3
-4.0670191780768015,-3.876572585762464,C3
-4.013676222949234,-3.8092288647380084,C3
-3.9706162223147903,-3.8002057569104433,C3
-3.9469215565165805,-3.8002057569104433,C3
-4.128427064454121,-4.011439108220146,C3
-4.080398976215889,-3.933249128020476,C3
-4.0301183562535,-3.8728791727989447,C3
-3.9788107009300617,-3.802017779828885,C3
-3.9244530386074694,-3.7903045017548957,C3
-3.886056647693163,-3.7903045017548957,C3
-4.166852888087215,-3.965995929718622,C3
-4.051098239029787,-3.8849109017353434,C3
-3.9829666607012197,-3.839970697112426,C3
-3.9172146296835497,-3.7481523524157163,C3
-3.886056647693163,-3.7491437038626314,C3
-3.838631997765025,-3.7491437038626314,C3
-4.096910013008056,-3.965995929718622,C3
-4.0,-3.8849109017353434,C3
-3.9546770212133424,-3.839970697112426,C3
-3.9030899869919438,-3.7481523524157163,C3
-3.856985199745905,-3.7491437038626314,C3
-3.8181564120552274,-3.7491437038626314,C3
-4.373659632624958,-4.137256780703906,C3
-4.366531544420414,-4.05777613730985,C3
-4.320572103387881,-4.013747034118035,C3
-4.2636034977233574,-3.9644001254406356,C3
-4.202732459169283,-3.94527960686906,C3
-4.1938200260161125,-3.94527960686906,C3
-4.370590400897281,-4.135602250674009,C3
-4.313363730737707,-4.018909627698827,C3
-4.245651664288981,-3.9560173276249535,C3
-4.204119982655925,-3.908106277228692,C3
-4.151195298948196,-3.8962177443022523,C3
-4.098541678603888,-3.8962177443022523,C3
-4.414539270491499,-4.088613575329614,C3
-4.3260580013659125,-3.995766882393175,C3
-4.18111458540599,-3.924996334057895,C3
-4.080921907623926,-3.888558363061435,C3
-4.060480747381382,-3.883014323786655,C3
-4.041914151478915,-3.883014323786655,C3
-4.2335871528876,-4.080993962400816,C3
-4.187755303199631,-3.992288356066141,C3
-4.101823516502323,-3.9225208011735306,C3
-4.041914151478915,-3.885063325191491,C3
-3.9746941347352296,-3.877138587537803,C3
-3.9746941347352296,-3.877138587537803,C3
-4.244887733604929,-4.032225176810613,C3
-4.119186407719209,-3.936421086589943,C3
-4.106793246940152,-3.8881310421799693,C3
-4.083019952679618,-3.8072585158386656,C3
-4.006123085058789,-3.808609914190618,C3
-3.962573502059376,-3.808609914190618,C3
-4.20690839982342,-4.032225176810613,C3
-4.099086932262331,-3.936421086589943,C3
-4.0655015487564325,-3.8881310421799693,C3
-3.9788107009300617,-3.8072585158386656,C3
-3.9281179926938745,-3.808609914190618,C3
-3.8728952016351923,-3.808609914190618,C3
-3.8204482088348124,-3.7473898686938125,C3
-3.655214877367339,-3.670915495679879,C3
-3.591251393815756,-3.5880569363683152,C3
-3.5231683714877393,-3.557057589192493,C3
-3.676129393459491,-3.6573990664358367,C3
-3.556893543262734,-3.5805603278386013,C3
-3.4947143258558677,-3.5271545700670135,C3
-3.454569170534649,-3.501438249631243,C3
-3.6190655366692983,-3.5802674945897506,C3
-3.530177984021837,-3.5114040361609797,C3
-3.4714689393645886,-3.4707427762684038,C3
-3.415216621003492,-3.4349115445597134,C3
-3.5391021572434522,-3.564846593255607,C3
-3.484126156288321,-3.483359561986622,C3
-3.428291168191312,-3.435878982932397,C3
-3.335734199852325,-3.3961001283288588,C3
-4.020998251525279,-3.9396572729887613,C3
-3.9168558568569476,-3.8626946844524905,C3
-3.8161609629435786,-3.7904457776121645,C3
-3.8018930011265986,-3.7302002229604176,C3
-3.9507819773298185,-3.8939324943099645,C3
-3.86359655186601,-3.789082024902898,C3
-3.767257937279263,-3.7625379590627337,C3
-3.7104110474574035,-3.687205169555757,C3
-3.8300318260031077,-3.8163320873298825,C3
-3.6893066876566394,-3.754351298546461,C3
-3.598771832501887,-3.6903270374213935,C3
-3.5678327305574116,-3.6303376844578708,C3
-3.7964232250220276,-3.7548653838371333,C3
-3.694433686484696,-3.6958163784379288,C3
-3.598599459218456,-3.6412568529026976,C3
-3.5371529641683264,-3.5896474317013456,C3
-4.205442248745238,-3.989427685842654,C3
-4.23634742943547,-3.936344027962935,C3
-4.220403508742176,-3.8276171642496313,C3
-4.091675860723821,-3.7829045297226402,C3
-4.186218921825917,-3.9375288153444252,C3
-4.151379882565866,-3.848675248916901,C3
-4.01095084356178,-3.788270739461246,C3
-3.95233580539844,-3.732076949982071,C3
-4.161591721505813,-3.894621809313083,C3
-4.0483225626567,-3.8254505955536735,C3
-3.925915310971756,-3.730079430278658,C3
-3.881404634776238,-3.685202925585261,C3
-4.1042460579262725,-3.8434064457843067,C3
-4.003007018109295,-3.7702763500529652,C3
-3.880084589742009,-3.688964473716478,C3
-3.8486301497525397,-3.647529499989321,C3
-4.411616231621272,-4.161063883121139,C3
-4.2639223629960545,-4.113409147641498,C3
-4.1608992172928465,-4.055606313418267,C3
-4.115261262230368,-3.998067883744226,C3
-4.28844583174983,-4.134731673714191,C3
-4.177439663057307,-4.071127004784684,C3
-4.086610056368245,-4.0365224425838395,C3
-4.076134524814498,-3.9710183358958475,C3
-4.2910694641933835,-4.086100259723597,C3
-4.267767119779502,-4.010262856976338,C3
-4.160773425986565,-3.9845549220724674,C3
-4.111146833017064,-3.9359833232980495,C3
-4.310336034984229,-4.060146806834703,C3
-4.17366599437778,-3.9857800762884095,C3
-4.11605480496572,-3.9633159110753944,C3
-4.103198302335079,-3.9008425300904355,C3
-3.3419886033428874,-2.0582281506543487,C4
-3.394371777992381,-2.010129009162858,C4
-3.376440609994563,-1.9686543548961701,C4
-3.1932774969238187,-2.093976898574479,C4
-3.35222594973117,-2.05289381253779,C4
-3.6138578910691814,-1.966602689299715,C4
-3.6004993386853896,-1.9602263428489881,C4
-3.1782900027016234,-2.0418012936142573,C4
-3.24275584897803,-1.9929173587468298,C4
-3.3380927072339794,-1.9251623991835867,C4
-3.1318259591403614,-1.9362480545448273,C4
-3.176395371644842,-2.0755321526672104,C4
-3.153786636120613,-2.039797487877893,C4
-3.2754783728814374,-1.8937722202752165,C4
-3.1942952955661355,-1.8739820137173069,C4
-3.466863711721361,-2.3718640864787464,C4
-3.4327383076461255,-2.3419744860154257,C4
-3.3856301604517114,-2.2686447685836018,C4
-3.4403327216119424,-2.2460066284055777,C4
-3.5553307690614755,-2.330040368720173,C4
-3.4549404153059973,-2.323999974465579,C4
-3.6324577264794233,-2.2532151723826175,C4
-3.4834646261042006,-2.243460252444765,C4
-3.5380515047962384,-2.2877390055349123,C4
-3.4411714751829883,-2.2976168540311757,C4
-3.6890943706238586,-2.25529357440172,C4
-3.54821356447571,-2.31296998568568,C4
-3.654822383457296,-2.3053242236562386,C4
-3.6587633767613075,-2.6221622038692165,C4
-3.5756084455897224,-2.6281483726771184,C4
-3.579384229374235,-2.6344829246669947,C4
-3.660151216962363,-2.5613789681945103,C4
-3.6619421245802437,-2.57541935316021,C4
-3.7321245806811025,-2.6163825089471944,C4
-3.7864822430036953,-2.6311424613689427,C4
-3.6629402736794754,-2.553102128401646,C4
-3.597566653780688,-2.5446529113418794,C4
-3.6118987984294835,-2.577456662395531,C4
-3.4346244972859266,-2.595595332525972,C4
-3.726767165956954,-2.476520264767205,C4
-3.514988785421427,-2.4817424373622847,C4
-3.8677403104689554,-2.9671984352470577,C4
-3.90031935889075,-2.94950333033457,C4
-3.9034375616258643,-2.907110639252169,C4
-3.9943905546397196,-3.000087387790616,C4
-3.937418015771837,-2.987972682823416,C4
-3.963371104637839,-2.909475788055727,C4
-4.0126019008629825,-2.9421671328938106,C4
-3.958212681028248,-2.955765133166914,C4
-3.95506845385084,-2.982178071939002,C4
-3.90622821850127,-2.9074594361143147,C4
-3.8738685927380154,-2.9257996556165895,C4
-4.003138231509326,-2.9439575793362063,C4
-3.909741947068684,-2.948090348438564,C4
-3.95311480916229,-2.8817829521252487,C4
-3.8979094744881633,-2.9007662114362427,C4
-2.6689778289581714,-2.061488889214502,C4
-2.5760990814715834,-2.0499449183087015,C4
-2.324038450357831,-2.0227249317660108,C4
-2.602755418989614,-2.031767422809033,C4
-2.6190655366692983,-2.020698825564799,C4
-2.611721136540361,-2.0148330896470745,C4
-2.357931372658496,-2.012800261187046,C4
-2.494850021680094,-2.0154272139302742,C4
-2.528561592610701,-2.0053259199220723,C4
-2.5257837359237447,-2.014180824331013,C4
-2.4861168143889074,-2.022941336949222,C4
-2.643209539648284,-1.967588945320695,C4
-2.7323590176540846,-1.9581694249858796,C4
-2.4977094720852273,-1.9666345698732757,C4
-2.5124374397436218,-1.9554741966693439,C4
-3.2187474057515435,-2.325561364695585,C4
-2.996970529446382,-2.3593652342638007,C4
-3.3510548178343273,-2.3628403431762868,C4
-3.000347574633921,-2.2796484689523675,C4
-3.068033885271827,-2.2685798717081336,C4
-3.0087739243075053,-2.330839340486131,C4
-3.268653024454045,-2.3733423984506357,C4
-3.106071873457393,-2.2197305021502305,C4
-3.002613615602687,-2.285556680309909,C4
-3.0081539463551032,-2.334455921157159,C4
-3.237621570688036,-2.2186278964926736,C4
-3.4068247365218975,-2.284543801366201,C4
-3.1544059068399757,-2.298254865737059,C4
-3.448794056252094,-2.496416710727631,C4
-3.527389802403955,-2.4853481134833966,C4
-3.5967078548417457,-2.598673203781478,C4
-3.6667543010380372,-2.436263571975496,C4
-3.5888855814490954,-2.4261622779672933,C4
-3.5108856306210807,-2.451294215042074,C4
-3.7602001815529014,-2.8434421073617213,C4
-3.845576026885353,-2.8523944278548963,C4
-3.7757259857057424,-3.0622837296030605,C4
-3.787013815263332,-3.040337040031516,C4
-3.8843894883257004,-3.060895066091133,C4
-3.8306195046880505,-2.7837222296578,C4
-1.9974020192800914,-1.3111766992891687,C4
-1.9457700901366028,-1.2058947325845442,C4
-2.1623484421536077,-1.1692075558732427,C4
-2.1465451586319335,-1.1205450967713082,C4
-2.1242444207419453,-1.2665910534591638,C4
-2.077949597832826,-1.1504648147967722,C4
-2.2027324591692836,-0.9789585314215368,C4
-1.4050552633049167,-0.9398626384438756,C4
-1.4345063701311376,-1.1400871587365977,C4
-1.5676722077383958,-1.0050046889038582,C4
-1.46167766676856,-0.9513530831948769,C4
-2.15602015552184,-0.9452237424190502,C4
-1.4633153273790698,-1.2069566952669988,C4
-1.3549709352788575,-1.1736406056858302,C4
-1.2692984557181548,-1.079245455559286,C4
-1.1298888446355992,-1.13474110595186,C4
-1.8904214530956134,-1.6699228161500648,C4
-1.901356274182943,-1.5486339375207998,C4
-1.9480760839538935,-1.5308868484305493,C4
-1.9480760839538935,-1.520246182314414,C4
-1.7672579372792632,-1.4841359492629813,C4
-1.7309542903423771,-1.3117190731366475,C4
-1.750801642608887,-1.2300398158357098,C4
-1.5972229303896526,-1.2146483245496444,C4
-1.6942188487450178,-1.4017699550461613,C4
-1.5897290357478155,-1.2780498939977663,C4
-1.6337638762817068,-1.307674057729821,C4
-1.6092414712612828,-1.2333711474923994,C4
-1.6836102489268046,-1.4409542260926658,C4
-1.6073030467403342,-1.2865561178686387,C4
-1.5436339668709569,-1.1477141340444281,C4
-1.4752145506787775,-1.144572594798564,C4
-1.9854794612420763,-1.9023220826632,C4
-1.8823973083099157,-1.7802164411493078,C4
-1.9321854888381598,-1.6890447438116645,C4
-1.999132278468773,-1.6969570405084504,C4
-1.9453869454431123,-1.7936006995947784,C4
-1.960585880823863,-1.6635547067991314,C4
-1.91721462968355,-1.6019217493543778,C4
-1.917573699139228,-1.5750630290892176,C4
-1.9277501023864851,-1.7622928453455842,C4
-1.8377343857019786,-1.581738305878579,C4
-1.8271053022478239,-1.520955322775167,C4
-1.8495505905391194,-1.5394539200409667,C4
-1.940815382368629,-1.7039746566852907,C4
-1.8517059025652542,-1.5243581165656193,C4
-1.7910214827237465,-1.4896994840531577,C4
-1.7290883605895189,-1.4772493861305311,C4
-2.077326432141446,-2.281066866535535,C4
-2.3839448050234138,-2.1625247005843145,C4
-2.3497896453396407,-2.128300152356836,C4
-2.1645631051981415,-2.0494482878015323,C4
-2.250109158728578,-2.262264705815301,C4
-2.536405597813,-2.08649482803412,C4
-2.443576878628715,-2.055177034844925,C4
-2.3204812563042108,-1.974226968282916,C4
-2.128485441291618,-2.249332722409023,C4
-2.2163822348092515,-2.037119710417136,C4
-2.346690987061521,-1.9446574694962775,C4
-2.2974833025618495,-1.8683279967710977,C4
-2.370386554621817,-2.1851492109155637,C4
-2.311224344727155,-1.965852050496198,C4
-2.2400301424456925,-1.8845051199282035,C4
-2.138286412428566,-1.8154806550190186,C4
-1.563519304990505,-1.2511256687303567,C4
-1.5630426693305504,-1.19076160154439,C4
-1.5474469367710746,-1.1045636530854293,C4
-1.5502131530142267,-1.2151409400142812,C4
-1.4685210829577449,-1.1594449448656374,C4
-1.3380927072339792,-1.0867908372242978,C4
-1.2543787786930616,-1.059656603837636,C4
-1.9430951486635273,-1.5264738606592974,C4
-1.868702203402377,-1.560459737551492,C4
-1.8598063214213687,-1.4964929690128208,C4
-1.8504729862456522,-1.381206653272996,C4
-1.8213107602244103,-1.447359152480935,C4
-1.8195873671616762,-1.4540098659951344,C4
-1.7130946470276252,-1.3658329415129076,C4
-1.7594507517174003,-1.2724930428208556,C4
-1.7975116829399065,-1.4507384940034689,C4
-1.784626847216578,-1.4152599552712997,C4
-1.6876110506294082,-1.3436704213000032,C4
-1.6127881996862694,-1.254618219524054,C4
-1.8693446509779694,-1.3829318372357169,C4
-1.6591594501876685,-1.345371867161018,C4
-1.6087119514047026,-1.2498691202341217,C4
-1.4945786724167192,-1.1392851485520856,C4
-2.0492944652261387,-1.963961716755743,C4
-1.9948194874962197,-2.015229489763125,C4
-1.9457700901366028,-1.9498915448974377,C4
-1.9118639112994487,-1.9385170510711311,C4
-1.9430951486635273,-1.9750918543928035,C4
-2.0283531179356933,-1.8710746099856388,C4
-1.9593976598859268,-1.8181199876061076,C4
-1.9621752494116582,-1.9095649203564367,C4
-1.940815382368629,-1.8991686011606783,C4
-1.9351677802614262,-1.7818656425535786,C4
-1.839231438138872,-1.7167164719490595,C4
-1.9318141382538383,-1.807863502562422,C4
-1.969400278034049,-1.8143465056912618,C4
-1.9233595563296582,-1.7096000664887976,C4
-1.794254459057338,-1.6525034531664224,C4
-1.9779842601822797,-2.1071549979274224,C4
-2.1922620779858994,-2.1613725392395327,C4
-2.047885915093007,-2.121341470404489,C4
-2.245498770613083,-2.0687032608889733,C4
-2.1312967977214634,-2.0705379055653474,C4
-2.120388092934149,-2.0922416783969653,C4
-2.144420277498282,-2.0408995226630093,C4
-2.429223631205252,-2.0017124877177244,C4
-2.105850153232078,-2.0673487752549184,C4
-2.181576144907921,-2.0417984449637547,C4
-2.1527358982292357,-1.9958166644466808,C4
-2.1405014418122237,-1.9415764722947888,C4
-2.0877779434675845,-1.9957527669952198,C4
-2.144359719109855,-1.9711675294520983,C4
-2.1010555331334904,-1.9121123238357944,C4
-2.206419132631844,-1.8583578983745583,C4
-3.4138629747692066,-3.099802902540973,C4
-3.509479690636651,-2.9901740759780555,C4
-3.303294219066083,-2.9378197414255047,C4
-3.389978975335855,-2.9468353354167083,C4
-3.421590029668764,-3.0390368987811085,C4
-3.4108326094539523,-2.932508401449889,C4
-3.343422708603886,-2.9002927965316654,C4
-3.435452288244052,-2.9711302943695808,C4
-3.3202088290196454,-2.905508373288836,C4
-3.3287345670528414,-2.86467416413948,C4
-3.403622856002401,-2.863509116555781,C4
-3.4792545284805176,-2.9295826027763816,C4
-3.3932962586663256,-2.8824603926852173,C4
-3.3853136577179876,-2.836014738738138,C4
-3.256020134758157,-2.847460060113441,C4
-3.8658228924232336,-3.375670566203588,C4
-3.898596649444669,-3.2823979686731017,C4
-3.923359556329658,-3.1880711160804482,C4
-3.7977842241988684,-3.2970724325639855,C4
-3.8495505905391196,-3.1829919587423685,C4
-3.6989700043360187,-3.166646444810525,C4
-3.763966852882364,-3.155687567495331,C4
-3.666149854897455,-3.2256850756943867,C4
-3.5728385970740346,-3.1518281031575013,C4
-3.661543506395395,-3.1255533253612167,C4
-3.628193541492584,-3.1300067037532195,C4
-3.8629625452104874,-3.2060303730992072,C4
-3.6482036931029764,-3.1094976961297482,C4
-3.5641556340155587,-3.092015919146135,C4
-3.5900668766687054,-3.0892492199614994,C4
-4.353498249968388,-3.684412170338234,C4
-4.201832940284061,-3.6331335656723254,C4
-4.258927227626678,-3.6122633689559986,C4
-4.30285787372454,-3.6033063445060463,C4
-4.078157518594142,-3.55811226571574,C4
-4.288024145648245,-3.58054025958302,C4
-4.266241164412797,-3.505538912772287,C4
-4.042105512787102,-3.482103655903658,C4
-4.068643849532072,-3.4672334600209958,C4
-4.169603823516531,-3.5833765197868024,C4
-4.0742754730639374,-3.506922492804076,C4
-4.002744710179897,-3.4841562218379027,C4
-4.108016769148033,-3.4454032192764923,C4
-4.328271911760442,-4.014070871242802,C4
-4.326886895761766,-4.035412237147056,C4
-4.2413151501175586,-4.0255821929468505,C4
-4.182765269574502,-3.9991218273090707,C4
-4.339324211661476,-4.098593273311683,C4
-4.293709042741237,-3.9873693995148094,C4
-4.277695213125672,-3.97681612657185,C4
-4.278106983785043,-3.951729270684371,C4
-4.505706231334667,-4.039515532111113,C4
-4.326794718220955,-3.945560686152793,C4
-4.297569463554475,-3.920300967470541,C4
-4.581367312645934,-3.8866406935126183,C4
-4.61261017366127,-3.9988346460281274,C4
-4.413637776692134,-3.8875763454697383,C4
-4.599980364934842,-3.8617960396977913,C4
-4.305131672017544,-3.8538645569657257,C4
-4.566870482419515,-3.689833702315045,C4
-4.500863005462617,-3.6151512483745676,C4
-4.324863495532006,-3.5041180245783514,C4
-4.320481256304211,-3.6292451477596805,C4
-4.2165252124177535,-3.5555415634047502,C4
-4.242907779881067,-3.494701552291988,C4
-4.334606649720288,-3.462587028454167,C4
-4.00864099736205,-3.604166557347939,C4
-4.089802630033999,-3.5352876161080027,C4
-3.9427143555817854,-3.482461725622908,C4
-3.869344650977969,-3.4440455672573704,C4
-4.384470776362868,-3.5644128937811805,C4
-3.8992849134269183,-3.5073879224056728,C4
-3.8523236757589014,-3.449688348435927,C4
-3.9344202852715515,-3.399439416443611,C4
-4.592269271973665,-3.9275483203777655,C4
-4.509058794643213,-3.8317609947776097,C4
-4.70245833218184,-3.9450637831642976,C4
-4.466227941615282,-3.8597893106377668,C4
-4.85078088734462,-3.76323290384419,C4
-4.503762454833264,-3.7200251374923763,C4
-4.470441326978837,-3.8567850802048698,C4
-4.668572703479257,-3.7568420043503,C4
-4.313810765755976,-3.6401472980284506,C4
-4.417028070895194,-3.8292147728221355,C4
-4.303468880030393,-3.7389889892562995,C4
-4.128602218512516,-3.6650289948210584,C4
-4.380384994257193,-3.610275192566138,C4
-4.790484985457369,-4.182931440828231,C4
-4.552221990705379,-4.134225754447774,C4
-4.519131076312832,-4.047059851052666,C4
-4.414539270491499,-4.108688140829391,C4
-4.598944274228156,-3.9870212152979847,C4
-4.531652669587842,-3.9362542257261857,C4
-4.69637202361611,-4.094818555265761,C4
-4.70245833218184,-4.0298917369239335,C4
-4.4971633613789965,-3.9223294057036737,C4
-4.520280764560429,-3.8905629405521474,C4
-4.708853238268114,-4.056811057692242,C4
-4.380489279161502,-3.9839377581120385,C4
-4.660151216962363,-3.8893875329679055,C4
-4.497299824689438,-3.858249803574972,C4
-4.781202001888262,-4.169115276465229,C4
-4.79805693659835,-4.073189730784247,C4
-5.416008200801683,-4.081924102772386,C4
-4.750801642608887,-4.046311673992728,C4
-3.694648630553376,-3.250049224560665,C4
-3.657379957446652,-3.1450732155633143,C4
-3.579384229374235,-3.1032321859797927,C4
-3.641113795594131,-3.081255521894109,C4
-3.6671577330056486,-3.1737430377848104,C4
-3.630413109263656,-3.0921712656068454,C4
-3.597910649427903,-3.0526431276522716,C4
-3.577410160148518,-3.0599818389438407,C4
-3.6226937489318014,-3.1273584779969843,C4
-3.6239708182718195,-3.052970123008438,C4
-3.5860300282519386,-3.0096619053937443,C4
-3.4861168143889074,-3.0355199730164357,C4
-3.681727919788373,-3.097824442252335,C4
-3.550830267834799,-3.0195372770309286,C4
-3.514562518923699,-2.9716812741081715,C4
-3.4809599613516555,-2.9948025518777626,C4
-3.5511391543925592,-3.0656052216819076,C4
-3.5654310959658013,-2.994961885249327,C4
-3.4616776667685603,-2.9332312811372576,C4
-3.4272445348457805,-2.9551676498018393,C4
-3.4609239012072233,-3.0316289600386437,C4
-3.465973893943865,-2.9689491636742162,C4
-3.4377071355435254,-2.8935944577874118,C4
-3.3408447190593704,-2.9168363846913197,C4
-4.057991946977687,-3.559262594702118,C4
-4.023283295636618,-3.5134003590193257,C4
-3.96738123914928,-3.454444823238675,C4
-4.091944125901233,-3.5549858859888523,C4
-4.030490901403433,-3.4807790245849257,C4
-3.958212681028248,-3.4579187278028956,C4
-3.926648297613099,-3.414642772286666,C4
-4.058389197846366,-3.5265867903401418,C4
-3.9935339577507682,-3.4327244154911107,C4
-3.9427143555817854,-3.386756339479449,C4
-3.898596649444669,-3.376821635272424,C4
-3.9689957186364633,-3.4123701526175028,C4
-3.9139962943816182,-3.3486292829150828,C4
-3.871277715661573,-3.335832496876057,C4
-3.9562448730313204,-3.429103136067328,C4
-3.8827287043442356,-3.3674568329241508,C4
-3.8167301563171954,-3.30500042654971,C4
-3.799696817018415,-3.2959325873943577,C4
-3.889747082646597,-3.370880202488237,C4
-3.7090754406172457,-3.311994749634733,C4
-3.719649306953994,-3.238407238298363,C4
-3.743041847439068,-3.236044858944402,C4
-4.396747338018353,-3.8175884001281544,C4
-4.351054817834328,-3.725317456599612,C4
-4.231657941355467,-3.6371425065704166,C4
-4.296536658116707,-3.7575150511322253,C4
-4.219754716134648,-3.643608693422657,C4
-4.191518943434049,-3.5941389428228865,C4
-4.136617651559212,-3.5588680068383622,C4
-4.279179418229656,-3.7383228245615414,C4
-4.208239195987095,-3.6251651831290466,C4
-4.1898347154568505,-3.576100427086058,C4
-4.106460156435339,-3.5534899495000527,C4
-4.25072759170158,-3.6961737206309575,C4
-4.178486471595227,-3.5948149606255906,C4
-4.120330794367947,-3.5455247034852344,C4
-4.0742754730639374,-3.5203073165403933,C4
-4.156082361993608,-3.612629460234208,C4
-4.098759697926691,-3.534481726172835,C4
-4.037678027270416,-3.477515532348697,C4
-3.9926790470772553,-3.4497035788891073,C4
-4.090550953018734,-3.522406236102016,C4
-4.0192242260373785,-3.4537959301222445,C4
-3.96617430604669,-3.391487882417317,C4
-3.9118639112994487,-3.377353538653858,C4
-4.718285029972704,-4.039513151388335,C4
-4.631899148290649,-4.011575197414788,C4
-4.548367052543009,-3.9321642629220306,C4
-4.621420423884225,-4.084571947009494,C4
-4.568797115443483,-3.971105599359119,C4
-4.481354475669688,-3.9520548035356335,C4
-4.474436941729933,-3.8993563288256374,C4
-4.581036169296377,-4.014670218687108,C4
-4.5111673656176,-3.8888914339729124,C4
-4.457423523739471,-3.864810935315342,C4
-4.423083044034793,-3.8553775798312393,C4
-4.5409092103994135,-3.9665236187648008,C4
-4.47134035476501,-3.8561348690015165,C4
-4.414200990986999,-3.8219566182335165,C4
-4.3892334052267294,-3.804536473287137,C4
-4.478731124401615,-3.8519299906370903,C4
-4.389872386924004,-3.784317885648103,C4
-4.337242168318426,-3.7302325299648036,C4
-4.298691114771925,-3.7079832347496486,C4
-4.382999658879101,-3.77201638848689,C4
-4.316682738078117,-3.706020221452942,C4
-4.263364502313179,-3.651850403988179,C4
-4.208660296034861,-3.623709556495674,C4
-4.863913902615902,-4.55358755027611,C4
-4.35144484433733,-4.6025235278194865,C4
-4.698319050706424,-4.593352497842723,C4
-5.05492551152127,-4.417651643902638,C4
-4.9657727392294495,-4.417556337244735,C4
-4.945004138470859,-4.358989418580008,C4
-4.703554205793604,-4.351555718345241,C4
-5.029978734171634,-4.352827326926811,C4
-4.896538377905295,-4.336902925541731,C4
-4.815876645760329,-4.30428497436806,C4
-4.478469658721289,-4.146818141722804,C4
-4.418164075942352,-4.159719405250455,C4
-4.544698228342924,-4.1097365204915155,C4
-4.439017944413765,-4.305407494965241,C4
-4.439495584804943,-4.1921013287306765,C4
-4.461426266193144,-4.170596977217509,C4
-4.416461180745648,-4.133293853853439,C4
-4.681310730052254,-4.126925841114855,C4
-4.14417809459397,-4.006335467007804,C4
-4.303905840004776,-3.919184242011064,C4
-4.151379882565866,-3.80814091964707,C4
-4.204258979130756,-3.8712575039945945,C4
-4.344285450381291,-3.8171012136645666,C4
-4.118900781610983,-3.776309138966702,C4
-3.833273944419948,-3.7215143575624348,C4
-4.30189945437661,-3.848642556697183,C4
-4.194703083842015,-3.7441097573235753,C4
-4.212327035312507,-4.047979123979319,C4
-4.294392836595395,-3.9395160559745657,C4
-4.265360161012301,-3.879627172249935,C4
-4.302334837352325,-3.860002222261554,C4
-4.163992540874468,-3.8053287289654634,C4
-4.118387127521651,-3.8123006883350223,C4
-4.268814292366,-3.900093176523933,C4
-3.7115271994002175,-3.666768728566942,C4
-3.910801633194851,-3.569376629018715,C4
-3.6635402661514704,-3.5843652217323014,C4
-3.8002448227465253,-3.601383560638584,C4
-3.772370350428991,-3.668141951712624,C4
-3.9125735429637145,-3.5850187862926592,C4
-3.838631997765025,-3.547044203857662,C4
-3.63714069704132,-3.5493630312615587,C4
-4.022276394711152,-3.655313576477866,C4
-3.9775716288145135,-3.5630160871844523,C4
-3.8900841369762067,-3.526051366597238,C4
-3.700057099977233,-3.517899694497728,C4
-3.9714287473074625,-3.6112992132866926,C4
-3.938547520912807,-3.5625782453292545,C4
-3.9570309266068198,-3.5084292782713544,C4
-3.8486301497525397,-3.4938510627407005,C4
-3.503901007867429,-3.1883217268487125,C4
-3.4775557664936803,-3.126444485847118,C4
-3.3965308402661614,-3.38100473890432,C4
-3.441291429466834,-3.2601461802098606,C4
-3.327255801693401,-3.1828416224408627,C4
-3.3673402867060864,-3.135836366741116,C4
-3.612432220582811,-3.3554242773522374,C4
-3.5015515968260003,-3.2641473141432296,C4
-3.426316306906202,-3.1654552995520286,C4
-3.4516105818670817,-3.120786985405637,C4
-3.4108326094539523,-3.001105774674152,C4
-3.4303920324531756,-2.843711587844483,C4
-3.2352262830889598,-2.7612537191403694,C4
-3.1802587027269897,-2.8002369040670243,C4
-3.503485481302255,-2.965151117032308,C4
-3.1582652210252564,-2.835225755478877,C4
-3.4121768286810448,-2.776139790510205,C4
-3.1414026550053076,-2.7834810930269107,C4
-3.3477536589966768,-2.9611370324074913,C4
-3.3396089015975328,-2.8199692518163286,C4
-3.0582401861853046,-2.76243258934821,C4
-3.0672219299394494,-2.7412593557514753,C4
-3.116622510251661,-2.99102834099569,C4
-3.3813244611148603,-2.8373909600309863,C4
-3.205024255948868,-2.7751503461880422,C4
-3.243135775939451,-2.7476927366190798,C4
-4.717831221695358,-4.042044280833086,C4
-4.659952682338607,-3.938454689609573,C4
-4.730020323354676,-3.834245659151314,C4
-4.853561864714226,-3.7479126387237054,C4
-4.6278247138849355,-3.978835611751795,C4
-4.603451962012868,-3.8687209885712983,C4
-4.566550206238404,-3.742972374629569,C4
-4.596707854841746,-3.708699336233537,C4
-4.534022631714177,-3.921309967569092,C4
-4.514846650096348,-3.8067568554290436,C4
-4.500725418107782,-3.6969301287801817,C4
-4.409158165218398,-3.646093329124277,C4
-4.522444667801019,-3.866740626022269,C4
-4.466990977504515,-3.755557568865534,C4
-4.406381691870464,-3.610765668423335,C4
-4.191586448599632,-3.5467901730932194,C4
-4.603626272463494,-4.047123281897432,C4
-4.6074789100680675,-3.944583872756683,C4
-4.666754301038037,-3.8395843777735457,C4
-4.559248299520815,-3.7580973539252644,C4
-4.525055664534612,-4.015785065245913,C4
-4.4156687756324695,-3.9040425602124254,C4
-4.416687848016922,-3.7809340458394596,C4
-4.471597562046383,-3.738702049216577,C4
-4.554863031286696,-3.988589903702027,C4
-4.556424120249742,-3.881317510309263,C4
-4.566230166075134,-3.763020111667596,C4
-4.574302786637409,-3.7161692809595013,C4
-4.620875853929608,-3.9206551747111935,C4
-4.558619115083489,-3.8317150652878484,C4
-4.518270803039984,-3.712479032731568,C4
-4.532391894416366,-3.643599525824571,C4
-4.896538377905295,-4.191559047229727,C4
-4.841336019186011,-4.102489317958873,C4
-4.892111974817201,-4.048765549288674,C4
-4.834162375309872,-4.247602206488416,C4
-4.826813731587726,-4.154605734979334,C4
-4.7251496799833355,-4.045696687030886,C4
-4.705754283861882,-4.009806868499113,C4
-4.835349784065703,-4.202155639559857,C4
-4.6118987984294835,-4.137967584494592,C4
-4.570570735618213,-4.0218197652865255,C4
-4.6076548446387955,-4.006420015713366,C4
-4.82131076022441,-4.138389281481862,C4
-4.750801642608887,-4.058641995271834,C4
-4.55455148573395,-3.963966488924799,C4
-4.4185054577091005,-3.916257756007794,C4
-4.995678626217358,-4.478588295150513,C4
-5.078781878805049,-4.425174753886412,C4
-5.025995203102585,-4.298256814918847,C4
-5.179929965687674,-4.220407305937219,C4
-5.115998075231213,-4.410135490447982,C4
-5.00943917000598,-4.379423500768012,C4
-4.868060704789576,-4.143470145481079,C4
-4.962972120244225,-4.417593367680206,C4
-4.99225222199926,-4.355307870090592,C4
-4.916139199133427,-4.166775725483706,C4
-4.856360764725457,-4.089975413567858,C4
-5.02525809549905,-4.364641558803533,C4
-5.120904120499927,-4.258405875556933,C4
-4.874518734299406,-4.105444030304807,C4
-4.72792621249999,-4.028350100445121,C4
